machine_id,run_id,segment_id,start_time,end_time,duration_seconds,row_count,median_interval_seconds,number_of_gaps_before_segment,safe_for_5min_label,safe_for_10min_label
0890dcc046c079acc4de4202,1c32e36e-8e45-4887-823e-0ee6de7a5cfe,0890dcc046c079acc4de4202__1c32e36e-8e45-4887-823e-0ee6de7a5cfe__seg_001,2026-08-08 20:27:13.249000+00:00,2026-08-08 23:19:08.221000+00:00,10314.972,5187,2.0,0,True,True
0890dcc046c079acc4de4202,5d46b502-68d6-4762-adf6-dfc2fa98f132,0890dcc046c079acc4de4202__5d46b502-68d6-4762-adf6-dfc2fa98f132__seg_001,2026-08-07 22:20:41.741000+00:00,2026-08-08 00:14:44.979000+00:00,6843.238,3439,2.0,0,True,True
0890dcc046c079acc4de4202,6835f125-a038-4092-beff-5107ae998b39,0890dcc046c079acc4de4202__6835f125-a038-4092-beff-5107ae998b39__seg_001,2026-07-25 14:45:59.803000+00:00,2026-07-25 16:45:56.941000+00:00,7197.138,3600,2.0,0,True,True
0890dcc046c079acc4de4202,6ae194e7-276b-4eef-94d3-d67c6be4b535,0890dcc046c079acc4de4202__6ae194e7-276b-4eef-94d3-d67c6be4b535__seg_001,2026-08-10 17:37:57.414000+00:00,2026-08-10 19:19:04.694000+00:00,6067.28,3049,2.0,0,True,True
0890dcc046c079acc4de4202,795ee584-86ed-4fe5-b317-3d022b850274,0890dcc046c079acc4de4202__795ee584-86ed-4fe5-b317-3d022b850274__seg_001,2026-08-10 13:49:30.872000+00:00,2026-08-10 16:37:38.440000+00:00,10087.568,5072,2.0,0,True,True
0890dcc046c079acc4de4202,795ee584-86ed-4fe5-b317-3d022b850274,0890dcc046c079acc4de4202__795ee584-86ed-4fe5-b317-3d022b850274__seg_002,2026-08-10 16:52:44.264000+00:00,2026-08-10 16:53:29.658000+00:00,45.394,24,1.996,1,False,False
0890dcc046c079acc4de4202,795ee584-86ed-4fe5-b317-3d022b850274,0890dcc046c079acc4de4202__795ee584-86ed-4fe5-b317-3d022b850274__seg_003,2026-08-10 17:08:48.483000+00:00,2026-08-10 17:17:59.322000+00:00,550.839,278,2.001,2,True,False
0890dcc046c079acc4de4202,89cdc34b-e02b-43b4-9284-144276df508a,0890dcc046c079acc4de4202__89cdc34b-e02b-43b4-9284-144276df508a__seg_001,2026-07-23 15:00:46.964000+00:00,2026-07-23 18:54:00.968000+00:00,13994.004,6998,2.0,0,True,True
0890dcc046c079acc4de4202,89cdc34b-e02b-43b4-9284-144276df508a,0890dcc046c079acc4de4202__89cdc34b-e02b-43b4-9284-144276df508a__seg_002,2026-07-23 19:03:37.276000+00:00,2026-07-23 20:03:10.848000+00:00,3573.572,1788,1.999,1,True,True
0890dcc046c079acc4de4202,90c048bb-46c5-4345-a113-d3bc37b876cb,0890dcc046c079acc4de4202__90c048bb-46c5-4345-a113-d3bc37b876cb__seg_001,2026-08-08 23:47:21.330000+00:00,2026-08-09 01:32:38.342000+00:00,6317.012,3175,2.0,0,True,True
0890dcc046c079acc4de4202,91548461-a81c-48c6-9755-5ce04a90cc67,0890dcc046c079acc4de4202__91548461-a81c-48c6-9755-5ce04a90cc67__seg_001,2026-08-05 19:15:39.064000+00:00,2026-08-05 19:16:10.033000+00:00,30.969,16,2.014,0,False,False
0890dcc046c079acc4de4202,aa94b19f-b5c4-474e-ba62-cf034f43347f,0890dcc046c079acc4de4202__aa94b19f-b5c4-474e-ba62-cf034f43347f__seg_001,2026-08-10 17:18:26.147000+00:00,2026-08-10 17:37:12.142000+00:00,1125.995,564,2.0,0,True,True
0890dcc046c079acc4de4202,aa94b19f-b5c4-474e-ba62-cf034f43347f,0890dcc046c079acc4de4202__aa94b19f-b5c4-474e-ba62-cf034f43347f__seg_002,2026-08-10 17:37:46.371000+00:00,2026-08-10 17:37:52.173000+00:00,5.802,4,1.882,1,False,False
0890dcc046c079acc4de4202,b061a54a-3bc5-4bda-8e62-43c18a5efae6,0890dcc046c079acc4de4202__b061a54a-3bc5-4bda-8e62-43c18a5efae6__seg_001,2026-08-07 11:42:00.620000+00:00,2026-08-07 12:47:45.278000+00:00,3944.658,1981,2.001,0,True,True
0890dcc046c079acc4de4202,c3c80671-0ec8-4d3f-b82d-88838f02de24,0890dcc046c079acc4de4202__c3c80671-0ec8-4d3f-b82d-88838f02de24__seg_001,2026-08-07 21:52:20.405000+00:00,2026-08-07 22:10:14.057000+00:00,1073.652,538,2.0,0,True,True
7232bc533c21ce408d45d473,19127a70-e60c-4b47-b3e6-71e89175c174,7232bc533c21ce408d45d473__19127a70-e60c-4b47-b3e6-71e89175c174__seg_001,2026-07-29 13:35:20.985000+00:00,2026-07-29 13:45:26.708000+00:00,605.723,211,2.125,0,True,False
7232bc533c21ce408d45d473,1e11f9c7-7d25-4a5d-ae2a-f9bc6e91415d,7232bc533c21ce408d45d473__1e11f9c7-7d25-4a5d-ae2a-f9bc6e91415d__seg_001,2026-08-03 20:39:06.889000+00:00,2026-08-03 21:16:10.482000+00:00,2223.593,1055,2.0054999999999996,0,True,True
7232bc533c21ce408d45d473,1e11f9c7-7d25-4a5d-ae2a-f9bc6e91415d,7232bc533c21ce408d45d473__1e11f9c7-7d25-4a5d-ae2a-f9bc6e91415d__seg_002,2026-08-03 21:16:20.957000+00:00,2026-08-03 21:27:28.957000+00:00,668.0,300,2.01,1,True,True
7232bc533c21ce408d45d473,1e11f9c7-7d25-4a5d-ae2a-f9bc6e91415d,7232bc533c21ce408d45d473__1e11f9c7-7d25-4a5d-ae2a-f9bc6e91415d__seg_003,2026-08-03 21:27:39.127000+00:00,2026-08-03 21:33:56.233000+00:00,377.106,179,2.004,2,True,False
7232bc533c21ce408d45d473,1e11f9c7-7d25-4a5d-ae2a-f9bc6e91415d,7232bc533c21ce408d45d473__1e11f9c7-7d25-4a5d-ae2a-f9bc6e91415d__seg_004,2026-08-03 21:34:08.638000+00:00,2026-08-03 21:34:08.638000+00:00,0.0,1,,3,False,False
7232bc533c21ce408d45d473,1e11f9c7-7d25-4a5d-ae2a-f9bc6e91415d,7232bc533c21ce408d45d473__1e11f9c7-7d25-4a5d-ae2a-f9bc6e91415d__seg_005,2026-08-03 21:34:19.249000+00:00,2026-08-03 21:34:32.424000+00:00,13.175,3,6.5875,4,False,False
7232bc533c21ce408d45d473,1e11f9c7-7d25-4a5d-ae2a-f9bc6e91415d,7232bc533c21ce408d45d473__1e11f9c7-7d25-4a5d-ae2a-f9bc6e91415d__seg_006,2026-08-03 21:34:45.364000+00:00,2026-08-03 21:34:45.364000+00:00,0.0,1,,5,False,False
7232bc533c21ce408d45d473,1e11f9c7-7d25-4a5d-ae2a-f9bc6e91415d,7232bc533c21ce408d45d473__1e11f9c7-7d25-4a5d-ae2a-f9bc6e91415d__seg_007,2026-08-03 21:34:56.292000+00:00,2026-08-03 21:34:56.292000+00:00,0.0,1,,6,False,False
7232bc533c21ce408d45d473,1e11f9c7-7d25-4a5d-ae2a-f9bc6e91415d,7232bc533c21ce408d45d473__1e11f9c7-7d25-4a5d-ae2a-f9bc6e91415d__seg_008,2026-08-03 21:35:08.904000+00:00,2026-08-03 21:35:08.904000+00:00,0.0,1,,7,False,False
7232bc533c21ce408d45d473,1e11f9c7-7d25-4a5d-ae2a-f9bc6e91415d,7232bc533c21ce408d45d473__1e11f9c7-7d25-4a5d-ae2a-f9bc6e91415d__seg_009,2026-08-03 21:35:19.982000+00:00,2026-08-03 21:35:19.982000+00:00,0.0,1,,8,False,False
7232bc533c21ce408d45d473,1e11f9c7-7d25-4a5d-ae2a-f9bc6e91415d,7232bc533c21ce408d45d473__1e11f9c7-7d25-4a5d-ae2a-f9bc6e91415d__seg_010,2026-08-03 21:35:32.573000+00:00,2026-08-03 21:35:32.573000+00:00,0.0,1,,9,False,False
7232bc533c21ce408d45d473,1e11f9c7-7d25-4a5d-ae2a-f9bc6e91415d,7232bc533c21ce408d45d473__1e11f9c7-7d25-4a5d-ae2a-f9bc6e91415d__seg_011,2026-08-03 21:35:44.211000+00:00,2026-08-03 21:35:44.211000+00:00,0.0,1,,10,False,False
7232bc533c21ce408d45d473,1e11f9c7-7d25-4a5d-ae2a-f9bc6e91415d,7232bc533c21ce408d45d473__1e11f9c7-7d25-4a5d-ae2a-f9bc6e91415d__seg_012,2026-08-03 21:35:54.856000+00:00,2026-08-03 21:35:58.079000+00:00,3.223,2,3.223,11,False,False
7232bc533c21ce408d45d473,1e11f9c7-7d25-4a5d-ae2a-f9bc6e91415d,7232bc533c21ce408d45d473__1e11f9c7-7d25-4a5d-ae2a-f9bc6e91415d__seg_013,2026-08-03 21:36:08.926000+00:00,2026-08-03 21:36:08.926000+00:00,0.0,1,,12,False,False
7232bc533c21ce408d45d473,1e11f9c7-7d25-4a5d-ae2a-f9bc6e91415d,7232bc533c21ce408d45d473__1e11f9c7-7d25-4a5d-ae2a-f9bc6e91415d__seg_014,2026-08-03 21:36:19.649000+00:00,2026-08-03 21:36:19.649000+00:00,0.0,1,,13,False,False
7232bc533c21ce408d45d473,1e11f9c7-7d25-4a5d-ae2a-f9bc6e91415d,7232bc533c21ce408d45d473__1e11f9c7-7d25-4a5d-ae2a-f9bc6e91415d__seg_015,2026-08-03 21:36:32.899000+00:00,2026-08-03 21:36:32.899000+00:00,0.0,1,,14,False,False
7232bc533c21ce408d45d473,1e11f9c7-7d25-4a5d-ae2a-f9bc6e91415d,7232bc533c21ce408d45d473__1e11f9c7-7d25-4a5d-ae2a-f9bc6e91415d__seg_016,2026-08-03 21:36:44.886000+00:00,2026-08-03 21:36:44.886000+00:00,0.0,1,,15,False,False
7232bc533c21ce408d45d473,1e11f9c7-7d25-4a5d-ae2a-f9bc6e91415d,7232bc533c21ce408d45d473__1e11f9c7-7d25-4a5d-ae2a-f9bc6e91415d__seg_017,2026-08-03 21:36:55.722000+00:00,2026-08-03 21:36:55.722000+00:00,0.0,1,,16,False,False
7232bc533c21ce408d45d473,1e11f9c7-7d25-4a5d-ae2a-f9bc6e91415d,7232bc533c21ce408d45d473__1e11f9c7-7d25-4a5d-ae2a-f9bc6e91415d__seg_018,2026-08-03 21:37:11.672000+00:00,2026-08-03 21:37:11.672000+00:00,0.0,1,,17,False,False
7232bc533c21ce408d45d473,1e11f9c7-7d25-4a5d-ae2a-f9bc6e91415d,7232bc533c21ce408d45d473__1e11f9c7-7d25-4a5d-ae2a-f9bc6e91415d__seg_019,2026-08-03 21:37:26.615000+00:00,2026-08-03 21:37:26.615000+00:00,0.0,1,,18,False,False
7232bc533c21ce408d45d473,1e11f9c7-7d25-4a5d-ae2a-f9bc6e91415d,7232bc533c21ce408d45d473__1e11f9c7-7d25-4a5d-ae2a-f9bc6e91415d__seg_020,2026-08-03 21:37:37.328000+00:00,2026-08-03 21:37:40.569000+00:00,3.241,2,3.241,19,False,False
7232bc533c21ce408d45d473,1e11f9c7-7d25-4a5d-ae2a-f9bc6e91415d,7232bc533c21ce408d45d473__1e11f9c7-7d25-4a5d-ae2a-f9bc6e91415d__seg_021,2026-08-03 21:37:53.058000+00:00,2026-08-03 21:37:53.058000+00:00,0.0,1,,20,False,False
7232bc533c21ce408d45d473,1e11f9c7-7d25-4a5d-ae2a-f9bc6e91415d,7232bc533c21ce408d45d473__1e11f9c7-7d25-4a5d-ae2a-f9bc6e91415d__seg_022,2026-08-03 21:38:05.623000+00:00,2026-08-03 21:38:05.623000+00:00,0.0,1,,21,False,False
7232bc533c21ce408d45d473,1e11f9c7-7d25-4a5d-ae2a-f9bc6e91415d,7232bc533c21ce408d45d473__1e11f9c7-7d25-4a5d-ae2a-f9bc6e91415d__seg_023,2026-08-03 21:38:20.074000+00:00,2026-08-03 21:38:20.074000+00:00,0.0,1,,22,False,False
7232bc533c21ce408d45d473,1e11f9c7-7d25-4a5d-ae2a-f9bc6e91415d,7232bc533c21ce408d45d473__1e11f9c7-7d25-4a5d-ae2a-f9bc6e91415d__seg_024,2026-08-03 21:38:34.561000+00:00,2026-08-03 22:20:40.147000+00:00,2525.586,1200,2.012,23,True,True
7232bc533c21ce408d45d473,1e11f9c7-7d25-4a5d-ae2a-f9bc6e91415d,7232bc533c21ce408d45d473__1e11f9c7-7d25-4a5d-ae2a-f9bc6e91415d__seg_025,2026-08-03 22:20:54.023000+00:00,2026-08-03 22:20:54.023000+00:00,0.0,1,,24,False,False
7232bc533c21ce408d45d473,1e11f9c7-7d25-4a5d-ae2a-f9bc6e91415d,7232bc533c21ce408d45d473__1e11f9c7-7d25-4a5d-ae2a-f9bc6e91415d__seg_026,2026-08-03 22:21:05.320000+00:00,2026-08-03 22:21:08.591000+00:00,3.271,2,3.271,25,False,False
7232bc533c21ce408d45d473,1e11f9c7-7d25-4a5d-ae2a-f9bc6e91415d,7232bc533c21ce408d45d473__1e11f9c7-7d25-4a5d-ae2a-f9bc6e91415d__seg_027,2026-08-03 22:21:19.513000+00:00,2026-08-03 22:21:19.513000+00:00,0.0,1,,26,False,False
7232bc533c21ce408d45d473,1e11f9c7-7d25-4a5d-ae2a-f9bc6e91415d,7232bc533c21ce408d45d473__1e11f9c7-7d25-4a5d-ae2a-f9bc6e91415d__seg_028,2026-08-03 22:21:30.794000+00:00,2026-08-03 22:21:30.794000+00:00,0.0,1,,27,False,False
7232bc533c21ce408d45d473,1e11f9c7-7d25-4a5d-ae2a-f9bc6e91415d,7232bc533c21ce408d45d473__1e11f9c7-7d25-4a5d-ae2a-f9bc6e91415d__seg_029,2026-08-03 22:21:41.510000+00:00,2026-08-03 22:21:41.510000+00:00,0.0,1,,28,False,False
7232bc533c21ce408d45d473,1e11f9c7-7d25-4a5d-ae2a-f9bc6e91415d,7232bc533c21ce408d45d473__1e11f9c7-7d25-4a5d-ae2a-f9bc6e91415d__seg_030,2026-08-03 22:21:54.165000+00:00,2026-08-03 22:21:54.165000+00:00,0.0,1,,29,False,False
7232bc533c21ce408d45d473,1e11f9c7-7d25-4a5d-ae2a-f9bc6e91415d,7232bc533c21ce408d45d473__1e11f9c7-7d25-4a5d-ae2a-f9bc6e91415d__seg_031,2026-08-03 22:22:06.007000+00:00,2026-08-03 22:22:06.007000+00:00,0.0,1,,30,False,False
7232bc533c21ce408d45d473,1e11f9c7-7d25-4a5d-ae2a-f9bc6e91415d,7232bc533c21ce408d45d473__1e11f9c7-7d25-4a5d-ae2a-f9bc6e91415d__seg_032,2026-08-03 22:22:17.876000+00:00,2026-08-03 22:22:27.926000+00:00,10.05,2,10.05,31,False,False
7232bc533c21ce408d45d473,1e11f9c7-7d25-4a5d-ae2a-f9bc6e91415d,7232bc533c21ce408d45d473__1e11f9c7-7d25-4a5d-ae2a-f9bc6e91415d__seg_033,2026-08-03 22:22:38.529000+00:00,2026-08-03 22:22:42.599000+00:00,4.07,2,4.07,32,False,False
7232bc533c21ce408d45d473,1e11f9c7-7d25-4a5d-ae2a-f9bc6e91415d,7232bc533c21ce408d45d473__1e11f9c7-7d25-4a5d-ae2a-f9bc6e91415d__seg_034,2026-08-03 22:22:54.076000+00:00,2026-08-03 22:22:54.076000+00:00,0.0,1,,33,False,False
7232bc533c21ce408d45d473,1e11f9c7-7d25-4a5d-ae2a-f9bc6e91415d,7232bc533c21ce408d45d473__1e11f9c7-7d25-4a5d-ae2a-f9bc6e91415d__seg_035,2026-08-03 22:23:06.774000+00:00,2026-08-03 22:23:06.774000+00:00,0.0,1,,34,False,False
7232bc533c21ce408d45d473,1e11f9c7-7d25-4a5d-ae2a-f9bc6e91415d,7232bc533c21ce408d45d473__1e11f9c7-7d25-4a5d-ae2a-f9bc6e91415d__seg_036,2026-08-03 22:23:17.499000+00:00,2026-08-03 22:23:17.499000+00:00,0.0,1,,35,False,False
7232bc533c21ce408d45d473,1e11f9c7-7d25-4a5d-ae2a-f9bc6e91415d,7232bc533c21ce408d45d473__1e11f9c7-7d25-4a5d-ae2a-f9bc6e91415d__seg_037,2026-08-03 22:23:30.257000+00:00,2026-08-03 22:23:30.257000+00:00,0.0,1,,36,False,False
7232bc533c21ce408d45d473,1e11f9c7-7d25-4a5d-ae2a-f9bc6e91415d,7232bc533c21ce408d45d473__1e11f9c7-7d25-4a5d-ae2a-f9bc6e91415d__seg_038,2026-08-03 22:23:42.436000+00:00,2026-08-03 22:23:42.436000+00:00,0.0,1,,37,False,False
7232bc533c21ce408d45d473,1e11f9c7-7d25-4a5d-ae2a-f9bc6e91415d,7232bc533c21ce408d45d473__1e11f9c7-7d25-4a5d-ae2a-f9bc6e91415d__seg_039,2026-08-03 22:23:52.877000+00:00,2026-08-03 22:23:56.385000+00:00,3.508,2,3.508,38,False,False
7232bc533c21ce408d45d473,1e11f9c7-7d25-4a5d-ae2a-f9bc6e91415d,7232bc533c21ce408d45d473__1e11f9c7-7d25-4a5d-ae2a-f9bc6e91415d__seg_040,2026-08-03 22:24:08.075000+00:00,2026-08-03 22:24:08.075000+00:00,0.0,1,,39,False,False
7232bc533c21ce408d45d473,1e11f9c7-7d25-4a5d-ae2a-f9bc6e91415d,7232bc533c21ce408d45d473__1e11f9c7-7d25-4a5d-ae2a-f9bc6e91415d__seg_041,2026-08-03 22:24:19.503000+00:00,2026-08-03 22:24:19.503000+00:00,0.0,1,,40,False,False
7232bc533c21ce408d45d473,1e11f9c7-7d25-4a5d-ae2a-f9bc6e91415d,7232bc533c21ce408d45d473__1e11f9c7-7d25-4a5d-ae2a-f9bc6e91415d__seg_042,2026-08-03 22:24:31.744000+00:00,2026-08-03 22:24:31.744000+00:00,0.0,1,,41,False,False
7232bc533c21ce408d45d473,1e11f9c7-7d25-4a5d-ae2a-f9bc6e91415d,7232bc533c21ce408d45d473__1e11f9c7-7d25-4a5d-ae2a-f9bc6e91415d__seg_043,2026-08-03 22:24:46.132000+00:00,2026-08-03 22:24:46.132000+00:00,0.0,1,,42,False,False
7232bc533c21ce408d45d473,1e11f9c7-7d25-4a5d-ae2a-f9bc6e91415d,7232bc533c21ce408d45d473__1e11f9c7-7d25-4a5d-ae2a-f9bc6e91415d__seg_044,2026-08-03 22:25:00.115000+00:00,2026-08-03 22:25:00.115000+00:00,0.0,1,,43,False,False
7232bc533c21ce408d45d473,1e11f9c7-7d25-4a5d-ae2a-f9bc6e91415d,7232bc533c21ce408d45d473__1e11f9c7-7d25-4a5d-ae2a-f9bc6e91415d__seg_045,2026-08-03 22:25:13.893000+00:00,2026-08-03 22:25:13.893000+00:00,0.0,1,,44,False,False
7232bc533c21ce408d45d473,1e11f9c7-7d25-4a5d-ae2a-f9bc6e91415d,7232bc533c21ce408d45d473__1e11f9c7-7d25-4a5d-ae2a-f9bc6e91415d__seg_046,2026-08-03 22:25:28.695000+00:00,2026-08-03 22:26:47.916000+00:00,79.221,41,1.9849999999999999,45,False,False
7232bc533c21ce408d45d473,5bca2646-6745-4bbb-987d-ccb0a4486506,7232bc533c21ce408d45d473__5bca2646-6745-4bbb-987d-ccb0a4486506__seg_001,2026-08-09 20:10:43.769000+00:00,2026-08-09 20:13:08.469000+00:00,144.7,71,2.008,0,False,False
7232bc533c21ce408d45d473,5bca2646-6745-4bbb-987d-ccb0a4486506,7232bc533c21ce408d45d473__5bca2646-6745-4bbb-987d-ccb0a4486506__seg_002,2026-08-09 20:13:22.395000+00:00,2026-08-09 20:13:22.395000+00:00,0.0,1,,1,False,False
7232bc533c21ce408d45d473,5bca2646-6745-4bbb-987d-ccb0a4486506,7232bc533c21ce408d45d473__5bca2646-6745-4bbb-987d-ccb0a4486506__seg_003,2026-08-09 20:13:34.327000+00:00,2026-08-09 20:15:37.414000+00:00,123.087,38,2.211,2,False,False
7232bc533c21ce408d45d473,5bca2646-6745-4bbb-987d-ccb0a4486506,7232bc533c21ce408d45d473__5bca2646-6745-4bbb-987d-ccb0a4486506__seg_004,2026-08-09 20:15:47.568000+00:00,2026-08-09 20:25:19.124000+00:00,571.556,261,2.007,3,True,False
7232bc533c21ce408d45d473,5bca2646-6745-4bbb-987d-ccb0a4486506,7232bc533c21ce408d45d473__5bca2646-6745-4bbb-987d-ccb0a4486506__seg_005,2026-08-09 20:25:29.219000+00:00,2026-08-09 20:25:32.852000+00:00,3.633,2,3.633,4,False,False
7232bc533c21ce408d45d473,5bca2646-6745-4bbb-987d-ccb0a4486506,7232bc533c21ce408d45d473__5bca2646-6745-4bbb-987d-ccb0a4486506__seg_006,2026-08-09 20:25:44.571000+00:00,2026-08-09 20:25:44.571000+00:00,0.0,1,,5,False,False
7232bc533c21ce408d45d473,5bca2646-6745-4bbb-987d-ccb0a4486506,7232bc533c21ce408d45d473__5bca2646-6745-4bbb-987d-ccb0a4486506__seg_007,2026-08-09 20:25:56.117000+00:00,2026-08-09 20:25:56.117000+00:00,0.0,1,,6,False,False
7232bc533c21ce408d45d473,5bca2646-6745-4bbb-987d-ccb0a4486506,7232bc533c21ce408d45d473__5bca2646-6745-4bbb-987d-ccb0a4486506__seg_008,2026-08-09 20:26:06.493000+00:00,2026-08-09 20:26:06.493000+00:00,0.0,1,,7,False,False
7232bc533c21ce408d45d473,5bca2646-6745-4bbb-987d-ccb0a4486506,7232bc533c21ce408d45d473__5bca2646-6745-4bbb-987d-ccb0a4486506__seg_009,2026-08-09 20:26:18.272000+00:00,2026-08-09 20:26:40.695000+00:00,22.423,4,9.109,8,False,False
7232bc533c21ce408d45d473,5bca2646-6745-4bbb-987d-ccb0a4486506,7232bc533c21ce408d45d473__5bca2646-6745-4bbb-987d-ccb0a4486506__seg_010,2026-08-09 20:26:53.611000+00:00,2026-08-09 20:26:53.611000+00:00,0.0,1,,9,False,False
7232bc533c21ce408d45d473,5bca2646-6745-4bbb-987d-ccb0a4486506,7232bc533c21ce408d45d473__5bca2646-6745-4bbb-987d-ccb0a4486506__seg_011,2026-08-09 20:27:04.804000+00:00,2026-08-09 20:27:04.804000+00:00,0.0,1,,10,False,False
7232bc533c21ce408d45d473,5bca2646-6745-4bbb-987d-ccb0a4486506,7232bc533c21ce408d45d473__5bca2646-6745-4bbb-987d-ccb0a4486506__seg_012,2026-08-09 20:27:15.533000+00:00,2026-08-09 20:27:15.533000+00:00,0.0,1,,11,False,False
7232bc533c21ce408d45d473,5bca2646-6745-4bbb-987d-ccb0a4486506,7232bc533c21ce408d45d473__5bca2646-6745-4bbb-987d-ccb0a4486506__seg_013,2026-08-09 20:27:26.336000+00:00,2026-08-09 20:27:29.128000+00:00,2.792,2,2.792,12,False,False
7232bc533c21ce408d45d473,5bca2646-6745-4bbb-987d-ccb0a4486506,7232bc533c21ce408d45d473__5bca2646-6745-4bbb-987d-ccb0a4486506__seg_014,2026-08-09 20:27:39.760000+00:00,2026-08-09 20:27:39.760000+00:00,0.0,1,,13,False,False
7232bc533c21ce408d45d473,5bca2646-6745-4bbb-987d-ccb0a4486506,7232bc533c21ce408d45d473__5bca2646-6745-4bbb-987d-ccb0a4486506__seg_015,2026-08-09 20:27:51.974000+00:00,2026-08-09 20:27:51.974000+00:00,0.0,1,,14,False,False
7232bc533c21ce408d45d473,5bca2646-6745-4bbb-987d-ccb0a4486506,7232bc533c21ce408d45d473__5bca2646-6745-4bbb-987d-ccb0a4486506__seg_016,2026-08-09 20:28:03.375000+00:00,2026-08-09 20:28:03.375000+00:00,0.0,1,,15,False,False
7232bc533c21ce408d45d473,5bca2646-6745-4bbb-987d-ccb0a4486506,7232bc533c21ce408d45d473__5bca2646-6745-4bbb-987d-ccb0a4486506__seg_017,2026-08-09 20:28:14.431000+00:00,2026-08-09 20:28:14.431000+00:00,0.0,1,,16,False,False
7232bc533c21ce408d45d473,5bca2646-6745-4bbb-987d-ccb0a4486506,7232bc533c21ce408d45d473__5bca2646-6745-4bbb-987d-ccb0a4486506__seg_018,2026-08-09 20:28:26.166000+00:00,2026-08-09 20:28:39.167000+00:00,13.001,3,6.5005,17,False,False
7232bc533c21ce408d45d473,5bca2646-6745-4bbb-987d-ccb0a4486506,7232bc533c21ce408d45d473__5bca2646-6745-4bbb-987d-ccb0a4486506__seg_019,2026-08-09 20:28:51.016000+00:00,2026-08-09 20:28:51.016000+00:00,0.0,1,,18,False,False
7232bc533c21ce408d45d473,5bca2646-6745-4bbb-987d-ccb0a4486506,7232bc533c21ce408d45d473__5bca2646-6745-4bbb-987d-ccb0a4486506__seg_020,2026-08-09 20:29:03.091000+00:00,2026-08-09 20:29:03.091000+00:00,0.0,1,,19,False,False
7232bc533c21ce408d45d473,5bca2646-6745-4bbb-987d-ccb0a4486506,7232bc533c21ce408d45d473__5bca2646-6745-4bbb-987d-ccb0a4486506__seg_021,2026-08-09 20:29:14.503000+00:00,2026-08-09 20:29:14.503000+00:00,0.0,1,,20,False,False
7232bc533c21ce408d45d473,5bca2646-6745-4bbb-987d-ccb0a4486506,7232bc533c21ce408d45d473__5bca2646-6745-4bbb-987d-ccb0a4486506__seg_022,2026-08-09 20:29:27.346000+00:00,2026-08-09 20:29:27.346000+00:00,0.0,1,,21,False,False
7232bc533c21ce408d45d473,5bca2646-6745-4bbb-987d-ccb0a4486506,7232bc533c21ce408d45d473__5bca2646-6745-4bbb-987d-ccb0a4486506__seg_023,2026-08-09 20:29:38.716000+00:00,2026-08-09 20:29:38.716000+00:00,0.0,1,,22,False,False
7232bc533c21ce408d45d473,5bca2646-6745-4bbb-987d-ccb0a4486506,7232bc533c21ce408d45d473__5bca2646-6745-4bbb-987d-ccb0a4486506__seg_024,2026-08-09 20:29:50.583000+00:00,2026-08-09 20:29:50.583000+00:00,0.0,1,,23,False,False
7232bc533c21ce408d45d473,5bca2646-6745-4bbb-987d-ccb0a4486506,7232bc533c21ce408d45d473__5bca2646-6745-4bbb-987d-ccb0a4486506__seg_025,2026-08-09 20:30:04.321000+00:00,2026-08-09 20:30:04.321000+00:00,0.0,1,,24,False,False
7232bc533c21ce408d45d473,5bca2646-6745-4bbb-987d-ccb0a4486506,7232bc533c21ce408d45d473__5bca2646-6745-4bbb-987d-ccb0a4486506__seg_026,2026-08-09 20:30:14.606000+00:00,2026-08-09 21:07:26.516000+00:00,2231.91,1082,2.004,25,True,True
7232bc533c21ce408d45d473,5bca2646-6745-4bbb-987d-ccb0a4486506,7232bc533c21ce408d45d473__5bca2646-6745-4bbb-987d-ccb0a4486506__seg_027,2026-08-09 21:07:37.114000+00:00,2026-08-09 21:07:37.114000+00:00,0.0,1,,26,False,False
7232bc533c21ce408d45d473,5bca2646-6745-4bbb-987d-ccb0a4486506,7232bc533c21ce408d45d473__5bca2646-6745-4bbb-987d-ccb0a4486506__seg_028,2026-08-09 21:07:48.528000+00:00,2026-08-09 21:07:48.528000+00:00,0.0,1,,27,False,False
7232bc533c21ce408d45d473,5bca2646-6745-4bbb-987d-ccb0a4486506,7232bc533c21ce408d45d473__5bca2646-6745-4bbb-987d-ccb0a4486506__seg_029,2026-08-09 21:07:59.585000+00:00,2026-08-09 21:08:02.739000+00:00,3.154,2,3.154,28,False,False
7232bc533c21ce408d45d473,5bca2646-6745-4bbb-987d-ccb0a4486506,7232bc533c21ce408d45d473__5bca2646-6745-4bbb-987d-ccb0a4486506__seg_030,2026-08-09 21:08:15.618000+00:00,2026-08-09 21:08:15.618000+00:00,0.0,1,,29,False,False
7232bc533c21ce408d45d473,5bca2646-6745-4bbb-987d-ccb0a4486506,7232bc533c21ce408d45d473__5bca2646-6745-4bbb-987d-ccb0a4486506__seg_031,2026-08-09 21:08:26.221000+00:00,2026-08-09 21:08:28.705000+00:00,2.484,2,2.484,30,False,False
7232bc533c21ce408d45d473,5bca2646-6745-4bbb-987d-ccb0a4486506,7232bc533c21ce408d45d473__5bca2646-6745-4bbb-987d-ccb0a4486506__seg_032,2026-08-09 21:08:40.320000+00:00,2026-08-09 21:08:52.710000+00:00,12.39,3,6.195,31,False,False
7232bc533c21ce408d45d473,5bca2646-6745-4bbb-987d-ccb0a4486506,7232bc533c21ce408d45d473__5bca2646-6745-4bbb-987d-ccb0a4486506__seg_033,2026-08-09 21:09:05.070000+00:00,2026-08-09 21:09:05.070000+00:00,0.0,1,,32,False,False
7232bc533c21ce408d45d473,5bca2646-6745-4bbb-987d-ccb0a4486506,7232bc533c21ce408d45d473__5bca2646-6745-4bbb-987d-ccb0a4486506__seg_034,2026-08-09 21:09:15.894000+00:00,2026-08-09 21:09:25.892000+00:00,9.998,2,9.998,33,False,False
7232bc533c21ce408d45d473,5bca2646-6745-4bbb-987d-ccb0a4486506,7232bc533c21ce408d45d473__5bca2646-6745-4bbb-987d-ccb0a4486506__seg_035,2026-08-09 21:09:37.036000+00:00,2026-08-09 21:09:37.036000+00:00,0.0,1,,34,False,False
7232bc533c21ce408d45d473,5bca2646-6745-4bbb-987d-ccb0a4486506,7232bc533c21ce408d45d473__5bca2646-6745-4bbb-987d-ccb0a4486506__seg_036,2026-08-09 21:09:47.852000+00:00,2026-08-09 21:09:47.852000+00:00,0.0,1,,35,False,False
7232bc533c21ce408d45d473,5bca2646-6745-4bbb-987d-ccb0a4486506,7232bc533c21ce408d45d473__5bca2646-6745-4bbb-987d-ccb0a4486506__seg_037,2026-08-09 21:09:58.640000+00:00,2026-08-09 21:09:58.640000+00:00,0.0,1,,36,False,False
7232bc533c21ce408d45d473,5bca2646-6745-4bbb-987d-ccb0a4486506,7232bc533c21ce408d45d473__5bca2646-6745-4bbb-987d-ccb0a4486506__seg_038,2026-08-09 21:10:10.253000+00:00,2026-08-09 21:10:10.253000+00:00,0.0,1,,37,False,False
7232bc533c21ce408d45d473,5bca2646-6745-4bbb-987d-ccb0a4486506,7232bc533c21ce408d45d473__5bca2646-6745-4bbb-987d-ccb0a4486506__seg_039,2026-08-09 21:10:21.877000+00:00,2026-08-09 21:10:21.877000+00:00,0.0,1,,38,False,False
7232bc533c21ce408d45d473,5bca2646-6745-4bbb-987d-ccb0a4486506,7232bc533c21ce408d45d473__5bca2646-6745-4bbb-987d-ccb0a4486506__seg_040,2026-08-09 21:10:33.447000+00:00,2026-08-09 21:10:33.447000+00:00,0.0,1,,39,False,False
7232bc533c21ce408d45d473,5bca2646-6745-4bbb-987d-ccb0a4486506,7232bc533c21ce408d45d473__5bca2646-6745-4bbb-987d-ccb0a4486506__seg_041,2026-08-09 21:10:44.402000+00:00,2026-08-09 21:10:44.402000+00:00,0.0,1,,40,False,False
7232bc533c21ce408d45d473,5bca2646-6745-4bbb-987d-ccb0a4486506,7232bc533c21ce408d45d473__5bca2646-6745-4bbb-987d-ccb0a4486506__seg_042,2026-08-09 21:10:59.430000+00:00,2026-08-09 21:11:12.722000+00:00,13.292,3,6.646,41,False,False
7232bc533c21ce408d45d473,5bca2646-6745-4bbb-987d-ccb0a4486506,7232bc533c21ce408d45d473__5bca2646-6745-4bbb-987d-ccb0a4486506__seg_043,2026-08-09 21:11:23.587000+00:00,2026-08-09 21:11:23.587000+00:00,0.0,1,,42,False,False
7232bc533c21ce408d45d473,5bca2646-6745-4bbb-987d-ccb0a4486506,7232bc533c21ce408d45d473__5bca2646-6745-4bbb-987d-ccb0a4486506__seg_044,2026-08-09 21:11:36.585000+00:00,2026-08-09 21:11:36.585000+00:00,0.0,1,,43,False,False
7232bc533c21ce408d45d473,5bca2646-6745-4bbb-987d-ccb0a4486506,7232bc533c21ce408d45d473__5bca2646-6745-4bbb-987d-ccb0a4486506__seg_045,2026-08-09 21:11:50.372000+00:00,2026-08-09 21:11:50.372000+00:00,0.0,1,,44,False,False
7232bc533c21ce408d45d473,5bca2646-6745-4bbb-987d-ccb0a4486506,7232bc533c21ce408d45d473__5bca2646-6745-4bbb-987d-ccb0a4486506__seg_046,2026-08-09 21:12:04.309000+00:00,2026-08-09 21:12:04.309000+00:00,0.0,1,,45,False,False
7232bc533c21ce408d45d473,5bca2646-6745-4bbb-987d-ccb0a4486506,7232bc533c21ce408d45d473__5bca2646-6745-4bbb-987d-ccb0a4486506__seg_047,2026-08-09 21:12:16.670000+00:00,2026-08-09 21:12:16.670000+00:00,0.0,1,,46,False,False
7232bc533c21ce408d45d473,5bca2646-6745-4bbb-987d-ccb0a4486506,7232bc533c21ce408d45d473__5bca2646-6745-4bbb-987d-ccb0a4486506__seg_048,2026-08-09 21:12:28.515000+00:00,2026-08-09 21:12:28.515000+00:00,0.0,1,,47,False,False
7232bc533c21ce408d45d473,5bca2646-6745-4bbb-987d-ccb0a4486506,7232bc533c21ce408d45d473__5bca2646-6745-4bbb-987d-ccb0a4486506__seg_049,2026-08-09 21:12:39.878000+00:00,2026-08-09 21:12:42.904000+00:00,3.026,2,3.026,48,False,False
7232bc533c21ce408d45d473,5bca2646-6745-4bbb-987d-ccb0a4486506,7232bc533c21ce408d45d473__5bca2646-6745-4bbb-987d-ccb0a4486506__seg_050,2026-08-09 21:12:55.538000+00:00,2026-08-09 21:12:55.538000+00:00,0.0,1,,49,False,False
7232bc533c21ce408d45d473,5bca2646-6745-4bbb-987d-ccb0a4486506,7232bc533c21ce408d45d473__5bca2646-6745-4bbb-987d-ccb0a4486506__seg_051,2026-08-09 21:13:05.744000+00:00,2026-08-09 21:13:05.744000+00:00,0.0,1,,50,False,False
7232bc533c21ce408d45d473,5bca2646-6745-4bbb-987d-ccb0a4486506,7232bc533c21ce408d45d473__5bca2646-6745-4bbb-987d-ccb0a4486506__seg_052,2026-08-09 21:13:16.983000+00:00,2026-08-09 21:13:16.983000+00:00,0.0,1,,51,False,False
7232bc533c21ce408d45d473,5bca2646-6745-4bbb-987d-ccb0a4486506,7232bc533c21ce408d45d473__5bca2646-6745-4bbb-987d-ccb0a4486506__seg_053,2026-08-09 21:13:29.934000+00:00,2026-08-09 21:13:29.934000+00:00,0.0,1,,52,False,False
7232bc533c21ce408d45d473,5bca2646-6745-4bbb-987d-ccb0a4486506,7232bc533c21ce408d45d473__5bca2646-6745-4bbb-987d-ccb0a4486506__seg_054,2026-08-09 21:13:40.641000+00:00,2026-08-09 21:13:40.641000+00:00,0.0,1,,53,False,False
7232bc533c21ce408d45d473,5bca2646-6745-4bbb-987d-ccb0a4486506,7232bc533c21ce408d45d473__5bca2646-6745-4bbb-987d-ccb0a4486506__seg_055,2026-08-09 21:13:52.832000+00:00,2026-08-09 21:31:24.001000+00:00,1051.169,435,2.041,54,True,True
7232bc533c21ce408d45d473,5bca2646-6745-4bbb-987d-ccb0a4486506,7232bc533c21ce408d45d473__5bca2646-6745-4bbb-987d-ccb0a4486506__seg_056,2026-08-09 21:31:34.257000+00:00,2026-08-09 22:13:45.720000+00:00,2531.463,1160,2.005,55,True,True
7232bc533c21ce408d45d473,5bca2646-6745-4bbb-987d-ccb0a4486506,7232bc533c21ce408d45d473__5bca2646-6745-4bbb-987d-ccb0a4486506__seg_057,2026-08-09 22:14:00.272000+00:00,2026-08-09 22:14:00.272000+00:00,0.0,1,,56,False,False
7232bc533c21ce408d45d473,5bca2646-6745-4bbb-987d-ccb0a4486506,7232bc533c21ce408d45d473__5bca2646-6745-4bbb-987d-ccb0a4486506__seg_058,2026-08-09 22:14:12.916000+00:00,2026-08-09 22:14:12.916000+00:00,0.0,1,,57,False,False
7232bc533c21ce408d45d473,5bca2646-6745-4bbb-987d-ccb0a4486506,7232bc533c21ce408d45d473__5bca2646-6745-4bbb-987d-ccb0a4486506__seg_059,2026-08-09 22:14:24.996000+00:00,2026-08-09 22:14:24.996000+00:00,0.0,1,,58,False,False
7232bc533c21ce408d45d473,5bca2646-6745-4bbb-987d-ccb0a4486506,7232bc533c21ce408d45d473__5bca2646-6745-4bbb-987d-ccb0a4486506__seg_060,2026-08-09 22:14:38.751000+00:00,2026-08-09 22:14:38.751000+00:00,0.0,1,,59,False,False
7232bc533c21ce408d45d473,5bca2646-6745-4bbb-987d-ccb0a4486506,7232bc533c21ce408d45d473__5bca2646-6745-4bbb-987d-ccb0a4486506__seg_061,2026-08-09 22:14:52.233000+00:00,2026-08-09 22:14:52.233000+00:00,0.0,1,,60,False,False
7232bc533c21ce408d45d473,6c7905b0-5124-4d83-8709-a6176c981aec,7232bc533c21ce408d45d473__6c7905b0-5124-4d83-8709-a6176c981aec__seg_001,2026-08-01 22:13:26.185000+00:00,2026-08-01 22:19:14.060000+00:00,347.875,172,1.99,0,True,False
7232bc533c21ce408d45d473,6c7905b0-5124-4d83-8709-a6176c981aec,7232bc533c21ce408d45d473__6c7905b0-5124-4d83-8709-a6176c981aec__seg_002,2026-08-01 22:19:25.002000+00:00,2026-08-01 22:28:55.571000+00:00,570.569,226,2.013,1,True,False
7232bc533c21ce408d45d473,6c7905b0-5124-4d83-8709-a6176c981aec,7232bc533c21ce408d45d473__6c7905b0-5124-4d83-8709-a6176c981aec__seg_003,2026-08-01 22:29:07.417000+00:00,2026-08-01 22:29:19.153000+00:00,11.736,3,5.868,2,False,False
7232bc533c21ce408d45d473,6c7905b0-5124-4d83-8709-a6176c981aec,7232bc533c21ce408d45d473__6c7905b0-5124-4d83-8709-a6176c981aec__seg_004,2026-08-01 22:29:31.263000+00:00,2026-08-01 22:29:31.263000+00:00,0.0,1,,3,False,False
7232bc533c21ce408d45d473,6c7905b0-5124-4d83-8709-a6176c981aec,7232bc533c21ce408d45d473__6c7905b0-5124-4d83-8709-a6176c981aec__seg_005,2026-08-01 22:29:43.440000+00:00,2026-08-01 22:29:43.440000+00:00,0.0,1,,4,False,False
7232bc533c21ce408d45d473,6c7905b0-5124-4d83-8709-a6176c981aec,7232bc533c21ce408d45d473__6c7905b0-5124-4d83-8709-a6176c981aec__seg_006,2026-08-01 22:29:54.197000+00:00,2026-08-01 22:30:52.908000+00:00,58.711,11,6.311999999999999,5,False,False
7232bc533c21ce408d45d473,6c7905b0-5124-4d83-8709-a6176c981aec,7232bc533c21ce408d45d473__6c7905b0-5124-4d83-8709-a6176c981aec__seg_007,2026-08-01 22:31:03.597000+00:00,2026-08-01 22:31:03.597000+00:00,0.0,1,,6,False,False
7232bc533c21ce408d45d473,6c7905b0-5124-4d83-8709-a6176c981aec,7232bc533c21ce408d45d473__6c7905b0-5124-4d83-8709-a6176c981aec__seg_008,2026-08-01 22:31:14.337000+00:00,2026-08-01 22:31:14.337000+00:00,0.0,1,,7,False,False
7232bc533c21ce408d45d473,6c7905b0-5124-4d83-8709-a6176c981aec,7232bc533c21ce408d45d473__6c7905b0-5124-4d83-8709-a6176c981aec__seg_009,2026-08-01 22:31:25.771000+00:00,2026-08-01 22:31:25.771000+00:00,0.0,1,,8,False,False
7232bc533c21ce408d45d473,6c7905b0-5124-4d83-8709-a6176c981aec,7232bc533c21ce408d45d473__6c7905b0-5124-4d83-8709-a6176c981aec__seg_010,2026-08-01 22:31:36.699000+00:00,2026-08-01 22:32:38.655000+00:00,61.956,11,6.402,9,False,False
7232bc533c21ce408d45d473,6c7905b0-5124-4d83-8709-a6176c981aec,7232bc533c21ce408d45d473__6c7905b0-5124-4d83-8709-a6176c981aec__seg_011,2026-08-01 22:32:50.239000+00:00,2026-08-01 22:32:50.239000+00:00,0.0,1,,10,False,False
7232bc533c21ce408d45d473,6c7905b0-5124-4d83-8709-a6176c981aec,7232bc533c21ce408d45d473__6c7905b0-5124-4d83-8709-a6176c981aec__seg_012,2026-08-01 22:33:02.304000+00:00,2026-08-01 22:33:02.304000+00:00,0.0,1,,11,False,False
7232bc533c21ce408d45d473,6c7905b0-5124-4d83-8709-a6176c981aec,7232bc533c21ce408d45d473__6c7905b0-5124-4d83-8709-a6176c981aec__seg_013,2026-08-01 22:33:14.237000+00:00,2026-08-01 22:33:14.237000+00:00,0.0,1,,12,False,False
7232bc533c21ce408d45d473,6c7905b0-5124-4d83-8709-a6176c981aec,7232bc533c21ce408d45d473__6c7905b0-5124-4d83-8709-a6176c981aec__seg_014,2026-08-01 22:33:26.270000+00:00,2026-08-01 22:33:26.270000+00:00,0.0,1,,13,False,False
7232bc533c21ce408d45d473,6c7905b0-5124-4d83-8709-a6176c981aec,7232bc533c21ce408d45d473__6c7905b0-5124-4d83-8709-a6176c981aec__seg_015,2026-08-01 22:33:36.795000+00:00,2026-08-01 22:52:57.786000+00:00,1160.991,554,2.001,14,True,True
7232bc533c21ce408d45d473,6c7905b0-5124-4d83-8709-a6176c981aec,7232bc533c21ce408d45d473__6c7905b0-5124-4d83-8709-a6176c981aec__seg_016,2026-08-01 22:53:08.081000+00:00,2026-08-01 22:53:53.556000+00:00,45.475,9,5.5465,15,False,False
7232bc533c21ce408d45d473,6c7905b0-5124-4d83-8709-a6176c981aec,7232bc533c21ce408d45d473__6c7905b0-5124-4d83-8709-a6176c981aec__seg_017,2026-08-01 22:54:03.886000+00:00,2026-08-01 22:56:20.726000+00:00,136.84,29,2.7744999999999997,16,False,False
7232bc533c21ce408d45d473,6c7905b0-5124-4d83-8709-a6176c981aec,7232bc533c21ce408d45d473__6c7905b0-5124-4d83-8709-a6176c981aec__seg_018,2026-08-01 22:56:31.557000+00:00,2026-08-01 22:56:31.557000+00:00,0.0,1,,17,False,False
7232bc533c21ce408d45d473,6c7905b0-5124-4d83-8709-a6176c981aec,7232bc533c21ce408d45d473__6c7905b0-5124-4d83-8709-a6176c981aec__seg_019,2026-08-01 22:56:43.700000+00:00,2026-08-01 22:56:43.700000+00:00,0.0,1,,18,False,False
7232bc533c21ce408d45d473,6c7905b0-5124-4d83-8709-a6176c981aec,7232bc533c21ce408d45d473__6c7905b0-5124-4d83-8709-a6176c981aec__seg_020,2026-08-01 22:56:54.954000+00:00,2026-08-01 22:56:57.257000+00:00,2.303,2,2.303,19,False,False
7232bc533c21ce408d45d473,6c7905b0-5124-4d83-8709-a6176c981aec,7232bc533c21ce408d45d473__6c7905b0-5124-4d83-8709-a6176c981aec__seg_021,2026-08-01 22:57:08.189000+00:00,2026-08-01 23:00:23.363000+00:00,195.174,94,2.003,20,False,False
7232bc533c21ce408d45d473,81d2476d-af90-434e-8518-502c7195564c,7232bc533c21ce408d45d473__81d2476d-af90-434e-8518-502c7195564c__seg_001,2026-08-01 23:15:36.865000+00:00,2026-08-02 00:22:48.255000+00:00,4031.39,1926,2.004,0,True,True
7232bc533c21ce408d45d473,81d2476d-af90-434e-8518-502c7195564c,7232bc533c21ce408d45d473__81d2476d-af90-434e-8518-502c7195564c__seg_002,2026-08-02 00:22:58.824000+00:00,2026-08-02 00:23:24.311000+00:00,25.487,5,6.6105,1,False,False
7232bc533c21ce408d45d473,81d2476d-af90-434e-8518-502c7195564c,7232bc533c21ce408d45d473__81d2476d-af90-434e-8518-502c7195564c__seg_003,2026-08-02 00:23:35.205000+00:00,2026-08-02 00:23:38.177000+00:00,2.972,2,2.972,2,False,False
7232bc533c21ce408d45d473,81d2476d-af90-434e-8518-502c7195564c,7232bc533c21ce408d45d473__81d2476d-af90-434e-8518-502c7195564c__seg_004,2026-08-02 00:23:48.658000+00:00,2026-08-02 00:24:16.139000+00:00,27.481,6,3.356,3,False,False
7232bc533c21ce408d45d473,81d2476d-af90-434e-8518-502c7195564c,7232bc533c21ce408d45d473__81d2476d-af90-434e-8518-502c7195564c__seg_005,2026-08-02 00:24:27.072000+00:00,2026-08-02 00:24:27.072000+00:00,0.0,1,,4,False,False
7232bc533c21ce408d45d473,81d2476d-af90-434e-8518-502c7195564c,7232bc533c21ce408d45d473__81d2476d-af90-434e-8518-502c7195564c__seg_006,2026-08-02 00:24:38.175000+00:00,2026-08-02 00:24:38.175000+00:00,0.0,1,,5,False,False
7232bc533c21ce408d45d473,81d2476d-af90-434e-8518-502c7195564c,7232bc533c21ce408d45d473__81d2476d-af90-434e-8518-502c7195564c__seg_007,2026-08-02 00:24:49.053000+00:00,2026-08-02 00:33:56.190000+00:00,547.137,234,2.004,6,True,False
7232bc533c21ce408d45d473,81d2476d-af90-434e-8518-502c7195564c,7232bc533c21ce408d45d473__81d2476d-af90-434e-8518-502c7195564c__seg_008,2026-08-02 00:34:08.124000+00:00,2026-08-02 00:34:08.124000+00:00,0.0,1,,7,False,False
7232bc533c21ce408d45d473,81d2476d-af90-434e-8518-502c7195564c,7232bc533c21ce408d45d473__81d2476d-af90-434e-8518-502c7195564c__seg_009,2026-08-02 00:34:21.301000+00:00,2026-08-02 00:34:21.301000+00:00,0.0,1,,8,False,False
7232bc533c21ce408d45d473,81d2476d-af90-434e-8518-502c7195564c,7232bc533c21ce408d45d473__81d2476d-af90-434e-8518-502c7195564c__seg_010,2026-08-02 00:34:32.274000+00:00,2026-08-02 00:34:32.274000+00:00,0.0,1,,9,False,False
7232bc533c21ce408d45d473,81d2476d-af90-434e-8518-502c7195564c,7232bc533c21ce408d45d473__81d2476d-af90-434e-8518-502c7195564c__seg_011,2026-08-02 00:34:42.827000+00:00,2026-08-02 00:34:42.827000+00:00,0.0,1,,10,False,False
7232bc533c21ce408d45d473,81d2476d-af90-434e-8518-502c7195564c,7232bc533c21ce408d45d473__81d2476d-af90-434e-8518-502c7195564c__seg_012,2026-08-02 00:34:53.618000+00:00,2026-08-02 00:36:34.422000+00:00,100.804,30,2.019,11,False,False
7232bc533c21ce408d45d473,93aafd38-c91e-42a7-b67f-90287b9dd6f7,7232bc533c21ce408d45d473__93aafd38-c91e-42a7-b67f-90287b9dd6f7__seg_001,2026-08-10 14:52:05.469000+00:00,2026-08-10 14:54:22.667000+00:00,137.198,63,2.0385,0,False,False
7232bc533c21ce408d45d473,93aafd38-c91e-42a7-b67f-90287b9dd6f7,7232bc533c21ce408d45d473__93aafd38-c91e-42a7-b67f-90287b9dd6f7__seg_002,2026-08-10 14:54:38.462000+00:00,2026-08-10 14:54:38.462000+00:00,0.0,1,,1,False,False
7232bc533c21ce408d45d473,93aafd38-c91e-42a7-b67f-90287b9dd6f7,7232bc533c21ce408d45d473__93aafd38-c91e-42a7-b67f-90287b9dd6f7__seg_003,2026-08-10 14:54:53.785000+00:00,2026-08-10 14:54:53.785000+00:00,0.0,1,,2,False,False
7232bc533c21ce408d45d473,93aafd38-c91e-42a7-b67f-90287b9dd6f7,7232bc533c21ce408d45d473__93aafd38-c91e-42a7-b67f-90287b9dd6f7__seg_004,2026-08-10 14:55:07.600000+00:00,2026-08-10 14:55:20.525000+00:00,12.925,3,6.4625,3,False,False
7232bc533c21ce408d45d473,93aafd38-c91e-42a7-b67f-90287b9dd6f7,7232bc533c21ce408d45d473__93aafd38-c91e-42a7-b67f-90287b9dd6f7__seg_005,2026-08-10 14:55:31.771000+00:00,2026-08-10 14:55:31.771000+00:00,0.0,1,,4,False,False
7232bc533c21ce408d45d473,93aafd38-c91e-42a7-b67f-90287b9dd6f7,7232bc533c21ce408d45d473__93aafd38-c91e-42a7-b67f-90287b9dd6f7__seg_006,2026-08-10 14:55:44.879000+00:00,2026-08-10 14:55:44.879000+00:00,0.0,1,,5,False,False
7232bc533c21ce408d45d473,93aafd38-c91e-42a7-b67f-90287b9dd6f7,7232bc533c21ce408d45d473__93aafd38-c91e-42a7-b67f-90287b9dd6f7__seg_007,2026-08-10 14:55:57.554000+00:00,2026-08-10 14:55:57.554000+00:00,0.0,1,,6,False,False
7232bc533c21ce408d45d473,93aafd38-c91e-42a7-b67f-90287b9dd6f7,7232bc533c21ce408d45d473__93aafd38-c91e-42a7-b67f-90287b9dd6f7__seg_008,2026-08-10 14:56:08.935000+00:00,2026-08-10 14:56:08.935000+00:00,0.0,1,,7,False,False
7232bc533c21ce408d45d473,93aafd38-c91e-42a7-b67f-90287b9dd6f7,7232bc533c21ce408d45d473__93aafd38-c91e-42a7-b67f-90287b9dd6f7__seg_009,2026-08-10 14:56:22.746000+00:00,2026-08-10 14:56:22.746000+00:00,0.0,1,,8,False,False
7232bc533c21ce408d45d473,93aafd38-c91e-42a7-b67f-90287b9dd6f7,7232bc533c21ce408d45d473__93aafd38-c91e-42a7-b67f-90287b9dd6f7__seg_010,2026-08-10 14:56:35.163000+00:00,2026-08-10 14:56:35.163000+00:00,0.0,1,,9,False,False
7232bc533c21ce408d45d473,93aafd38-c91e-42a7-b67f-90287b9dd6f7,7232bc533c21ce408d45d473__93aafd38-c91e-42a7-b67f-90287b9dd6f7__seg_011,2026-08-10 14:56:47.758000+00:00,2026-08-10 14:56:47.758000+00:00,0.0,1,,10,False,False
7232bc533c21ce408d45d473,93aafd38-c91e-42a7-b67f-90287b9dd6f7,7232bc533c21ce408d45d473__93aafd38-c91e-42a7-b67f-90287b9dd6f7__seg_012,2026-08-10 14:56:59.189000+00:00,2026-08-10 14:56:59.189000+00:00,0.0,1,,11,False,False
7232bc533c21ce408d45d473,93aafd38-c91e-42a7-b67f-90287b9dd6f7,7232bc533c21ce408d45d473__93aafd38-c91e-42a7-b67f-90287b9dd6f7__seg_013,2026-08-10 14:57:13.616000+00:00,2026-08-10 14:57:13.616000+00:00,0.0,1,,12,False,False
7232bc533c21ce408d45d473,93aafd38-c91e-42a7-b67f-90287b9dd6f7,7232bc533c21ce408d45d473__93aafd38-c91e-42a7-b67f-90287b9dd6f7__seg_014,2026-08-10 14:57:25.369000+00:00,2026-08-10 14:57:25.369000+00:00,0.0,1,,13,False,False
7232bc533c21ce408d45d473,93aafd38-c91e-42a7-b67f-90287b9dd6f7,7232bc533c21ce408d45d473__93aafd38-c91e-42a7-b67f-90287b9dd6f7__seg_015,2026-08-10 14:57:37.924000+00:00,2026-08-10 14:57:37.924000+00:00,0.0,1,,14,False,False
7232bc533c21ce408d45d473,93aafd38-c91e-42a7-b67f-90287b9dd6f7,7232bc533c21ce408d45d473__93aafd38-c91e-42a7-b67f-90287b9dd6f7__seg_016,2026-08-10 14:57:51.052000+00:00,2026-08-10 14:57:51.052000+00:00,0.0,1,,15,False,False
7232bc533c21ce408d45d473,93aafd38-c91e-42a7-b67f-90287b9dd6f7,7232bc533c21ce408d45d473__93aafd38-c91e-42a7-b67f-90287b9dd6f7__seg_017,2026-08-10 14:58:03.557000+00:00,2026-08-10 14:58:03.557000+00:00,0.0,1,,16,False,False
7232bc533c21ce408d45d473,93aafd38-c91e-42a7-b67f-90287b9dd6f7,7232bc533c21ce408d45d473__93aafd38-c91e-42a7-b67f-90287b9dd6f7__seg_018,2026-08-10 14:58:15.407000+00:00,2026-08-10 14:58:15.407000+00:00,0.0,1,,17,False,False
7232bc533c21ce408d45d473,93aafd38-c91e-42a7-b67f-90287b9dd6f7,7232bc533c21ce408d45d473__93aafd38-c91e-42a7-b67f-90287b9dd6f7__seg_019,2026-08-10 14:58:28.525000+00:00,2026-08-10 15:04:54.308000+00:00,385.783,184,2.009,18,True,False
7232bc533c21ce408d45d473,93aafd38-c91e-42a7-b67f-90287b9dd6f7,7232bc533c21ce408d45d473__93aafd38-c91e-42a7-b67f-90287b9dd6f7__seg_020,2026-08-10 15:05:07.167000+00:00,2026-08-10 15:05:07.167000+00:00,0.0,1,,19,False,False
7232bc533c21ce408d45d473,93aafd38-c91e-42a7-b67f-90287b9dd6f7,7232bc533c21ce408d45d473__93aafd38-c91e-42a7-b67f-90287b9dd6f7__seg_021,2026-08-10 15:05:17.481000+00:00,2026-08-10 15:05:20.618000+00:00,3.137,2,3.137,20,False,False
7232bc533c21ce408d45d473,93aafd38-c91e-42a7-b67f-90287b9dd6f7,7232bc533c21ce408d45d473__93aafd38-c91e-42a7-b67f-90287b9dd6f7__seg_022,2026-08-10 15:05:32.920000+00:00,2026-08-10 15:05:32.920000+00:00,0.0,1,,21,False,False
7232bc533c21ce408d45d473,93aafd38-c91e-42a7-b67f-90287b9dd6f7,7232bc533c21ce408d45d473__93aafd38-c91e-42a7-b67f-90287b9dd6f7__seg_023,2026-08-10 15:05:44.945000+00:00,2026-08-10 15:05:44.945000+00:00,0.0,1,,22,False,False
7232bc533c21ce408d45d473,93aafd38-c91e-42a7-b67f-90287b9dd6f7,7232bc533c21ce408d45d473__93aafd38-c91e-42a7-b67f-90287b9dd6f7__seg_024,2026-08-10 15:05:56.914000+00:00,2026-08-10 15:05:56.914000+00:00,0.0,1,,23,False,False
7232bc533c21ce408d45d473,93aafd38-c91e-42a7-b67f-90287b9dd6f7,7232bc533c21ce408d45d473__93aafd38-c91e-42a7-b67f-90287b9dd6f7__seg_025,2026-08-10 15:06:07.692000+00:00,2026-08-10 15:06:07.692000+00:00,0.0,1,,24,False,False
7232bc533c21ce408d45d473,93aafd38-c91e-42a7-b67f-90287b9dd6f7,7232bc533c21ce408d45d473__93aafd38-c91e-42a7-b67f-90287b9dd6f7__seg_026,2026-08-10 15:06:19.577000+00:00,2026-08-10 15:06:32.515000+00:00,12.938,3,6.469,25,False,False
7232bc533c21ce408d45d473,93aafd38-c91e-42a7-b67f-90287b9dd6f7,7232bc533c21ce408d45d473__93aafd38-c91e-42a7-b67f-90287b9dd6f7__seg_027,2026-08-10 15:06:42.832000+00:00,2026-08-10 15:06:42.832000+00:00,0.0,1,,26,False,False
7232bc533c21ce408d45d473,93aafd38-c91e-42a7-b67f-90287b9dd6f7,7232bc533c21ce408d45d473__93aafd38-c91e-42a7-b67f-90287b9dd6f7__seg_028,2026-08-10 15:06:54.305000+00:00,2026-08-10 15:06:54.305000+00:00,0.0,1,,27,False,False
7232bc533c21ce408d45d473,93aafd38-c91e-42a7-b67f-90287b9dd6f7,7232bc533c21ce408d45d473__93aafd38-c91e-42a7-b67f-90287b9dd6f7__seg_029,2026-08-10 15:07:06.499000+00:00,2026-08-10 15:07:06.499000+00:00,0.0,1,,28,False,False
7232bc533c21ce408d45d473,93aafd38-c91e-42a7-b67f-90287b9dd6f7,7232bc533c21ce408d45d473__93aafd38-c91e-42a7-b67f-90287b9dd6f7__seg_030,2026-08-10 15:07:17.928000+00:00,2026-08-10 15:07:17.928000+00:00,0.0,1,,29,False,False
7232bc533c21ce408d45d473,93aafd38-c91e-42a7-b67f-90287b9dd6f7,7232bc533c21ce408d45d473__93aafd38-c91e-42a7-b67f-90287b9dd6f7__seg_031,2026-08-10 15:07:31.206000+00:00,2026-08-10 15:07:44.475000+00:00,13.269,3,6.6345,30,False,False
7232bc533c21ce408d45d473,93aafd38-c91e-42a7-b67f-90287b9dd6f7,7232bc533c21ce408d45d473__93aafd38-c91e-42a7-b67f-90287b9dd6f7__seg_032,2026-08-10 15:07:54.895000+00:00,2026-08-10 15:07:54.895000+00:00,0.0,1,,31,False,False
7232bc533c21ce408d45d473,93aafd38-c91e-42a7-b67f-90287b9dd6f7,7232bc533c21ce408d45d473__93aafd38-c91e-42a7-b67f-90287b9dd6f7__seg_033,2026-08-10 15:08:05.266000+00:00,2026-08-10 15:08:08.290000+00:00,3.024,2,3.024,32,False,False
7232bc533c21ce408d45d473,93aafd38-c91e-42a7-b67f-90287b9dd6f7,7232bc533c21ce408d45d473__93aafd38-c91e-42a7-b67f-90287b9dd6f7__seg_034,2026-08-10 15:08:22.641000+00:00,2026-08-10 15:08:22.641000+00:00,0.0,1,,33,False,False
7232bc533c21ce408d45d473,93aafd38-c91e-42a7-b67f-90287b9dd6f7,7232bc533c21ce408d45d473__93aafd38-c91e-42a7-b67f-90287b9dd6f7__seg_035,2026-08-10 15:08:33.068000+00:00,2026-08-10 15:08:36.477000+00:00,3.409,2,3.409,34,False,False
7232bc533c21ce408d45d473,93aafd38-c91e-42a7-b67f-90287b9dd6f7,7232bc533c21ce408d45d473__93aafd38-c91e-42a7-b67f-90287b9dd6f7__seg_036,2026-08-10 15:08:49.251000+00:00,2026-08-10 15:08:49.251000+00:00,0.0,1,,35,False,False
7232bc533c21ce408d45d473,93aafd38-c91e-42a7-b67f-90287b9dd6f7,7232bc533c21ce408d45d473__93aafd38-c91e-42a7-b67f-90287b9dd6f7__seg_037,2026-08-10 15:09:03.144000+00:00,2026-08-10 15:09:03.144000+00:00,0.0,1,,36,False,False
7232bc533c21ce408d45d473,93aafd38-c91e-42a7-b67f-90287b9dd6f7,7232bc533c21ce408d45d473__93aafd38-c91e-42a7-b67f-90287b9dd6f7__seg_038,2026-08-10 15:09:16.186000+00:00,2026-08-10 15:13:49.344000+00:00,273.158,130,1.996,37,False,False
7232bc533c21ce408d45d473,93aafd38-c91e-42a7-b67f-90287b9dd6f7,7232bc533c21ce408d45d473__93aafd38-c91e-42a7-b67f-90287b9dd6f7__seg_039,2026-08-10 15:14:01.449000+00:00,2026-08-10 15:14:14.319000+00:00,12.87,3,6.4350000000000005,38,False,False
7232bc533c21ce408d45d473,93aafd38-c91e-42a7-b67f-90287b9dd6f7,7232bc533c21ce408d45d473__93aafd38-c91e-42a7-b67f-90287b9dd6f7__seg_040,2026-08-10 15:14:26.161000+00:00,2026-08-10 15:14:26.161000+00:00,0.0,1,,39,False,False
7232bc533c21ce408d45d473,93aafd38-c91e-42a7-b67f-90287b9dd6f7,7232bc533c21ce408d45d473__93aafd38-c91e-42a7-b67f-90287b9dd6f7__seg_041,2026-08-10 15:14:38.112000+00:00,2026-08-10 15:14:38.112000+00:00,0.0,1,,40,False,False
7232bc533c21ce408d45d473,93aafd38-c91e-42a7-b67f-90287b9dd6f7,7232bc533c21ce408d45d473__93aafd38-c91e-42a7-b67f-90287b9dd6f7__seg_042,2026-08-10 15:14:48.689000+00:00,2026-08-10 15:14:48.689000+00:00,0.0,1,,41,False,False
7232bc533c21ce408d45d473,93aafd38-c91e-42a7-b67f-90287b9dd6f7,7232bc533c21ce408d45d473__93aafd38-c91e-42a7-b67f-90287b9dd6f7__seg_043,2026-08-10 15:14:59.018000+00:00,2026-08-10 15:14:59.018000+00:00,0.0,1,,42,False,False
7232bc533c21ce408d45d473,93aafd38-c91e-42a7-b67f-90287b9dd6f7,7232bc533c21ce408d45d473__93aafd38-c91e-42a7-b67f-90287b9dd6f7__seg_044,2026-08-10 15:15:09.448000+00:00,2026-08-10 15:15:12.431000+00:00,2.983,2,2.983,43,False,False
7232bc533c21ce408d45d473,93aafd38-c91e-42a7-b67f-90287b9dd6f7,7232bc533c21ce408d45d473__93aafd38-c91e-42a7-b67f-90287b9dd6f7__seg_045,2026-08-10 15:15:22.964000+00:00,2026-08-10 15:15:26.308000+00:00,3.344,2,3.344,44,False,False
7232bc533c21ce408d45d473,93aafd38-c91e-42a7-b67f-90287b9dd6f7,7232bc533c21ce408d45d473__93aafd38-c91e-42a7-b67f-90287b9dd6f7__seg_046,2026-08-10 15:15:36.678000+00:00,2026-08-10 15:15:40.163000+00:00,3.485,2,3.485,45,False,False
7232bc533c21ce408d45d473,93aafd38-c91e-42a7-b67f-90287b9dd6f7,7232bc533c21ce408d45d473__93aafd38-c91e-42a7-b67f-90287b9dd6f7__seg_047,2026-08-10 15:15:51.856000+00:00,2026-08-10 15:15:51.856000+00:00,0.0,1,,46,False,False
7232bc533c21ce408d45d473,93aafd38-c91e-42a7-b67f-90287b9dd6f7,7232bc533c21ce408d45d473__93aafd38-c91e-42a7-b67f-90287b9dd6f7__seg_048,2026-08-10 15:16:02.807000+00:00,2026-08-10 15:16:06.174000+00:00,3.367,2,3.367,47,False,False
7232bc533c21ce408d45d473,93aafd38-c91e-42a7-b67f-90287b9dd6f7,7232bc533c21ce408d45d473__93aafd38-c91e-42a7-b67f-90287b9dd6f7__seg_049,2026-08-10 15:16:17.402000+00:00,2026-08-10 15:16:17.402000+00:00,0.0,1,,48,False,False
7232bc533c21ce408d45d473,93aafd38-c91e-42a7-b67f-90287b9dd6f7,7232bc533c21ce408d45d473__93aafd38-c91e-42a7-b67f-90287b9dd6f7__seg_050,2026-08-10 15:16:27.995000+00:00,2026-08-10 15:16:27.995000+00:00,0.0,1,,49,False,False
7232bc533c21ce408d45d473,93aafd38-c91e-42a7-b67f-90287b9dd6f7,7232bc533c21ce408d45d473__93aafd38-c91e-42a7-b67f-90287b9dd6f7__seg_051,2026-08-10 15:16:38.524000+00:00,2026-08-10 15:16:38.524000+00:00,0.0,1,,50,False,False
7232bc533c21ce408d45d473,93aafd38-c91e-42a7-b67f-90287b9dd6f7,7232bc533c21ce408d45d473__93aafd38-c91e-42a7-b67f-90287b9dd6f7__seg_052,2026-08-10 15:16:48.635000+00:00,2026-08-10 15:16:52.107000+00:00,3.472,2,3.472,51,False,False
7232bc533c21ce408d45d473,93aafd38-c91e-42a7-b67f-90287b9dd6f7,7232bc533c21ce408d45d473__93aafd38-c91e-42a7-b67f-90287b9dd6f7__seg_053,2026-08-10 15:17:03.201000+00:00,2026-08-10 15:17:05.974000+00:00,2.773,2,2.773,52,False,False
7232bc533c21ce408d45d473,93aafd38-c91e-42a7-b67f-90287b9dd6f7,7232bc533c21ce408d45d473__93aafd38-c91e-42a7-b67f-90287b9dd6f7__seg_054,2026-08-10 15:17:18.217000+00:00,2026-08-10 15:17:18.217000+00:00,0.0,1,,53,False,False
7232bc533c21ce408d45d473,93aafd38-c91e-42a7-b67f-90287b9dd6f7,7232bc533c21ce408d45d473__93aafd38-c91e-42a7-b67f-90287b9dd6f7__seg_055,2026-08-10 15:17:30.617000+00:00,2026-08-10 15:17:54.699000+00:00,24.082,4,10.102,54,False,False
7232bc533c21ce408d45d473,93aafd38-c91e-42a7-b67f-90287b9dd6f7,7232bc533c21ce408d45d473__93aafd38-c91e-42a7-b67f-90287b9dd6f7__seg_056,2026-08-10 15:18:06.042000+00:00,2026-08-10 15:18:06.042000+00:00,0.0,1,,55,False,False
7232bc533c21ce408d45d473,93aafd38-c91e-42a7-b67f-90287b9dd6f7,7232bc533c21ce408d45d473__93aafd38-c91e-42a7-b67f-90287b9dd6f7__seg_057,2026-08-10 15:18:18.066000+00:00,2026-08-10 15:26:08.519000+00:00,470.453,221,2.005,56,True,False
7232bc533c21ce408d45d473,96f661cc-1233-4539-a814-c4c352953500,7232bc533c21ce408d45d473__96f661cc-1233-4539-a814-c4c352953500__seg_001,2026-08-08 10:43:00.803000+00:00,2026-08-08 10:57:06.528000+00:00,845.725,310,2.211,0,True,True
7232bc533c21ce408d45d473,96f661cc-1233-4539-a814-c4c352953500,7232bc533c21ce408d45d473__96f661cc-1233-4539-a814-c4c352953500__seg_002,2026-08-08 10:57:22.002000+00:00,2026-08-08 10:57:22.002000+00:00,0.0,1,,1,False,False
7232bc533c21ce408d45d473,96f661cc-1233-4539-a814-c4c352953500,7232bc533c21ce408d45d473__96f661cc-1233-4539-a814-c4c352953500__seg_003,2026-08-08 10:57:45.398000+00:00,2026-08-08 10:57:45.398000+00:00,0.0,1,,2,False,False
7232bc533c21ce408d45d473,96f661cc-1233-4539-a814-c4c352953500,7232bc533c21ce408d45d473__96f661cc-1233-4539-a814-c4c352953500__seg_004,2026-08-08 10:58:06.111000+00:00,2026-08-08 10:58:06.111000+00:00,0.0,1,,3,False,False
7232bc533c21ce408d45d473,96f661cc-1233-4539-a814-c4c352953500,7232bc533c21ce408d45d473__96f661cc-1233-4539-a814-c4c352953500__seg_005,2026-08-08 10:58:21.301000+00:00,2026-08-08 10:58:21.301000+00:00,0.0,1,,4,False,False
7232bc533c21ce408d45d473,96f661cc-1233-4539-a814-c4c352953500,7232bc533c21ce408d45d473__96f661cc-1233-4539-a814-c4c352953500__seg_006,2026-08-08 10:58:48.062000+00:00,2026-08-08 10:58:48.062000+00:00,0.0,1,,5,False,False
7232bc533c21ce408d45d473,96f661cc-1233-4539-a814-c4c352953500,7232bc533c21ce408d45d473__96f661cc-1233-4539-a814-c4c352953500__seg_007,2026-08-08 10:59:13.616000+00:00,2026-08-08 10:59:13.616000+00:00,0.0,1,,6,False,False
7232bc533c21ce408d45d473,96f661cc-1233-4539-a814-c4c352953500,7232bc533c21ce408d45d473__96f661cc-1233-4539-a814-c4c352953500__seg_008,2026-08-08 10:59:39.605000+00:00,2026-08-08 10:59:39.605000+00:00,0.0,1,,7,False,False
7232bc533c21ce408d45d473,96f661cc-1233-4539-a814-c4c352953500,7232bc533c21ce408d45d473__96f661cc-1233-4539-a814-c4c352953500__seg_009,2026-08-08 11:00:07.788000+00:00,2026-08-08 11:00:07.788000+00:00,0.0,1,,8,False,False
7232bc533c21ce408d45d473,96f661cc-1233-4539-a814-c4c352953500,7232bc533c21ce408d45d473__96f661cc-1233-4539-a814-c4c352953500__seg_010,2026-08-08 11:00:29.626000+00:00,2026-08-08 11:00:29.626000+00:00,0.0,1,,9,False,False
7232bc533c21ce408d45d473,96f661cc-1233-4539-a814-c4c352953500,7232bc533c21ce408d45d473__96f661cc-1233-4539-a814-c4c352953500__seg_011,2026-08-08 11:00:48.812000+00:00,2026-08-08 11:00:48.812000+00:00,0.0,1,,10,False,False
7232bc533c21ce408d45d473,96f661cc-1233-4539-a814-c4c352953500,7232bc533c21ce408d45d473__96f661cc-1233-4539-a814-c4c352953500__seg_012,2026-08-08 11:01:13.280000+00:00,2026-08-08 11:01:13.280000+00:00,0.0,1,,11,False,False
7232bc533c21ce408d45d473,96f661cc-1233-4539-a814-c4c352953500,7232bc533c21ce408d45d473__96f661cc-1233-4539-a814-c4c352953500__seg_013,2026-08-08 11:01:41.056000+00:00,2026-08-08 11:01:41.056000+00:00,0.0,1,,12,False,False
7232bc533c21ce408d45d473,96f661cc-1233-4539-a814-c4c352953500,7232bc533c21ce408d45d473__96f661cc-1233-4539-a814-c4c352953500__seg_014,2026-08-08 11:02:02.419000+00:00,2026-08-08 11:09:57.237000+00:00,474.818,193,2.0825,13,True,False
7232bc533c21ce408d45d473,96f661cc-1233-4539-a814-c4c352953500,7232bc533c21ce408d45d473__96f661cc-1233-4539-a814-c4c352953500__seg_015,2026-08-08 11:10:11.354000+00:00,2026-08-08 11:10:11.354000+00:00,0.0,1,,14,False,False
7232bc533c21ce408d45d473,96f661cc-1233-4539-a814-c4c352953500,7232bc533c21ce408d45d473__96f661cc-1233-4539-a814-c4c352953500__seg_016,2026-08-08 11:10:24.914000+00:00,2026-08-08 11:10:24.914000+00:00,0.0,1,,15,False,False
7232bc533c21ce408d45d473,96f661cc-1233-4539-a814-c4c352953500,7232bc533c21ce408d45d473__96f661cc-1233-4539-a814-c4c352953500__seg_017,2026-08-08 11:10:38.790000+00:00,2026-08-08 11:10:38.790000+00:00,0.0,1,,16,False,False
7232bc533c21ce408d45d473,96f661cc-1233-4539-a814-c4c352953500,7232bc533c21ce408d45d473__96f661cc-1233-4539-a814-c4c352953500__seg_018,2026-08-08 11:10:52.489000+00:00,2026-08-08 11:10:52.489000+00:00,0.0,1,,17,False,False
7232bc533c21ce408d45d473,96f661cc-1233-4539-a814-c4c352953500,7232bc533c21ce408d45d473__96f661cc-1233-4539-a814-c4c352953500__seg_019,2026-08-08 11:11:07.645000+00:00,2026-08-08 11:11:07.645000+00:00,0.0,1,,18,False,False
7232bc533c21ce408d45d473,96f661cc-1233-4539-a814-c4c352953500,7232bc533c21ce408d45d473__96f661cc-1233-4539-a814-c4c352953500__seg_020,2026-08-08 11:11:19.935000+00:00,2026-08-08 11:11:19.935000+00:00,0.0,1,,19,False,False
7232bc533c21ce408d45d473,96f661cc-1233-4539-a814-c4c352953500,7232bc533c21ce408d45d473__96f661cc-1233-4539-a814-c4c352953500__seg_021,2026-08-08 11:11:34.248000+00:00,2026-08-08 11:11:34.248000+00:00,0.0,1,,20,False,False
7232bc533c21ce408d45d473,96f661cc-1233-4539-a814-c4c352953500,7232bc533c21ce408d45d473__96f661cc-1233-4539-a814-c4c352953500__seg_022,2026-08-08 11:11:48.791000+00:00,2026-08-08 11:11:48.791000+00:00,0.0,1,,21,False,False
7232bc533c21ce408d45d473,96f661cc-1233-4539-a814-c4c352953500,7232bc533c21ce408d45d473__96f661cc-1233-4539-a814-c4c352953500__seg_023,2026-08-08 11:12:02.970000+00:00,2026-08-08 11:12:02.970000+00:00,0.0,1,,22,False,False
7232bc533c21ce408d45d473,96f661cc-1233-4539-a814-c4c352953500,7232bc533c21ce408d45d473__96f661cc-1233-4539-a814-c4c352953500__seg_024,2026-08-08 11:12:17.017000+00:00,2026-08-08 11:12:17.017000+00:00,0.0,1,,23,False,False
7232bc533c21ce408d45d473,96f661cc-1233-4539-a814-c4c352953500,7232bc533c21ce408d45d473__96f661cc-1233-4539-a814-c4c352953500__seg_025,2026-08-08 11:12:30.874000+00:00,2026-08-08 11:12:30.874000+00:00,0.0,1,,24,False,False
7232bc533c21ce408d45d473,96f661cc-1233-4539-a814-c4c352953500,7232bc533c21ce408d45d473__96f661cc-1233-4539-a814-c4c352953500__seg_026,2026-08-08 11:12:49.377000+00:00,2026-08-08 11:12:49.377000+00:00,0.0,1,,25,False,False
7232bc533c21ce408d45d473,96f661cc-1233-4539-a814-c4c352953500,7232bc533c21ce408d45d473__96f661cc-1233-4539-a814-c4c352953500__seg_027,2026-08-08 11:13:03.542000+00:00,2026-08-08 11:13:03.542000+00:00,0.0,1,,26,False,False
7232bc533c21ce408d45d473,96f661cc-1233-4539-a814-c4c352953500,7232bc533c21ce408d45d473__96f661cc-1233-4539-a814-c4c352953500__seg_028,2026-08-08 11:13:16.037000+00:00,2026-08-08 11:13:16.037000+00:00,0.0,1,,27,False,False
7232bc533c21ce408d45d473,96f661cc-1233-4539-a814-c4c352953500,7232bc533c21ce408d45d473__96f661cc-1233-4539-a814-c4c352953500__seg_029,2026-08-08 11:13:30.017000+00:00,2026-08-08 11:13:30.017000+00:00,0.0,1,,28,False,False
7232bc533c21ce408d45d473,96f661cc-1233-4539-a814-c4c352953500,7232bc533c21ce408d45d473__96f661cc-1233-4539-a814-c4c352953500__seg_030,2026-08-08 11:13:43.687000+00:00,2026-08-08 11:13:43.687000+00:00,0.0,1,,29,False,False
7232bc533c21ce408d45d473,96f661cc-1233-4539-a814-c4c352953500,7232bc533c21ce408d45d473__96f661cc-1233-4539-a814-c4c352953500__seg_031,2026-08-08 11:13:56.767000+00:00,2026-08-08 11:13:56.767000+00:00,0.0,1,,30,False,False
7232bc533c21ce408d45d473,96f661cc-1233-4539-a814-c4c352953500,7232bc533c21ce408d45d473__96f661cc-1233-4539-a814-c4c352953500__seg_032,2026-08-08 11:14:11.708000+00:00,2026-08-08 11:14:11.708000+00:00,0.0,1,,31,False,False
7232bc533c21ce408d45d473,96f661cc-1233-4539-a814-c4c352953500,7232bc533c21ce408d45d473__96f661cc-1233-4539-a814-c4c352953500__seg_033,2026-08-08 11:14:25.509000+00:00,2026-08-08 11:14:25.509000+00:00,0.0,1,,32,False,False
7232bc533c21ce408d45d473,96f661cc-1233-4539-a814-c4c352953500,7232bc533c21ce408d45d473__96f661cc-1233-4539-a814-c4c352953500__seg_034,2026-08-08 11:14:39.553000+00:00,2026-08-08 11:14:39.553000+00:00,0.0,1,,33,False,False
7232bc533c21ce408d45d473,96f661cc-1233-4539-a814-c4c352953500,7232bc533c21ce408d45d473__96f661cc-1233-4539-a814-c4c352953500__seg_035,2026-08-08 11:14:53.703000+00:00,2026-08-08 11:20:04.001000+00:00,310.298,151,2.0214999999999996,34,True,False
7232bc533c21ce408d45d473,96f661cc-1233-4539-a814-c4c352953500,7232bc533c21ce408d45d473__96f661cc-1233-4539-a814-c4c352953500__seg_036,2026-08-08 11:20:16.548000+00:00,2026-08-08 11:20:16.548000+00:00,0.0,1,,35,False,False
7232bc533c21ce408d45d473,96f661cc-1233-4539-a814-c4c352953500,7232bc533c21ce408d45d473__96f661cc-1233-4539-a814-c4c352953500__seg_037,2026-08-08 11:20:31.700000+00:00,2026-08-08 11:20:31.700000+00:00,0.0,1,,36,False,False
7232bc533c21ce408d45d473,96f661cc-1233-4539-a814-c4c352953500,7232bc533c21ce408d45d473__96f661cc-1233-4539-a814-c4c352953500__seg_038,2026-08-08 11:20:43.554000+00:00,2026-08-08 11:20:43.554000+00:00,0.0,1,,37,False,False
7232bc533c21ce408d45d473,96f661cc-1233-4539-a814-c4c352953500,7232bc533c21ce408d45d473__96f661cc-1233-4539-a814-c4c352953500__seg_039,2026-08-08 11:20:54.989000+00:00,2026-08-08 11:20:54.989000+00:00,0.0,1,,38,False,False
7232bc533c21ce408d45d473,96f661cc-1233-4539-a814-c4c352953500,7232bc533c21ce408d45d473__96f661cc-1233-4539-a814-c4c352953500__seg_040,2026-08-08 11:21:08.414000+00:00,2026-08-08 11:21:08.414000+00:00,0.0,1,,39,False,False
7232bc533c21ce408d45d473,96f661cc-1233-4539-a814-c4c352953500,7232bc533c21ce408d45d473__96f661cc-1233-4539-a814-c4c352953500__seg_041,2026-08-08 11:21:22.731000+00:00,2026-08-08 11:21:22.731000+00:00,0.0,1,,40,False,False
7232bc533c21ce408d45d473,96f661cc-1233-4539-a814-c4c352953500,7232bc533c21ce408d45d473__96f661cc-1233-4539-a814-c4c352953500__seg_042,2026-08-08 11:21:37.082000+00:00,2026-08-08 11:21:37.082000+00:00,0.0,1,,41,False,False
7232bc533c21ce408d45d473,96f661cc-1233-4539-a814-c4c352953500,7232bc533c21ce408d45d473__96f661cc-1233-4539-a814-c4c352953500__seg_043,2026-08-08 11:21:50.504000+00:00,2026-08-08 11:21:50.504000+00:00,0.0,1,,42,False,False
7232bc533c21ce408d45d473,96f661cc-1233-4539-a814-c4c352953500,7232bc533c21ce408d45d473__96f661cc-1233-4539-a814-c4c352953500__seg_044,2026-08-08 11:22:04.615000+00:00,2026-08-08 11:22:04.615000+00:00,0.0,1,,43,False,False
7232bc533c21ce408d45d473,96f661cc-1233-4539-a814-c4c352953500,7232bc533c21ce408d45d473__96f661cc-1233-4539-a814-c4c352953500__seg_045,2026-08-08 11:22:18.391000+00:00,2026-08-08 11:22:18.391000+00:00,0.0,1,,44,False,False
7232bc533c21ce408d45d473,96f661cc-1233-4539-a814-c4c352953500,7232bc533c21ce408d45d473__96f661cc-1233-4539-a814-c4c352953500__seg_046,2026-08-08 11:22:33.367000+00:00,2026-08-08 11:22:33.367000+00:00,0.0,1,,45,False,False
7232bc533c21ce408d45d473,96f661cc-1233-4539-a814-c4c352953500,7232bc533c21ce408d45d473__96f661cc-1233-4539-a814-c4c352953500__seg_047,2026-08-08 11:22:49.253000+00:00,2026-08-08 11:22:49.253000+00:00,0.0,1,,46,False,False
7232bc533c21ce408d45d473,96f661cc-1233-4539-a814-c4c352953500,7232bc533c21ce408d45d473__96f661cc-1233-4539-a814-c4c352953500__seg_048,2026-08-08 11:23:04.997000+00:00,2026-08-08 11:23:04.997000+00:00,0.0,1,,47,False,False
7232bc533c21ce408d45d473,96f661cc-1233-4539-a814-c4c352953500,7232bc533c21ce408d45d473__96f661cc-1233-4539-a814-c4c352953500__seg_049,2026-08-08 11:23:18.577000+00:00,2026-08-08 11:23:18.577000+00:00,0.0,1,,48,False,False
7232bc533c21ce408d45d473,96f661cc-1233-4539-a814-c4c352953500,7232bc533c21ce408d45d473__96f661cc-1233-4539-a814-c4c352953500__seg_050,2026-08-08 11:23:33.915000+00:00,2026-08-08 11:23:33.915000+00:00,0.0,1,,49,False,False
7232bc533c21ce408d45d473,96f661cc-1233-4539-a814-c4c352953500,7232bc533c21ce408d45d473__96f661cc-1233-4539-a814-c4c352953500__seg_051,2026-08-08 11:23:46.658000+00:00,2026-08-08 11:23:46.658000+00:00,0.0,1,,50,False,False
7232bc533c21ce408d45d473,96f661cc-1233-4539-a814-c4c352953500,7232bc533c21ce408d45d473__96f661cc-1233-4539-a814-c4c352953500__seg_052,2026-08-08 11:24:01.763000+00:00,2026-08-08 11:24:01.763000+00:00,0.0,1,,51,False,False
7232bc533c21ce408d45d473,96f661cc-1233-4539-a814-c4c352953500,7232bc533c21ce408d45d473__96f661cc-1233-4539-a814-c4c352953500__seg_053,2026-08-08 11:24:15.552000+00:00,2026-08-08 11:24:15.552000+00:00,0.0,1,,52,False,False
7232bc533c21ce408d45d473,96f661cc-1233-4539-a814-c4c352953500,7232bc533c21ce408d45d473__96f661cc-1233-4539-a814-c4c352953500__seg_054,2026-08-08 11:24:29.334000+00:00,2026-08-08 11:24:29.334000+00:00,0.0,1,,53,False,False
7232bc533c21ce408d45d473,96f661cc-1233-4539-a814-c4c352953500,7232bc533c21ce408d45d473__96f661cc-1233-4539-a814-c4c352953500__seg_055,2026-08-08 11:24:44.547000+00:00,2026-08-08 11:24:44.547000+00:00,0.0,1,,54,False,False
7232bc533c21ce408d45d473,96f661cc-1233-4539-a814-c4c352953500,7232bc533c21ce408d45d473__96f661cc-1233-4539-a814-c4c352953500__seg_056,2026-08-08 11:24:59.560000+00:00,2026-08-08 11:26:55.140000+00:00,115.58,52,2.044,55,False,False
7232bc533c21ce408d45d473,adc86181-d9a4-4cf6-a8be-4be144db7799,7232bc533c21ce408d45d473__adc86181-d9a4-4cf6-a8be-4be144db7799__seg_001,2026-08-11 19:23:54.041000+00:00,2026-08-11 20:26:46.341000+00:00,3772.3,1831,2.003,0,True,True
7232bc533c21ce408d45d473,adc86181-d9a4-4cf6-a8be-4be144db7799,7232bc533c21ce408d45d473__adc86181-d9a4-4cf6-a8be-4be144db7799__seg_002,2026-08-11 23:26:53.591000+00:00,2026-08-11 23:26:53.591000+00:00,0.0,1,,1,False,False
7232bc533c21ce408d45d473,adc86181-d9a4-4cf6-a8be-4be144db7799,7232bc533c21ce408d45d473__adc86181-d9a4-4cf6-a8be-4be144db7799__seg_003,2026-08-12 20:20:10.459000+00:00,2026-08-12 20:20:10.459000+00:00,0.0,1,,2,False,False
7232bc533c21ce408d45d473,b1dd3935-56dd-4497-a77e-67128988e2c9,7232bc533c21ce408d45d473__b1dd3935-56dd-4497-a77e-67128988e2c9__seg_001,2026-08-09 15:40:47.081000+00:00,2026-08-09 15:55:55.250000+00:00,908.169,414,2.028,0,True,True
7232bc533c21ce408d45d473,b1dd3935-56dd-4497-a77e-67128988e2c9,7232bc533c21ce408d45d473__b1dd3935-56dd-4497-a77e-67128988e2c9__seg_002,2026-08-09 15:56:05.978000+00:00,2026-08-09 15:56:05.978000+00:00,0.0,1,,1,False,False
7232bc533c21ce408d45d473,b1dd3935-56dd-4497-a77e-67128988e2c9,7232bc533c21ce408d45d473__b1dd3935-56dd-4497-a77e-67128988e2c9__seg_003,2026-08-09 15:56:18.010000+00:00,2026-08-09 15:56:18.010000+00:00,0.0,1,,2,False,False
7232bc533c21ce408d45d473,b1dd3935-56dd-4497-a77e-67128988e2c9,7232bc533c21ce408d45d473__b1dd3935-56dd-4497-a77e-67128988e2c9__seg_004,2026-08-09 15:56:28.428000+00:00,2026-08-09 15:56:28.428000+00:00,0.0,1,,3,False,False
7232bc533c21ce408d45d473,b1dd3935-56dd-4497-a77e-67128988e2c9,7232bc533c21ce408d45d473__b1dd3935-56dd-4497-a77e-67128988e2c9__seg_005,2026-08-09 15:56:41.142000+00:00,2026-08-09 15:56:41.142000+00:00,0.0,1,,4,False,False
7232bc533c21ce408d45d473,b1dd3935-56dd-4497-a77e-67128988e2c9,7232bc533c21ce408d45d473__b1dd3935-56dd-4497-a77e-67128988e2c9__seg_006,2026-08-09 15:56:54.221000+00:00,2026-08-09 15:56:54.221000+00:00,0.0,1,,5,False,False
7232bc533c21ce408d45d473,b1dd3935-56dd-4497-a77e-67128988e2c9,7232bc533c21ce408d45d473__b1dd3935-56dd-4497-a77e-67128988e2c9__seg_007,2026-08-09 15:57:08.161000+00:00,2026-08-09 15:57:08.161000+00:00,0.0,1,,6,False,False
7232bc533c21ce408d45d473,b1dd3935-56dd-4497-a77e-67128988e2c9,7232bc533c21ce408d45d473__b1dd3935-56dd-4497-a77e-67128988e2c9__seg_008,2026-08-09 15:57:21.546000+00:00,2026-08-09 15:57:21.546000+00:00,0.0,1,,7,False,False
7232bc533c21ce408d45d473,b1dd3935-56dd-4497-a77e-67128988e2c9,7232bc533c21ce408d45d473__b1dd3935-56dd-4497-a77e-67128988e2c9__seg_009,2026-08-09 15:57:33.770000+00:00,2026-08-09 15:57:33.770000+00:00,0.0,1,,8,False,False
7232bc533c21ce408d45d473,b1dd3935-56dd-4497-a77e-67128988e2c9,7232bc533c21ce408d45d473__b1dd3935-56dd-4497-a77e-67128988e2c9__seg_010,2026-08-09 15:57:45.631000+00:00,2026-08-09 15:57:45.631000+00:00,0.0,1,,9,False,False
7232bc533c21ce408d45d473,b1dd3935-56dd-4497-a77e-67128988e2c9,7232bc533c21ce408d45d473__b1dd3935-56dd-4497-a77e-67128988e2c9__seg_011,2026-08-09 15:57:56.443000+00:00,2026-08-09 15:57:56.443000+00:00,0.0,1,,10,False,False
7232bc533c21ce408d45d473,b1dd3935-56dd-4497-a77e-67128988e2c9,7232bc533c21ce408d45d473__b1dd3935-56dd-4497-a77e-67128988e2c9__seg_012,2026-08-09 15:58:07.952000+00:00,2026-08-09 15:58:07.952000+00:00,0.0,1,,11,False,False
7232bc533c21ce408d45d473,b1dd3935-56dd-4497-a77e-67128988e2c9,7232bc533c21ce408d45d473__b1dd3935-56dd-4497-a77e-67128988e2c9__seg_013,2026-08-09 15:58:20.132000+00:00,2026-08-09 15:58:20.132000+00:00,0.0,1,,12,False,False
7232bc533c21ce408d45d473,b1dd3935-56dd-4497-a77e-67128988e2c9,7232bc533c21ce408d45d473__b1dd3935-56dd-4497-a77e-67128988e2c9__seg_014,2026-08-09 15:58:32.251000+00:00,2026-08-09 15:58:32.251000+00:00,0.0,1,,13,False,False
7232bc533c21ce408d45d473,b1dd3935-56dd-4497-a77e-67128988e2c9,7232bc533c21ce408d45d473__b1dd3935-56dd-4497-a77e-67128988e2c9__seg_015,2026-08-09 15:58:47.014000+00:00,2026-08-09 15:58:47.014000+00:00,0.0,1,,14,False,False
7232bc533c21ce408d45d473,b1dd3935-56dd-4497-a77e-67128988e2c9,7232bc533c21ce408d45d473__b1dd3935-56dd-4497-a77e-67128988e2c9__seg_016,2026-08-09 15:58:59.073000+00:00,2026-08-09 15:58:59.073000+00:00,0.0,1,,15,False,False
7232bc533c21ce408d45d473,b1dd3935-56dd-4497-a77e-67128988e2c9,7232bc533c21ce408d45d473__b1dd3935-56dd-4497-a77e-67128988e2c9__seg_017,2026-08-09 15:59:10.201000+00:00,2026-08-09 15:59:10.201000+00:00,0.0,1,,16,False,False
7232bc533c21ce408d45d473,b1dd3935-56dd-4497-a77e-67128988e2c9,7232bc533c21ce408d45d473__b1dd3935-56dd-4497-a77e-67128988e2c9__seg_018,2026-08-09 15:59:22.013000+00:00,2026-08-09 15:59:22.013000+00:00,0.0,1,,17,False,False
7232bc533c21ce408d45d473,b1dd3935-56dd-4497-a77e-67128988e2c9,7232bc533c21ce408d45d473__b1dd3935-56dd-4497-a77e-67128988e2c9__seg_019,2026-08-09 15:59:32.940000+00:00,2026-08-09 15:59:32.940000+00:00,0.0,1,,18,False,False
7232bc533c21ce408d45d473,b1dd3935-56dd-4497-a77e-67128988e2c9,7232bc533c21ce408d45d473__b1dd3935-56dd-4497-a77e-67128988e2c9__seg_020,2026-08-09 15:59:45.296000+00:00,2026-08-09 15:59:45.296000+00:00,0.0,1,,19,False,False
7232bc533c21ce408d45d473,b1dd3935-56dd-4497-a77e-67128988e2c9,7232bc533c21ce408d45d473__b1dd3935-56dd-4497-a77e-67128988e2c9__seg_021,2026-08-09 15:59:58.689000+00:00,2026-08-09 15:59:58.689000+00:00,0.0,1,,20,False,False
7232bc533c21ce408d45d473,b1dd3935-56dd-4497-a77e-67128988e2c9,7232bc533c21ce408d45d473__b1dd3935-56dd-4497-a77e-67128988e2c9__seg_022,2026-08-09 16:00:14.677000+00:00,2026-08-09 16:00:14.677000+00:00,0.0,1,,21,False,False
7232bc533c21ce408d45d473,b1dd3935-56dd-4497-a77e-67128988e2c9,7232bc533c21ce408d45d473__b1dd3935-56dd-4497-a77e-67128988e2c9__seg_023,2026-08-09 16:00:28.303000+00:00,2026-08-09 16:00:28.303000+00:00,0.0,1,,22,False,False
7232bc533c21ce408d45d473,b1dd3935-56dd-4497-a77e-67128988e2c9,7232bc533c21ce408d45d473__b1dd3935-56dd-4497-a77e-67128988e2c9__seg_024,2026-08-09 16:00:41.592000+00:00,2026-08-09 16:00:41.592000+00:00,0.0,1,,23,False,False
7232bc533c21ce408d45d473,b1dd3935-56dd-4497-a77e-67128988e2c9,7232bc533c21ce408d45d473__b1dd3935-56dd-4497-a77e-67128988e2c9__seg_025,2026-08-09 16:00:53.407000+00:00,2026-08-09 16:01:40.496000+00:00,47.089,24,2.006,24,False,False
7232bc533c21ce408d45d473,d88b15dd-1915-43ca-90ef-69f31ff4d9c1,7232bc533c21ce408d45d473__d88b15dd-1915-43ca-90ef-69f31ff4d9c1__seg_001,2026-07-28 10:38:24.832000+00:00,2026-07-28 10:40:42.495000+00:00,137.663,43,2.35,0,False,False
7232bc533c21ce408d45d473,d88b15dd-1915-43ca-90ef-69f31ff4d9c1,7232bc533c21ce408d45d473__d88b15dd-1915-43ca-90ef-69f31ff4d9c1__seg_002,2026-07-28 10:40:53.862000+00:00,2026-07-28 10:50:57.457000+00:00,603.595,214,2.027,1,True,False
7232bc533c21ce408d45d473,d88b15dd-1915-43ca-90ef-69f31ff4d9c1,7232bc533c21ce408d45d473__d88b15dd-1915-43ca-90ef-69f31ff4d9c1__seg_003,2026-07-28 10:51:07.818000+00:00,2026-07-28 10:51:09.343000+00:00,1.525,2,1.525,2,False,False
7232bc533c21ce408d45d473,d88b15dd-1915-43ca-90ef-69f31ff4d9c1,7232bc533c21ce408d45d473__d88b15dd-1915-43ca-90ef-69f31ff4d9c1__seg_004,2026-07-28 10:51:22.201000+00:00,2026-07-28 10:56:31.501000+00:00,309.3,115,2.0389999999999997,3,False,False
7232bc533c21ce408d45d473,d88b15dd-1915-43ca-90ef-69f31ff4d9c1,7232bc533c21ce408d45d473__d88b15dd-1915-43ca-90ef-69f31ff4d9c1__seg_005,2026-07-28 10:56:45.655000+00:00,2026-07-28 11:09:08.328000+00:00,742.673,295,2.027,4,True,True
7232bc533c21ce408d45d473,d88b15dd-1915-43ca-90ef-69f31ff4d9c1,7232bc533c21ce408d45d473__d88b15dd-1915-43ca-90ef-69f31ff4d9c1__seg_006,2026-07-28 11:09:21.149000+00:00,2026-07-28 11:09:21.149000+00:00,0.0,1,,5,False,False
7232bc533c21ce408d45d473,d88b15dd-1915-43ca-90ef-69f31ff4d9c1,7232bc533c21ce408d45d473__d88b15dd-1915-43ca-90ef-69f31ff4d9c1__seg_007,2026-07-28 11:09:33.248000+00:00,2026-07-28 11:09:33.248000+00:00,0.0,1,,6,False,False
7232bc533c21ce408d45d473,d88b15dd-1915-43ca-90ef-69f31ff4d9c1,7232bc533c21ce408d45d473__d88b15dd-1915-43ca-90ef-69f31ff4d9c1__seg_008,2026-07-28 11:09:45.276000+00:00,2026-07-28 11:09:45.276000+00:00,0.0,1,,7,False,False
7232bc533c21ce408d45d473,d88b15dd-1915-43ca-90ef-69f31ff4d9c1,7232bc533c21ce408d45d473__d88b15dd-1915-43ca-90ef-69f31ff4d9c1__seg_009,2026-07-28 11:09:57.470000+00:00,2026-07-28 11:09:57.470000+00:00,0.0,1,,8,False,False
7232bc533c21ce408d45d473,d88b15dd-1915-43ca-90ef-69f31ff4d9c1,7232bc533c21ce408d45d473__d88b15dd-1915-43ca-90ef-69f31ff4d9c1__seg_010,2026-07-28 11:10:09.454000+00:00,2026-07-28 11:10:09.454000+00:00,0.0,1,,9,False,False
7232bc533c21ce408d45d473,d88b15dd-1915-43ca-90ef-69f31ff4d9c1,7232bc533c21ce408d45d473__d88b15dd-1915-43ca-90ef-69f31ff4d9c1__seg_011,2026-07-28 11:10:20.880000+00:00,2026-07-28 11:10:20.880000+00:00,0.0,1,,10,False,False
7232bc533c21ce408d45d473,d88b15dd-1915-43ca-90ef-69f31ff4d9c1,7232bc533c21ce408d45d473__d88b15dd-1915-43ca-90ef-69f31ff4d9c1__seg_012,2026-07-28 11:10:32.927000+00:00,2026-07-28 11:10:32.927000+00:00,0.0,1,,11,False,False
7232bc533c21ce408d45d473,d88b15dd-1915-43ca-90ef-69f31ff4d9c1,7232bc533c21ce408d45d473__d88b15dd-1915-43ca-90ef-69f31ff4d9c1__seg_013,2026-07-28 11:10:45.718000+00:00,2026-07-28 11:10:45.718000+00:00,0.0,1,,12,False,False
7232bc533c21ce408d45d473,d88b15dd-1915-43ca-90ef-69f31ff4d9c1,7232bc533c21ce408d45d473__d88b15dd-1915-43ca-90ef-69f31ff4d9c1__seg_014,2026-07-28 11:10:57.027000+00:00,2026-07-28 11:21:04.989000+00:00,607.962,252,2.026,13,True,True
7232bc533c21ce408d45d473,d88b15dd-1915-43ca-90ef-69f31ff4d9c1,7232bc533c21ce408d45d473__d88b15dd-1915-43ca-90ef-69f31ff4d9c1__seg_015,2026-07-28 11:21:16.217000+00:00,2026-07-28 11:21:16.217000+00:00,0.0,1,,14,False,False
7232bc533c21ce408d45d473,d88b15dd-1915-43ca-90ef-69f31ff4d9c1,7232bc533c21ce408d45d473__d88b15dd-1915-43ca-90ef-69f31ff4d9c1__seg_016,2026-07-28 11:21:30.140000+00:00,2026-07-28 11:21:30.140000+00:00,0.0,1,,15,False,False
7232bc533c21ce408d45d473,d88b15dd-1915-43ca-90ef-69f31ff4d9c1,7232bc533c21ce408d45d473__d88b15dd-1915-43ca-90ef-69f31ff4d9c1__seg_017,2026-07-28 11:21:43.083000+00:00,2026-07-28 11:21:43.083000+00:00,0.0,1,,16,False,False
7232bc533c21ce408d45d473,d88b15dd-1915-43ca-90ef-69f31ff4d9c1,7232bc533c21ce408d45d473__d88b15dd-1915-43ca-90ef-69f31ff4d9c1__seg_018,2026-07-28 11:21:54.179000+00:00,2026-07-28 11:25:58.006000+00:00,243.827,94,2.045,17,False,False
7232bc533c21ce408d45d473,d88b15dd-1915-43ca-90ef-69f31ff4d9c1,7232bc533c21ce408d45d473__d88b15dd-1915-43ca-90ef-69f31ff4d9c1__seg_019,2026-07-28 11:26:17.585000+00:00,2026-07-28 11:26:17.585000+00:00,0.0,1,,18,False,False
7232bc533c21ce408d45d473,d88b15dd-1915-43ca-90ef-69f31ff4d9c1,7232bc533c21ce408d45d473__d88b15dd-1915-43ca-90ef-69f31ff4d9c1__seg_020,2026-07-28 11:26:31.953000+00:00,2026-07-28 11:26:31.953000+00:00,0.0,1,,19,False,False
7232bc533c21ce408d45d473,d88b15dd-1915-43ca-90ef-69f31ff4d9c1,7232bc533c21ce408d45d473__d88b15dd-1915-43ca-90ef-69f31ff4d9c1__seg_021,2026-07-28 11:26:46.317000+00:00,2026-07-28 11:26:46.317000+00:00,0.0,1,,20,False,False
7232bc533c21ce408d45d473,d88b15dd-1915-43ca-90ef-69f31ff4d9c1,7232bc533c21ce408d45d473__d88b15dd-1915-43ca-90ef-69f31ff4d9c1__seg_022,2026-07-28 11:27:02.845000+00:00,2026-07-28 11:27:02.845000+00:00,0.0,1,,21,False,False
7232bc533c21ce408d45d473,d88b15dd-1915-43ca-90ef-69f31ff4d9c1,7232bc533c21ce408d45d473__d88b15dd-1915-43ca-90ef-69f31ff4d9c1__seg_023,2026-07-28 11:27:20.920000+00:00,2026-07-28 11:27:20.920000+00:00,0.0,1,,22,False,False
7232bc533c21ce408d45d473,d88b15dd-1915-43ca-90ef-69f31ff4d9c1,7232bc533c21ce408d45d473__d88b15dd-1915-43ca-90ef-69f31ff4d9c1__seg_024,2026-07-28 11:27:35.287000+00:00,2026-07-28 11:27:35.287000+00:00,0.0,1,,23,False,False
7232bc533c21ce408d45d473,d88b15dd-1915-43ca-90ef-69f31ff4d9c1,7232bc533c21ce408d45d473__d88b15dd-1915-43ca-90ef-69f31ff4d9c1__seg_025,2026-07-28 11:27:46.411000+00:00,2026-07-28 11:35:14.434000+00:00,448.023,182,2.057,24,True,False
7232bc533c21ce408d45d473,d88b15dd-1915-43ca-90ef-69f31ff4d9c1,7232bc533c21ce408d45d473__d88b15dd-1915-43ca-90ef-69f31ff4d9c1__seg_026,2026-07-28 11:35:25.553000+00:00,2026-07-28 11:37:38.910000+00:00,133.357,42,2.11,25,False,False
7232bc533c21ce408d45d473,d88b15dd-1915-43ca-90ef-69f31ff4d9c1,7232bc533c21ce408d45d473__d88b15dd-1915-43ca-90ef-69f31ff4d9c1__seg_027,2026-07-28 11:37:51.213000+00:00,2026-07-28 11:37:51.213000+00:00,0.0,1,,26,False,False
7232bc533c21ce408d45d473,d88b15dd-1915-43ca-90ef-69f31ff4d9c1,7232bc533c21ce408d45d473__d88b15dd-1915-43ca-90ef-69f31ff4d9c1__seg_028,2026-07-28 11:38:02.738000+00:00,2026-07-28 11:58:20.225000+00:00,1217.487,484,2.067,27,True,True
7232bc533c21ce408d45d473,d88b15dd-1915-43ca-90ef-69f31ff4d9c1,7232bc533c21ce408d45d473__d88b15dd-1915-43ca-90ef-69f31ff4d9c1__seg_029,2026-07-28 11:58:31.449000+00:00,2026-07-28 11:59:59.839000+00:00,88.39,15,8.665500000000002,28,False,False
7232bc533c21ce408d45d473,d88b15dd-1915-43ca-90ef-69f31ff4d9c1,7232bc533c21ce408d45d473__d88b15dd-1915-43ca-90ef-69f31ff4d9c1__seg_030,2026-07-28 12:10:53.034000+00:00,2026-07-28 12:22:14.981000+00:00,681.947,228,2.159,29,True,True
7232bc533c21ce408d45d473,d88b15dd-1915-43ca-90ef-69f31ff4d9c1,7232bc533c21ce408d45d473__d88b15dd-1915-43ca-90ef-69f31ff4d9c1__seg_031,2026-07-28 12:22:28.066000+00:00,2026-07-28 12:22:28.066000+00:00,0.0,1,,30,False,False
7232bc533c21ce408d45d473,d88b15dd-1915-43ca-90ef-69f31ff4d9c1,7232bc533c21ce408d45d473__d88b15dd-1915-43ca-90ef-69f31ff4d9c1__seg_032,2026-07-28 12:22:42.048000+00:00,2026-07-28 12:22:42.048000+00:00,0.0,1,,31,False,False
7232bc533c21ce408d45d473,d88b15dd-1915-43ca-90ef-69f31ff4d9c1,7232bc533c21ce408d45d473__d88b15dd-1915-43ca-90ef-69f31ff4d9c1__seg_033,2026-07-28 12:22:56.551000+00:00,2026-07-28 12:22:56.551000+00:00,0.0,1,,32,False,False
7232bc533c21ce408d45d473,d88b15dd-1915-43ca-90ef-69f31ff4d9c1,7232bc533c21ce408d45d473__d88b15dd-1915-43ca-90ef-69f31ff4d9c1__seg_034,2026-07-28 12:23:09.536000+00:00,2026-07-28 12:23:09.536000+00:00,0.0,1,,33,False,False
7232bc533c21ce408d45d473,d88b15dd-1915-43ca-90ef-69f31ff4d9c1,7232bc533c21ce408d45d473__d88b15dd-1915-43ca-90ef-69f31ff4d9c1__seg_035,2026-07-28 12:23:21.422000+00:00,2026-07-28 12:23:21.422000+00:00,0.0,1,,34,False,False
7232bc533c21ce408d45d473,d88b15dd-1915-43ca-90ef-69f31ff4d9c1,7232bc533c21ce408d45d473__d88b15dd-1915-43ca-90ef-69f31ff4d9c1__seg_036,2026-07-28 12:23:33.575000+00:00,2026-07-28 12:23:33.575000+00:00,0.0,1,,35,False,False
7232bc533c21ce408d45d473,d88b15dd-1915-43ca-90ef-69f31ff4d9c1,7232bc533c21ce408d45d473__d88b15dd-1915-43ca-90ef-69f31ff4d9c1__seg_037,2026-07-28 12:23:45.490000+00:00,2026-07-28 12:23:45.490000+00:00,0.0,1,,36,False,False
7232bc533c21ce408d45d473,d88b15dd-1915-43ca-90ef-69f31ff4d9c1,7232bc533c21ce408d45d473__d88b15dd-1915-43ca-90ef-69f31ff4d9c1__seg_038,2026-07-28 12:23:57.428000+00:00,2026-07-28 12:23:57.428000+00:00,0.0,1,,37,False,False
7232bc533c21ce408d45d473,d88b15dd-1915-43ca-90ef-69f31ff4d9c1,7232bc533c21ce408d45d473__d88b15dd-1915-43ca-90ef-69f31ff4d9c1__seg_039,2026-07-28 12:24:09.269000+00:00,2026-07-28 12:24:09.269000+00:00,0.0,1,,38,False,False
7232bc533c21ce408d45d473,d88b15dd-1915-43ca-90ef-69f31ff4d9c1,7232bc533c21ce408d45d473__d88b15dd-1915-43ca-90ef-69f31ff4d9c1__seg_040,2026-07-28 12:24:21.482000+00:00,2026-07-28 12:24:21.482000+00:00,0.0,1,,39,False,False
7232bc533c21ce408d45d473,d88b15dd-1915-43ca-90ef-69f31ff4d9c1,7232bc533c21ce408d45d473__d88b15dd-1915-43ca-90ef-69f31ff4d9c1__seg_041,2026-07-28 12:24:33.576000+00:00,2026-07-28 12:24:33.576000+00:00,0.0,1,,40,False,False
7232bc533c21ce408d45d473,d88b15dd-1915-43ca-90ef-69f31ff4d9c1,7232bc533c21ce408d45d473__d88b15dd-1915-43ca-90ef-69f31ff4d9c1__seg_042,2026-07-28 12:24:45.271000+00:00,2026-07-28 12:24:45.271000+00:00,0.0,1,,41,False,False
7232bc533c21ce408d45d473,d88b15dd-1915-43ca-90ef-69f31ff4d9c1,7232bc533c21ce408d45d473__d88b15dd-1915-43ca-90ef-69f31ff4d9c1__seg_043,2026-07-28 12:24:57.209000+00:00,2026-07-28 12:24:57.209000+00:00,0.0,1,,42,False,False
7232bc533c21ce408d45d473,d88b15dd-1915-43ca-90ef-69f31ff4d9c1,7232bc533c21ce408d45d473__d88b15dd-1915-43ca-90ef-69f31ff4d9c1__seg_044,2026-07-28 12:25:08.397000+00:00,2026-07-28 12:33:22.497000+00:00,494.1,178,2.048,43,True,False
7232bc533c21ce408d45d473,d88b15dd-1915-43ca-90ef-69f31ff4d9c1,7232bc533c21ce408d45d473__d88b15dd-1915-43ca-90ef-69f31ff4d9c1__seg_045,2026-07-28 12:51:35.293000+00:00,2026-07-28 12:51:47.312000+00:00,12.019,3,6.0095,44,False,False
7232bc533c21ce408d45d473,d88b15dd-1915-43ca-90ef-69f31ff4d9c1,7232bc533c21ce408d45d473__d88b15dd-1915-43ca-90ef-69f31ff4d9c1__seg_046,2026-07-28 12:51:57.943000+00:00,2026-07-28 12:51:57.943000+00:00,0.0,1,,45,False,False
7232bc533c21ce408d45d473,d88b15dd-1915-43ca-90ef-69f31ff4d9c1,7232bc533c21ce408d45d473__d88b15dd-1915-43ca-90ef-69f31ff4d9c1__seg_047,2026-07-28 12:52:09.376000+00:00,2026-07-28 12:52:53.166000+00:00,43.79,7,10.0365,46,False,False
7232bc533c21ce408d45d473,d88b15dd-1915-43ca-90ef-69f31ff4d9c1,7232bc533c21ce408d45d473__d88b15dd-1915-43ca-90ef-69f31ff4d9c1__seg_048,2026-07-28 12:53:03.564000+00:00,2026-07-28 12:53:25.073000+00:00,21.509,4,9.727,47,False,False
7232bc533c21ce408d45d473,d88b15dd-1915-43ca-90ef-69f31ff4d9c1,7232bc533c21ce408d45d473__d88b15dd-1915-43ca-90ef-69f31ff4d9c1__seg_049,2026-07-28 12:53:35.436000+00:00,2026-07-28 13:01:09.213000+00:00,453.777,178,2.022,48,True,False
7232bc533c21ce408d45d473,d88b15dd-1915-43ca-90ef-69f31ff4d9c1,7232bc533c21ce408d45d473__d88b15dd-1915-43ca-90ef-69f31ff4d9c1__seg_050,2026-07-28 13:01:19.624000+00:00,2026-07-28 13:02:51.110000+00:00,91.486,15,9.775500000000001,49,False,False
7232bc533c21ce408d45d473,d88b15dd-1915-43ca-90ef-69f31ff4d9c1,7232bc533c21ce408d45d473__d88b15dd-1915-43ca-90ef-69f31ff4d9c1__seg_051,2026-07-28 13:03:01.419000+00:00,2026-07-28 13:03:10.951000+00:00,9.532,2,9.532,50,False,False
7232bc533c21ce408d45d473,d88b15dd-1915-43ca-90ef-69f31ff4d9c1,7232bc533c21ce408d45d473__d88b15dd-1915-43ca-90ef-69f31ff4d9c1__seg_052,2026-07-28 13:03:21.457000+00:00,2026-07-28 13:10:16.143000+00:00,414.686,163,2.0309999999999997,51,True,False
7232bc533c21ce408d45d473,ec61755d-b5be-42ac-875d-3123e92add7a,7232bc533c21ce408d45d473__ec61755d-b5be-42ac-875d-3123e92add7a__seg_001,2026-07-28 15:15:18.443000+00:00,2026-07-28 15:21:38.122000+00:00,379.679,96,2.234,0,False,False
7232bc533c21ce408d45d473,ec61755d-b5be-42ac-875d-3123e92add7a,7232bc533c21ce408d45d473__ec61755d-b5be-42ac-875d-3123e92add7a__seg_002,2026-07-28 15:21:49.070000+00:00,2026-07-28 15:25:06.462000+00:00,197.392,53,2.5385,1,False,False
7232bc533c21ce408d45d473,ec61755d-b5be-42ac-875d-3123e92add7a,7232bc533c21ce408d45d473__ec61755d-b5be-42ac-875d-3123e92add7a__seg_003,2026-07-28 15:25:18.800000+00:00,2026-07-28 15:25:18.800000+00:00,0.0,1,,2,False,False
7232bc533c21ce408d45d473,ec61755d-b5be-42ac-875d-3123e92add7a,7232bc533c21ce408d45d473__ec61755d-b5be-42ac-875d-3123e92add7a__seg_004,2026-07-28 15:25:31.653000+00:00,2026-07-28 15:25:31.653000+00:00,0.0,1,,3,False,False
7232bc533c21ce408d45d473,ec61755d-b5be-42ac-875d-3123e92add7a,7232bc533c21ce408d45d473__ec61755d-b5be-42ac-875d-3123e92add7a__seg_005,2026-07-28 15:25:43.065000+00:00,2026-07-28 15:25:43.065000+00:00,0.0,1,,4,False,False
7232bc533c21ce408d45d473,ec61755d-b5be-42ac-875d-3123e92add7a,7232bc533c21ce408d45d473__ec61755d-b5be-42ac-875d-3123e92add7a__seg_006,2026-07-28 15:25:55.207000+00:00,2026-07-28 15:25:55.207000+00:00,0.0,1,,5,False,False
7232bc533c21ce408d45d473,ec61755d-b5be-42ac-875d-3123e92add7a,7232bc533c21ce408d45d473__ec61755d-b5be-42ac-875d-3123e92add7a__seg_007,2026-07-28 15:26:07.151000+00:00,2026-07-28 15:26:07.151000+00:00,0.0,1,,6,False,False
7232bc533c21ce408d45d473,ec61755d-b5be-42ac-875d-3123e92add7a,7232bc533c21ce408d45d473__ec61755d-b5be-42ac-875d-3123e92add7a__seg_008,2026-07-28 15:26:20.885000+00:00,2026-07-28 15:26:20.885000+00:00,0.0,1,,7,False,False
7232bc533c21ce408d45d473,ec61755d-b5be-42ac-875d-3123e92add7a,7232bc533c21ce408d45d473__ec61755d-b5be-42ac-875d-3123e92add7a__seg_009,2026-07-28 15:26:33.292000+00:00,2026-07-28 15:26:33.292000+00:00,0.0,1,,8,False,False
7232bc533c21ce408d45d473,ec61755d-b5be-42ac-875d-3123e92add7a,7232bc533c21ce408d45d473__ec61755d-b5be-42ac-875d-3123e92add7a__seg_010,2026-07-28 15:26:45.041000+00:00,2026-07-28 15:26:45.041000+00:00,0.0,1,,9,False,False
7232bc533c21ce408d45d473,ec61755d-b5be-42ac-875d-3123e92add7a,7232bc533c21ce408d45d473__ec61755d-b5be-42ac-875d-3123e92add7a__seg_011,2026-07-28 15:26:56.811000+00:00,2026-07-28 15:26:56.811000+00:00,0.0,1,,10,False,False
7232bc533c21ce408d45d473,ec61755d-b5be-42ac-875d-3123e92add7a,7232bc533c21ce408d45d473__ec61755d-b5be-42ac-875d-3123e92add7a__seg_012,2026-07-28 15:27:09.099000+00:00,2026-07-28 15:27:09.099000+00:00,0.0,1,,11,False,False
7232bc533c21ce408d45d473,ec61755d-b5be-42ac-875d-3123e92add7a,7232bc533c21ce408d45d473__ec61755d-b5be-42ac-875d-3123e92add7a__seg_013,2026-07-28 15:27:20.781000+00:00,2026-07-28 15:27:20.781000+00:00,0.0,1,,12,False,False
7232bc533c21ce408d45d473,ec61755d-b5be-42ac-875d-3123e92add7a,7232bc533c21ce408d45d473__ec61755d-b5be-42ac-875d-3123e92add7a__seg_014,2026-07-28 15:27:32.096000+00:00,2026-07-28 15:27:32.096000+00:00,0.0,1,,13,False,False
7232bc533c21ce408d45d473,ec61755d-b5be-42ac-875d-3123e92add7a,7232bc533c21ce408d45d473__ec61755d-b5be-42ac-875d-3123e92add7a__seg_015,2026-07-28 15:27:43.062000+00:00,2026-07-28 15:31:14.837000+00:00,211.775,81,2.0700000000000003,14,False,False
7232bc533c21ce408d45d473,ec61755d-b5be-42ac-875d-3123e92add7a,7232bc533c21ce408d45d473__ec61755d-b5be-42ac-875d-3123e92add7a__seg_016,2026-07-28 15:31:25.333000+00:00,2026-07-28 15:32:06.286000+00:00,40.953,6,9.931,15,False,False
7232bc533c21ce408d45d473,ec61755d-b5be-42ac-875d-3123e92add7a,7232bc533c21ce408d45d473__ec61755d-b5be-42ac-875d-3123e92add7a__seg_017,2026-07-28 15:32:16.851000+00:00,2026-07-28 15:36:28.597000+00:00,251.746,74,2.307,16,False,False
7232bc533c21ce408d45d473,ec61755d-b5be-42ac-875d-3123e92add7a,7232bc533c21ce408d45d473__ec61755d-b5be-42ac-875d-3123e92add7a__seg_018,2026-07-28 15:36:41.786000+00:00,2026-07-28 15:36:41.786000+00:00,0.0,1,,17,False,False
7232bc533c21ce408d45d473,ec61755d-b5be-42ac-875d-3123e92add7a,7232bc533c21ce408d45d473__ec61755d-b5be-42ac-875d-3123e92add7a__seg_019,2026-07-28 15:36:55.571000+00:00,2026-07-28 15:36:55.571000+00:00,0.0,1,,18,False,False
7232bc533c21ce408d45d473,ec61755d-b5be-42ac-875d-3123e92add7a,7232bc533c21ce408d45d473__ec61755d-b5be-42ac-875d-3123e92add7a__seg_020,2026-07-28 15:37:07.180000+00:00,2026-07-28 15:37:07.180000+00:00,0.0,1,,19,False,False
7232bc533c21ce408d45d473,ec61755d-b5be-42ac-875d-3123e92add7a,7232bc533c21ce408d45d473__ec61755d-b5be-42ac-875d-3123e92add7a__seg_021,2026-07-28 15:37:19.222000+00:00,2026-07-28 15:37:19.222000+00:00,0.0,1,,20,False,False
7232bc533c21ce408d45d473,ec61755d-b5be-42ac-875d-3123e92add7a,7232bc533c21ce408d45d473__ec61755d-b5be-42ac-875d-3123e92add7a__seg_022,2026-07-28 15:37:31.092000+00:00,2026-07-28 15:37:31.092000+00:00,0.0,1,,21,False,False
7232bc533c21ce408d45d473,ec61755d-b5be-42ac-875d-3123e92add7a,7232bc533c21ce408d45d473__ec61755d-b5be-42ac-875d-3123e92add7a__seg_023,2026-07-28 15:37:43.388000+00:00,2026-07-28 15:37:43.388000+00:00,0.0,1,,22,False,False
7232bc533c21ce408d45d473,ec61755d-b5be-42ac-875d-3123e92add7a,7232bc533c21ce408d45d473__ec61755d-b5be-42ac-875d-3123e92add7a__seg_024,2026-07-28 15:37:55.258000+00:00,2026-07-28 15:37:55.258000+00:00,0.0,1,,23,False,False
7232bc533c21ce408d45d473,ec61755d-b5be-42ac-875d-3123e92add7a,7232bc533c21ce408d45d473__ec61755d-b5be-42ac-875d-3123e92add7a__seg_025,2026-07-28 15:38:07.219000+00:00,2026-07-28 15:38:07.219000+00:00,0.0,1,,24,False,False
7232bc533c21ce408d45d473,ec61755d-b5be-42ac-875d-3123e92add7a,7232bc533c21ce408d45d473__ec61755d-b5be-42ac-875d-3123e92add7a__seg_026,2026-07-28 15:38:20.462000+00:00,2026-07-28 15:38:20.462000+00:00,0.0,1,,25,False,False
7232bc533c21ce408d45d473,ec61755d-b5be-42ac-875d-3123e92add7a,7232bc533c21ce408d45d473__ec61755d-b5be-42ac-875d-3123e92add7a__seg_027,2026-07-28 15:38:33.383000+00:00,2026-07-28 15:38:33.383000+00:00,0.0,1,,26,False,False
7232bc533c21ce408d45d473,ec61755d-b5be-42ac-875d-3123e92add7a,7232bc533c21ce408d45d473__ec61755d-b5be-42ac-875d-3123e92add7a__seg_028,2026-07-28 15:38:45.062000+00:00,2026-07-28 15:38:45.062000+00:00,0.0,1,,27,False,False
7232bc533c21ce408d45d473,ec61755d-b5be-42ac-875d-3123e92add7a,7232bc533c21ce408d45d473__ec61755d-b5be-42ac-875d-3123e92add7a__seg_029,2026-07-28 15:38:57.025000+00:00,2026-07-28 15:38:57.025000+00:00,0.0,1,,28,False,False
7232bc533c21ce408d45d473,ec61755d-b5be-42ac-875d-3123e92add7a,7232bc533c21ce408d45d473__ec61755d-b5be-42ac-875d-3123e92add7a__seg_030,2026-07-28 15:39:09.715000+00:00,2026-07-28 15:39:09.715000+00:00,0.0,1,,29,False,False
7232bc533c21ce408d45d473,ec61755d-b5be-42ac-875d-3123e92add7a,7232bc533c21ce408d45d473__ec61755d-b5be-42ac-875d-3123e92add7a__seg_031,2026-07-28 15:39:23.721000+00:00,2026-07-28 15:54:23+00:00,899.279,312,2.133,30,True,True
7232bc533c21ce408d45d473,ec61755d-b5be-42ac-875d-3123e92add7a,7232bc533c21ce408d45d473__ec61755d-b5be-42ac-875d-3123e92add7a__seg_032,2026-07-28 15:54:35.347000+00:00,2026-07-28 15:54:35.347000+00:00,0.0,1,,31,False,False
7232bc533c21ce408d45d473,ec61755d-b5be-42ac-875d-3123e92add7a,7232bc533c21ce408d45d473__ec61755d-b5be-42ac-875d-3123e92add7a__seg_033,2026-07-28 15:54:47.859000+00:00,2026-07-28 15:54:47.859000+00:00,0.0,1,,32,False,False
7232bc533c21ce408d45d473,ec61755d-b5be-42ac-875d-3123e92add7a,7232bc533c21ce408d45d473__ec61755d-b5be-42ac-875d-3123e92add7a__seg_034,2026-07-28 15:55:01.657000+00:00,2026-07-28 15:55:01.657000+00:00,0.0,1,,33,False,False
7232bc533c21ce408d45d473,ec61755d-b5be-42ac-875d-3123e92add7a,7232bc533c21ce408d45d473__ec61755d-b5be-42ac-875d-3123e92add7a__seg_035,2026-07-28 15:55:15.046000+00:00,2026-07-28 15:55:15.046000+00:00,0.0,1,,34,False,False
7232bc533c21ce408d45d473,ec61755d-b5be-42ac-875d-3123e92add7a,7232bc533c21ce408d45d473__ec61755d-b5be-42ac-875d-3123e92add7a__seg_036,2026-07-28 15:55:27.540000+00:00,2026-07-28 15:55:27.540000+00:00,0.0,1,,35,False,False
7232bc533c21ce408d45d473,ec61755d-b5be-42ac-875d-3123e92add7a,7232bc533c21ce408d45d473__ec61755d-b5be-42ac-875d-3123e92add7a__seg_037,2026-07-28 15:55:40.546000+00:00,2026-07-28 15:55:40.546000+00:00,0.0,1,,36,False,False
7232bc533c21ce408d45d473,ec61755d-b5be-42ac-875d-3123e92add7a,7232bc533c21ce408d45d473__ec61755d-b5be-42ac-875d-3123e92add7a__seg_038,2026-07-28 15:55:53.260000+00:00,2026-07-28 15:55:53.260000+00:00,0.0,1,,37,False,False
7232bc533c21ce408d45d473,ec61755d-b5be-42ac-875d-3123e92add7a,7232bc533c21ce408d45d473__ec61755d-b5be-42ac-875d-3123e92add7a__seg_039,2026-07-28 15:56:05.108000+00:00,2026-07-28 15:56:05.108000+00:00,0.0,1,,38,False,False
7232bc533c21ce408d45d473,ec61755d-b5be-42ac-875d-3123e92add7a,7232bc533c21ce408d45d473__ec61755d-b5be-42ac-875d-3123e92add7a__seg_040,2026-07-28 15:56:17.041000+00:00,2026-07-28 15:56:17.041000+00:00,0.0,1,,39,False,False
7232bc533c21ce408d45d473,ec61755d-b5be-42ac-875d-3123e92add7a,7232bc533c21ce408d45d473__ec61755d-b5be-42ac-875d-3123e92add7a__seg_041,2026-07-28 15:56:29.380000+00:00,2026-07-28 15:56:29.380000+00:00,0.0,1,,40,False,False
7232bc533c21ce408d45d473,ec61755d-b5be-42ac-875d-3123e92add7a,7232bc533c21ce408d45d473__ec61755d-b5be-42ac-875d-3123e92add7a__seg_042,2026-07-28 15:56:41.138000+00:00,2026-07-28 15:56:41.138000+00:00,0.0,1,,41,False,False
7232bc533c21ce408d45d473,ec61755d-b5be-42ac-875d-3123e92add7a,7232bc533c21ce408d45d473__ec61755d-b5be-42ac-875d-3123e92add7a__seg_043,2026-07-28 15:56:53.124000+00:00,2026-07-28 15:56:53.124000+00:00,0.0,1,,42,False,False
7232bc533c21ce408d45d473,ec61755d-b5be-42ac-875d-3123e92add7a,7232bc533c21ce408d45d473__ec61755d-b5be-42ac-875d-3123e92add7a__seg_044,2026-07-28 15:57:04.947000+00:00,2026-07-28 15:57:04.947000+00:00,0.0,1,,43,False,False
7232bc533c21ce408d45d473,ec61755d-b5be-42ac-875d-3123e92add7a,7232bc533c21ce408d45d473__ec61755d-b5be-42ac-875d-3123e92add7a__seg_045,2026-07-28 15:57:16.997000+00:00,2026-07-28 15:57:16.997000+00:00,0.0,1,,44,False,False
7232bc533c21ce408d45d473,ec61755d-b5be-42ac-875d-3123e92add7a,7232bc533c21ce408d45d473__ec61755d-b5be-42ac-875d-3123e92add7a__seg_046,2026-07-28 15:57:29.135000+00:00,2026-07-28 15:57:29.135000+00:00,0.0,1,,45,False,False
7232bc533c21ce408d45d473,ec61755d-b5be-42ac-875d-3123e92add7a,7232bc533c21ce408d45d473__ec61755d-b5be-42ac-875d-3123e92add7a__seg_047,2026-07-28 15:57:41.158000+00:00,2026-07-28 15:57:41.158000+00:00,0.0,1,,46,False,False
7232bc533c21ce408d45d473,ec61755d-b5be-42ac-875d-3123e92add7a,7232bc533c21ce408d45d473__ec61755d-b5be-42ac-875d-3123e92add7a__seg_048,2026-07-28 15:57:53.370000+00:00,2026-07-28 15:57:53.370000+00:00,0.0,1,,47,False,False
7232bc533c21ce408d45d473,ec61755d-b5be-42ac-875d-3123e92add7a,7232bc533c21ce408d45d473__ec61755d-b5be-42ac-875d-3123e92add7a__seg_049,2026-07-28 15:58:05.049000+00:00,2026-07-28 15:58:05.049000+00:00,0.0,1,,48,False,False
7232bc533c21ce408d45d473,ec61755d-b5be-42ac-875d-3123e92add7a,7232bc533c21ce408d45d473__ec61755d-b5be-42ac-875d-3123e92add7a__seg_050,2026-07-28 15:58:17.049000+00:00,2026-07-28 15:58:17.049000+00:00,0.0,1,,49,False,False
7232bc533c21ce408d45d473,ec61755d-b5be-42ac-875d-3123e92add7a,7232bc533c21ce408d45d473__ec61755d-b5be-42ac-875d-3123e92add7a__seg_051,2026-07-28 15:58:30.310000+00:00,2026-07-28 15:58:30.310000+00:00,0.0,1,,50,False,False
7232bc533c21ce408d45d473,ec61755d-b5be-42ac-875d-3123e92add7a,7232bc533c21ce408d45d473__ec61755d-b5be-42ac-875d-3123e92add7a__seg_052,2026-07-28 15:58:43.669000+00:00,2026-07-28 15:58:43.669000+00:00,0.0,1,,51,False,False
7232bc533c21ce408d45d473,ec61755d-b5be-42ac-875d-3123e92add7a,7232bc533c21ce408d45d473__ec61755d-b5be-42ac-875d-3123e92add7a__seg_053,2026-07-28 15:58:57.535000+00:00,2026-07-28 15:58:57.535000+00:00,0.0,1,,52,False,False
7232bc533c21ce408d45d473,ec61755d-b5be-42ac-875d-3123e92add7a,7232bc533c21ce408d45d473__ec61755d-b5be-42ac-875d-3123e92add7a__seg_054,2026-07-28 15:59:09.091000+00:00,2026-07-28 15:59:09.091000+00:00,0.0,1,,53,False,False
7232bc533c21ce408d45d473,ec61755d-b5be-42ac-875d-3123e92add7a,7232bc533c21ce408d45d473__ec61755d-b5be-42ac-875d-3123e92add7a__seg_055,2026-07-28 15:59:21.959000+00:00,2026-07-28 15:59:21.959000+00:00,0.0,1,,54,False,False
7232bc533c21ce408d45d473,ec61755d-b5be-42ac-875d-3123e92add7a,7232bc533c21ce408d45d473__ec61755d-b5be-42ac-875d-3123e92add7a__seg_056,2026-07-28 15:59:35.534000+00:00,2026-07-28 15:59:35.534000+00:00,0.0,1,,55,False,False
7232bc533c21ce408d45d473,ec61755d-b5be-42ac-875d-3123e92add7a,7232bc533c21ce408d45d473__ec61755d-b5be-42ac-875d-3123e92add7a__seg_057,2026-07-28 15:59:47.256000+00:00,2026-07-28 15:59:47.256000+00:00,0.0,1,,56,False,False
7232bc533c21ce408d45d473,ec61755d-b5be-42ac-875d-3123e92add7a,7232bc533c21ce408d45d473__ec61755d-b5be-42ac-875d-3123e92add7a__seg_058,2026-07-28 15:59:59.083000+00:00,2026-07-28 15:59:59.083000+00:00,0.0,1,,57,False,False
7232bc533c21ce408d45d473,ec61755d-b5be-42ac-875d-3123e92add7a,7232bc533c21ce408d45d473__ec61755d-b5be-42ac-875d-3123e92add7a__seg_059,2026-07-28 16:00:12.291000+00:00,2026-07-28 16:00:12.291000+00:00,0.0,1,,58,False,False
7232bc533c21ce408d45d473,ec61755d-b5be-42ac-875d-3123e92add7a,7232bc533c21ce408d45d473__ec61755d-b5be-42ac-875d-3123e92add7a__seg_060,2026-07-28 16:00:22.919000+00:00,2026-07-28 16:16:38.469000+00:00,975.55,314,2.181,59,True,True
7232bc533c21ce408d45d473,ec61755d-b5be-42ac-875d-3123e92add7a,7232bc533c21ce408d45d473__ec61755d-b5be-42ac-875d-3123e92add7a__seg_061,2026-07-28 16:16:51.077000+00:00,2026-07-28 16:16:51.077000+00:00,0.0,1,,60,False,False
7232bc533c21ce408d45d473,ec61755d-b5be-42ac-875d-3123e92add7a,7232bc533c21ce408d45d473__ec61755d-b5be-42ac-875d-3123e92add7a__seg_062,2026-07-28 16:17:03.337000+00:00,2026-07-28 16:17:03.337000+00:00,0.0,1,,61,False,False
7232bc533c21ce408d45d473,ec61755d-b5be-42ac-875d-3123e92add7a,7232bc533c21ce408d45d473__ec61755d-b5be-42ac-875d-3123e92add7a__seg_063,2026-07-28 16:17:14.896000+00:00,2026-07-28 16:17:14.896000+00:00,0.0,1,,62,False,False
7232bc533c21ce408d45d473,ec61755d-b5be-42ac-875d-3123e92add7a,7232bc533c21ce408d45d473__ec61755d-b5be-42ac-875d-3123e92add7a__seg_064,2026-07-28 16:17:26.956000+00:00,2026-07-28 16:17:26.956000+00:00,0.0,1,,63,False,False
7232bc533c21ce408d45d473,ec61755d-b5be-42ac-875d-3123e92add7a,7232bc533c21ce408d45d473__ec61755d-b5be-42ac-875d-3123e92add7a__seg_065,2026-07-28 16:17:39.174000+00:00,2026-07-28 16:17:39.174000+00:00,0.0,1,,64,False,False
7232bc533c21ce408d45d473,ec61755d-b5be-42ac-875d-3123e92add7a,7232bc533c21ce408d45d473__ec61755d-b5be-42ac-875d-3123e92add7a__seg_066,2026-07-28 16:17:51.597000+00:00,2026-07-28 16:17:51.597000+00:00,0.0,1,,65,False,False
7232bc533c21ce408d45d473,ec61755d-b5be-42ac-875d-3123e92add7a,7232bc533c21ce408d45d473__ec61755d-b5be-42ac-875d-3123e92add7a__seg_067,2026-07-28 16:18:03.431000+00:00,2026-07-28 16:18:03.431000+00:00,0.0,1,,66,False,False
7232bc533c21ce408d45d473,ec61755d-b5be-42ac-875d-3123e92add7a,7232bc533c21ce408d45d473__ec61755d-b5be-42ac-875d-3123e92add7a__seg_068,2026-07-28 16:18:14.937000+00:00,2026-07-28 16:18:14.937000+00:00,0.0,1,,67,False,False
7232bc533c21ce408d45d473,ec61755d-b5be-42ac-875d-3123e92add7a,7232bc533c21ce408d45d473__ec61755d-b5be-42ac-875d-3123e92add7a__seg_069,2026-07-28 16:18:27.097000+00:00,2026-07-28 16:18:27.097000+00:00,0.0,1,,68,False,False
7232bc533c21ce408d45d473,ec61755d-b5be-42ac-875d-3123e92add7a,7232bc533c21ce408d45d473__ec61755d-b5be-42ac-875d-3123e92add7a__seg_070,2026-07-28 16:18:39.201000+00:00,2026-07-28 16:18:39.201000+00:00,0.0,1,,69,False,False
7232bc533c21ce408d45d473,ec61755d-b5be-42ac-875d-3123e92add7a,7232bc533c21ce408d45d473__ec61755d-b5be-42ac-875d-3123e92add7a__seg_071,2026-07-28 16:18:51.036000+00:00,2026-07-28 16:18:51.036000+00:00,0.0,1,,70,False,False
7232bc533c21ce408d45d473,ec61755d-b5be-42ac-875d-3123e92add7a,7232bc533c21ce408d45d473__ec61755d-b5be-42ac-875d-3123e92add7a__seg_072,2026-07-28 16:19:04.171000+00:00,2026-07-28 16:19:04.171000+00:00,0.0,1,,71,False,False
7232bc533c21ce408d45d473,ec61755d-b5be-42ac-875d-3123e92add7a,7232bc533c21ce408d45d473__ec61755d-b5be-42ac-875d-3123e92add7a__seg_073,2026-07-28 16:19:17.115000+00:00,2026-07-28 16:19:17.115000+00:00,0.0,1,,72,False,False
7232bc533c21ce408d45d473,ec61755d-b5be-42ac-875d-3123e92add7a,7232bc533c21ce408d45d473__ec61755d-b5be-42ac-875d-3123e92add7a__seg_074,2026-07-28 16:19:28.758000+00:00,2026-07-28 16:19:28.758000+00:00,0.0,1,,73,False,False
7232bc533c21ce408d45d473,ec61755d-b5be-42ac-875d-3123e92add7a,7232bc533c21ce408d45d473__ec61755d-b5be-42ac-875d-3123e92add7a__seg_075,2026-07-28 16:19:41.442000+00:00,2026-07-28 16:19:41.442000+00:00,0.0,1,,74,False,False
7232bc533c21ce408d45d473,ec61755d-b5be-42ac-875d-3123e92add7a,7232bc533c21ce408d45d473__ec61755d-b5be-42ac-875d-3123e92add7a__seg_076,2026-07-28 16:19:53.125000+00:00,2026-07-28 16:19:53.125000+00:00,0.0,1,,75,False,False
7232bc533c21ce408d45d473,ec61755d-b5be-42ac-875d-3123e92add7a,7232bc533c21ce408d45d473__ec61755d-b5be-42ac-875d-3123e92add7a__seg_077,2026-07-28 16:20:04.729000+00:00,2026-07-28 16:20:04.729000+00:00,0.0,1,,76,False,False
7232bc533c21ce408d45d473,ec61755d-b5be-42ac-875d-3123e92add7a,7232bc533c21ce408d45d473__ec61755d-b5be-42ac-875d-3123e92add7a__seg_078,2026-07-28 16:20:16.878000+00:00,2026-07-28 16:20:16.878000+00:00,0.0,1,,77,False,False
7232bc533c21ce408d45d473,ec61755d-b5be-42ac-875d-3123e92add7a,7232bc533c21ce408d45d473__ec61755d-b5be-42ac-875d-3123e92add7a__seg_079,2026-07-28 16:20:28.964000+00:00,2026-07-28 16:20:28.964000+00:00,0.0,1,,78,False,False
7232bc533c21ce408d45d473,ec61755d-b5be-42ac-875d-3123e92add7a,7232bc533c21ce408d45d473__ec61755d-b5be-42ac-875d-3123e92add7a__seg_080,2026-07-28 16:20:41.520000+00:00,2026-07-28 16:20:41.520000+00:00,0.0,1,,79,False,False
7232bc533c21ce408d45d473,ec61755d-b5be-42ac-875d-3123e92add7a,7232bc533c21ce408d45d473__ec61755d-b5be-42ac-875d-3123e92add7a__seg_081,2026-07-28 16:20:55.284000+00:00,2026-07-28 16:20:55.284000+00:00,0.0,1,,80,False,False
7232bc533c21ce408d45d473,ec61755d-b5be-42ac-875d-3123e92add7a,7232bc533c21ce408d45d473__ec61755d-b5be-42ac-875d-3123e92add7a__seg_082,2026-07-28 16:21:08.613000+00:00,2026-07-28 16:21:08.613000+00:00,0.0,1,,81,False,False
7232bc533c21ce408d45d473,ec61755d-b5be-42ac-875d-3123e92add7a,7232bc533c21ce408d45d473__ec61755d-b5be-42ac-875d-3123e92add7a__seg_083,2026-07-28 16:21:21.714000+00:00,2026-07-28 16:21:21.714000+00:00,0.0,1,,82,False,False
7232bc533c21ce408d45d473,ec61755d-b5be-42ac-875d-3123e92add7a,7232bc533c21ce408d45d473__ec61755d-b5be-42ac-875d-3123e92add7a__seg_084,2026-07-28 16:21:35.158000+00:00,2026-07-28 16:31:19.687000+00:00,584.529,186,2.117,83,True,False
7232bc533c21ce408d45d473,ec61755d-b5be-42ac-875d-3123e92add7a,7232bc533c21ce408d45d473__ec61755d-b5be-42ac-875d-3123e92add7a__seg_085,2026-07-28 16:31:33.380000+00:00,2026-07-28 16:31:33.380000+00:00,0.0,1,,84,False,False
7232bc533c21ce408d45d473,ec61755d-b5be-42ac-875d-3123e92add7a,7232bc533c21ce408d45d473__ec61755d-b5be-42ac-875d-3123e92add7a__seg_086,2026-07-28 16:31:45.027000+00:00,2026-07-28 16:31:45.027000+00:00,0.0,1,,85,False,False
7232bc533c21ce408d45d473,ec61755d-b5be-42ac-875d-3123e92add7a,7232bc533c21ce408d45d473__ec61755d-b5be-42ac-875d-3123e92add7a__seg_087,2026-07-28 16:31:58.456000+00:00,2026-07-28 16:31:58.456000+00:00,0.0,1,,86,False,False
7232bc533c21ce408d45d473,ec61755d-b5be-42ac-875d-3123e92add7a,7232bc533c21ce408d45d473__ec61755d-b5be-42ac-875d-3123e92add7a__seg_088,2026-07-28 16:32:11.065000+00:00,2026-07-28 16:32:11.065000+00:00,0.0,1,,87,False,False
7232bc533c21ce408d45d473,ec61755d-b5be-42ac-875d-3123e92add7a,7232bc533c21ce408d45d473__ec61755d-b5be-42ac-875d-3123e92add7a__seg_089,2026-07-28 16:32:23.376000+00:00,2026-07-28 16:32:23.376000+00:00,0.0,1,,88,False,False
7232bc533c21ce408d45d473,ec61755d-b5be-42ac-875d-3123e92add7a,7232bc533c21ce408d45d473__ec61755d-b5be-42ac-875d-3123e92add7a__seg_090,2026-07-28 16:32:35.021000+00:00,2026-07-28 16:32:35.021000+00:00,0.0,1,,89,False,False
7232bc533c21ce408d45d473,ec61755d-b5be-42ac-875d-3123e92add7a,7232bc533c21ce408d45d473__ec61755d-b5be-42ac-875d-3123e92add7a__seg_091,2026-07-28 16:32:47.079000+00:00,2026-07-28 16:32:47.079000+00:00,0.0,1,,90,False,False
7232bc533c21ce408d45d473,ec61755d-b5be-42ac-875d-3123e92add7a,7232bc533c21ce408d45d473__ec61755d-b5be-42ac-875d-3123e92add7a__seg_092,2026-07-28 16:32:58.950000+00:00,2026-07-28 16:32:58.950000+00:00,0.0,1,,91,False,False
7232bc533c21ce408d45d473,ec61755d-b5be-42ac-875d-3123e92add7a,7232bc533c21ce408d45d473__ec61755d-b5be-42ac-875d-3123e92add7a__seg_093,2026-07-28 16:33:10.778000+00:00,2026-07-28 16:33:10.778000+00:00,0.0,1,,92,False,False
7232bc533c21ce408d45d473,ec61755d-b5be-42ac-875d-3123e92add7a,7232bc533c21ce408d45d473__ec61755d-b5be-42ac-875d-3123e92add7a__seg_094,2026-07-28 16:33:22.767000+00:00,2026-07-28 16:33:22.767000+00:00,0.0,1,,93,False,False
7232bc533c21ce408d45d473,ec61755d-b5be-42ac-875d-3123e92add7a,7232bc533c21ce408d45d473__ec61755d-b5be-42ac-875d-3123e92add7a__seg_095,2026-07-28 16:33:35.291000+00:00,2026-07-28 16:33:35.291000+00:00,0.0,1,,94,False,False
7232bc533c21ce408d45d473,ec61755d-b5be-42ac-875d-3123e92add7a,7232bc533c21ce408d45d473__ec61755d-b5be-42ac-875d-3123e92add7a__seg_096,2026-07-28 16:33:47.554000+00:00,2026-07-28 16:33:47.554000+00:00,0.0,1,,95,False,False
7232bc533c21ce408d45d473,ec61755d-b5be-42ac-875d-3123e92add7a,7232bc533c21ce408d45d473__ec61755d-b5be-42ac-875d-3123e92add7a__seg_097,2026-07-28 16:33:59.262000+00:00,2026-07-28 16:33:59.262000+00:00,0.0,1,,96,False,False
7232bc533c21ce408d45d473,ec61755d-b5be-42ac-875d-3123e92add7a,7232bc533c21ce408d45d473__ec61755d-b5be-42ac-875d-3123e92add7a__seg_098,2026-07-28 16:34:11.110000+00:00,2026-07-28 16:34:11.110000+00:00,0.0,1,,97,False,False
7232bc533c21ce408d45d473,ec61755d-b5be-42ac-875d-3123e92add7a,7232bc533c21ce408d45d473__ec61755d-b5be-42ac-875d-3123e92add7a__seg_099,2026-07-28 16:34:24.717000+00:00,2026-07-28 16:34:24.717000+00:00,0.0,1,,98,False,False
7232bc533c21ce408d45d473,ec61755d-b5be-42ac-875d-3123e92add7a,7232bc533c21ce408d45d473__ec61755d-b5be-42ac-875d-3123e92add7a__seg_100,2026-07-28 16:34:37.253000+00:00,2026-07-28 16:34:37.253000+00:00,0.0,1,,99,False,False
7232bc533c21ce408d45d473,ec61755d-b5be-42ac-875d-3123e92add7a,7232bc533c21ce408d45d473__ec61755d-b5be-42ac-875d-3123e92add7a__seg_101,2026-07-28 16:34:49.054000+00:00,2026-07-28 16:34:49.054000+00:00,0.0,1,,100,False,False
7232bc533c21ce408d45d473,ec61755d-b5be-42ac-875d-3123e92add7a,7232bc533c21ce408d45d473__ec61755d-b5be-42ac-875d-3123e92add7a__seg_102,2026-07-28 16:35:01.317000+00:00,2026-07-28 16:35:01.317000+00:00,0.0,1,,101,False,False
7232bc533c21ce408d45d473,ec61755d-b5be-42ac-875d-3123e92add7a,7232bc533c21ce408d45d473__ec61755d-b5be-42ac-875d-3123e92add7a__seg_103,2026-07-28 16:35:13.030000+00:00,2026-07-28 16:35:13.030000+00:00,0.0,1,,102,False,False
7232bc533c21ce408d45d473,ec61755d-b5be-42ac-875d-3123e92add7a,7232bc533c21ce408d45d473__ec61755d-b5be-42ac-875d-3123e92add7a__seg_104,2026-07-28 16:35:25.579000+00:00,2026-07-28 16:35:25.579000+00:00,0.0,1,,103,False,False
7232bc533c21ce408d45d473,ec61755d-b5be-42ac-875d-3123e92add7a,7232bc533c21ce408d45d473__ec61755d-b5be-42ac-875d-3123e92add7a__seg_105,2026-07-28 16:35:37.736000+00:00,2026-07-28 16:35:37.736000+00:00,0.0,1,,104,False,False
7232bc533c21ce408d45d473,ec61755d-b5be-42ac-875d-3123e92add7a,7232bc533c21ce408d45d473__ec61755d-b5be-42ac-875d-3123e92add7a__seg_106,2026-07-28 16:35:51.591000+00:00,2026-07-28 16:35:51.591000+00:00,0.0,1,,105,False,False
7232bc533c21ce408d45d473,ec61755d-b5be-42ac-875d-3123e92add7a,7232bc533c21ce408d45d473__ec61755d-b5be-42ac-875d-3123e92add7a__seg_107,2026-07-28 16:36:03.904000+00:00,2026-07-28 16:36:03.904000+00:00,0.0,1,,106,False,False
7232bc533c21ce408d45d473,ec61755d-b5be-42ac-875d-3123e92add7a,7232bc533c21ce408d45d473__ec61755d-b5be-42ac-875d-3123e92add7a__seg_108,2026-07-28 16:36:17.774000+00:00,2026-07-28 16:41:04.796000+00:00,287.022,91,2.0700000000000003,107,False,False
7232bc533c21ce408d45d473,ec61755d-b5be-42ac-875d-3123e92add7a,7232bc533c21ce408d45d473__ec61755d-b5be-42ac-875d-3123e92add7a__seg_109,2026-07-28 16:41:17.089000+00:00,2026-07-28 16:41:17.089000+00:00,0.0,1,,108,False,False
7232bc533c21ce408d45d473,ec61755d-b5be-42ac-875d-3123e92add7a,7232bc533c21ce408d45d473__ec61755d-b5be-42ac-875d-3123e92add7a__seg_110,2026-07-28 16:41:29.819000+00:00,2026-07-28 16:41:29.819000+00:00,0.0,1,,109,False,False
7232bc533c21ce408d45d473,ec61755d-b5be-42ac-875d-3123e92add7a,7232bc533c21ce408d45d473__ec61755d-b5be-42ac-875d-3123e92add7a__seg_111,2026-07-28 16:41:43.158000+00:00,2026-07-28 16:41:43.158000+00:00,0.0,1,,110,False,False
7232bc533c21ce408d45d473,ec61755d-b5be-42ac-875d-3123e92add7a,7232bc533c21ce408d45d473__ec61755d-b5be-42ac-875d-3123e92add7a__seg_112,2026-07-28 16:41:56.556000+00:00,2026-07-28 16:41:56.556000+00:00,0.0,1,,111,False,False
7232bc533c21ce408d45d473,ec61755d-b5be-42ac-875d-3123e92add7a,7232bc533c21ce408d45d473__ec61755d-b5be-42ac-875d-3123e92add7a__seg_113,2026-07-28 16:42:09.456000+00:00,2026-07-28 16:42:09.456000+00:00,0.0,1,,112,False,False
7232bc533c21ce408d45d473,ec61755d-b5be-42ac-875d-3123e92add7a,7232bc533c21ce408d45d473__ec61755d-b5be-42ac-875d-3123e92add7a__seg_114,2026-07-28 16:42:21.484000+00:00,2026-07-28 16:42:21.484000+00:00,0.0,1,,113,False,False
7232bc533c21ce408d45d473,ec61755d-b5be-42ac-875d-3123e92add7a,7232bc533c21ce408d45d473__ec61755d-b5be-42ac-875d-3123e92add7a__seg_115,2026-07-28 16:42:33.399000+00:00,2026-07-28 16:42:33.399000+00:00,0.0,1,,114,False,False
7232bc533c21ce408d45d473,ec61755d-b5be-42ac-875d-3123e92add7a,7232bc533c21ce408d45d473__ec61755d-b5be-42ac-875d-3123e92add7a__seg_116,2026-07-28 16:42:45.085000+00:00,2026-07-28 16:42:45.085000+00:00,0.0,1,,115,False,False
7232bc533c21ce408d45d473,ec61755d-b5be-42ac-875d-3123e92add7a,7232bc533c21ce408d45d473__ec61755d-b5be-42ac-875d-3123e92add7a__seg_117,2026-07-28 16:42:56.968000+00:00,2026-07-28 16:42:56.968000+00:00,0.0,1,,116,False,False
7232bc533c21ce408d45d473,ec61755d-b5be-42ac-875d-3123e92add7a,7232bc533c21ce408d45d473__ec61755d-b5be-42ac-875d-3123e92add7a__seg_118,2026-07-28 16:43:08.958000+00:00,2026-07-28 16:43:08.958000+00:00,0.0,1,,117,False,False
7232bc533c21ce408d45d473,ec61755d-b5be-42ac-875d-3123e92add7a,7232bc533c21ce408d45d473__ec61755d-b5be-42ac-875d-3123e92add7a__seg_119,2026-07-28 16:43:21.084000+00:00,2026-07-28 16:43:21.084000+00:00,0.0,1,,118,False,False
7232bc533c21ce408d45d473,ec61755d-b5be-42ac-875d-3123e92add7a,7232bc533c21ce408d45d473__ec61755d-b5be-42ac-875d-3123e92add7a__seg_120,2026-07-28 16:43:33.195000+00:00,2026-07-28 16:43:33.195000+00:00,0.0,1,,119,False,False
7232bc533c21ce408d45d473,ec61755d-b5be-42ac-875d-3123e92add7a,7232bc533c21ce408d45d473__ec61755d-b5be-42ac-875d-3123e92add7a__seg_121,2026-07-28 16:43:45.254000+00:00,2026-07-28 16:43:45.254000+00:00,0.0,1,,120,False,False
7232bc533c21ce408d45d473,ec61755d-b5be-42ac-875d-3123e92add7a,7232bc533c21ce408d45d473__ec61755d-b5be-42ac-875d-3123e92add7a__seg_122,2026-07-28 16:43:57.202000+00:00,2026-07-28 16:43:57.202000+00:00,0.0,1,,121,False,False
7232bc533c21ce408d45d473,ec61755d-b5be-42ac-875d-3123e92add7a,7232bc533c21ce408d45d473__ec61755d-b5be-42ac-875d-3123e92add7a__seg_123,2026-07-28 16:44:09.759000+00:00,2026-07-28 16:44:09.759000+00:00,0.0,1,,122,False,False
7232bc533c21ce408d45d473,ec61755d-b5be-42ac-875d-3123e92add7a,7232bc533c21ce408d45d473__ec61755d-b5be-42ac-875d-3123e92add7a__seg_124,2026-07-28 16:44:23.094000+00:00,2026-07-28 16:44:23.094000+00:00,0.0,1,,123,False,False
7232bc533c21ce408d45d473,ec61755d-b5be-42ac-875d-3123e92add7a,7232bc533c21ce408d45d473__ec61755d-b5be-42ac-875d-3123e92add7a__seg_125,2026-07-28 16:44:36.572000+00:00,2026-07-28 16:44:36.572000+00:00,0.0,1,,124,False,False
7232bc533c21ce408d45d473,ec61755d-b5be-42ac-875d-3123e92add7a,7232bc533c21ce408d45d473__ec61755d-b5be-42ac-875d-3123e92add7a__seg_126,2026-07-28 16:44:50.126000+00:00,2026-07-28 16:44:50.126000+00:00,0.0,1,,125,False,False
7232bc533c21ce408d45d473,ec61755d-b5be-42ac-875d-3123e92add7a,7232bc533c21ce408d45d473__ec61755d-b5be-42ac-875d-3123e92add7a__seg_127,2026-07-28 16:45:03.897000+00:00,2026-07-28 16:45:03.897000+00:00,0.0,1,,126,False,False
7232bc533c21ce408d45d473,ec61755d-b5be-42ac-875d-3123e92add7a,7232bc533c21ce408d45d473__ec61755d-b5be-42ac-875d-3123e92add7a__seg_128,2026-07-28 16:45:18.069000+00:00,2026-07-28 16:45:18.069000+00:00,0.0,1,,127,False,False
7232bc533c21ce408d45d473,ec61755d-b5be-42ac-875d-3123e92add7a,7232bc533c21ce408d45d473__ec61755d-b5be-42ac-875d-3123e92add7a__seg_129,2026-07-28 16:45:32.641000+00:00,2026-07-28 16:45:32.641000+00:00,0.0,1,,128,False,False
7232bc533c21ce408d45d473,ec61755d-b5be-42ac-875d-3123e92add7a,7232bc533c21ce408d45d473__ec61755d-b5be-42ac-875d-3123e92add7a__seg_130,2026-07-28 16:45:46.157000+00:00,2026-07-28 16:45:46.157000+00:00,0.0,1,,129,False,False
7232bc533c21ce408d45d473,ec61755d-b5be-42ac-875d-3123e92add7a,7232bc533c21ce408d45d473__ec61755d-b5be-42ac-875d-3123e92add7a__seg_131,2026-07-28 16:45:59.091000+00:00,2026-07-28 16:52:04.147000+00:00,365.056,154,2.018,130,True,False
7232bc533c21ce408d45d473,ec61755d-b5be-42ac-875d-3123e92add7a,7232bc533c21ce408d45d473__ec61755d-b5be-42ac-875d-3123e92add7a__seg_132,2026-07-28 16:52:16.528000+00:00,2026-07-28 16:52:16.528000+00:00,0.0,1,,131,False,False
7232bc533c21ce408d45d473,ec61755d-b5be-42ac-875d-3123e92add7a,7232bc533c21ce408d45d473__ec61755d-b5be-42ac-875d-3123e92add7a__seg_133,2026-07-28 16:52:30.266000+00:00,2026-07-28 16:52:30.266000+00:00,0.0,1,,132,False,False
7232bc533c21ce408d45d473,ec61755d-b5be-42ac-875d-3123e92add7a,7232bc533c21ce408d45d473__ec61755d-b5be-42ac-875d-3123e92add7a__seg_134,2026-07-28 16:52:42.784000+00:00,2026-07-28 16:52:42.784000+00:00,0.0,1,,133,False,False
7232bc533c21ce408d45d473,ec61755d-b5be-42ac-875d-3123e92add7a,7232bc533c21ce408d45d473__ec61755d-b5be-42ac-875d-3123e92add7a__seg_135,2026-07-28 16:52:56.360000+00:00,2026-07-28 16:52:56.360000+00:00,0.0,1,,134,False,False
7232bc533c21ce408d45d473,ec61755d-b5be-42ac-875d-3123e92add7a,7232bc533c21ce408d45d473__ec61755d-b5be-42ac-875d-3123e92add7a__seg_136,2026-07-28 16:53:09.017000+00:00,2026-07-28 16:53:09.017000+00:00,0.0,1,,135,False,False
7232bc533c21ce408d45d473,ec61755d-b5be-42ac-875d-3123e92add7a,7232bc533c21ce408d45d473__ec61755d-b5be-42ac-875d-3123e92add7a__seg_137,2026-07-28 16:53:20.961000+00:00,2026-07-28 16:53:20.961000+00:00,0.0,1,,136,False,False
7232bc533c21ce408d45d473,ec61755d-b5be-42ac-875d-3123e92add7a,7232bc533c21ce408d45d473__ec61755d-b5be-42ac-875d-3123e92add7a__seg_138,2026-07-28 16:53:32.886000+00:00,2026-07-28 16:53:32.886000+00:00,0.0,1,,137,False,False
7232bc533c21ce408d45d473,ec61755d-b5be-42ac-875d-3123e92add7a,7232bc533c21ce408d45d473__ec61755d-b5be-42ac-875d-3123e92add7a__seg_139,2026-07-28 16:53:45.126000+00:00,2026-07-28 16:53:45.126000+00:00,0.0,1,,138,False,False
7232bc533c21ce408d45d473,ec61755d-b5be-42ac-875d-3123e92add7a,7232bc533c21ce408d45d473__ec61755d-b5be-42ac-875d-3123e92add7a__seg_140,2026-07-28 16:53:57.856000+00:00,2026-07-28 16:53:57.856000+00:00,0.0,1,,139,False,False
7232bc533c21ce408d45d473,ec61755d-b5be-42ac-875d-3123e92add7a,7232bc533c21ce408d45d473__ec61755d-b5be-42ac-875d-3123e92add7a__seg_141,2026-07-28 16:54:11.030000+00:00,2026-07-28 16:54:11.030000+00:00,0.0,1,,140,False,False
7232bc533c21ce408d45d473,ec61755d-b5be-42ac-875d-3123e92add7a,7232bc533c21ce408d45d473__ec61755d-b5be-42ac-875d-3123e92add7a__seg_142,2026-07-28 16:54:23.075000+00:00,2026-07-28 16:54:23.075000+00:00,0.0,1,,141,False,False
7232bc533c21ce408d45d473,ec61755d-b5be-42ac-875d-3123e92add7a,7232bc533c21ce408d45d473__ec61755d-b5be-42ac-875d-3123e92add7a__seg_143,2026-07-28 16:54:35.059000+00:00,2026-07-28 16:54:35.059000+00:00,0.0,1,,142,False,False
7232bc533c21ce408d45d473,ec61755d-b5be-42ac-875d-3123e92add7a,7232bc533c21ce408d45d473__ec61755d-b5be-42ac-875d-3123e92add7a__seg_144,2026-07-28 16:54:47.073000+00:00,2026-07-28 16:54:47.073000+00:00,0.0,1,,143,False,False
7232bc533c21ce408d45d473,ec61755d-b5be-42ac-875d-3123e92add7a,7232bc533c21ce408d45d473__ec61755d-b5be-42ac-875d-3123e92add7a__seg_145,2026-07-28 16:54:59.026000+00:00,2026-07-28 16:54:59.026000+00:00,0.0,1,,144,False,False
7232bc533c21ce408d45d473,ec61755d-b5be-42ac-875d-3123e92add7a,7232bc533c21ce408d45d473__ec61755d-b5be-42ac-875d-3123e92add7a__seg_146,2026-07-28 16:55:10.896000+00:00,2026-07-28 16:55:10.896000+00:00,0.0,1,,145,False,False
7232bc533c21ce408d45d473,ec61755d-b5be-42ac-875d-3123e92add7a,7232bc533c21ce408d45d473__ec61755d-b5be-42ac-875d-3123e92add7a__seg_147,2026-07-28 16:55:23.363000+00:00,2026-07-28 16:55:23.363000+00:00,0.0,1,,146,False,False
7232bc533c21ce408d45d473,ec61755d-b5be-42ac-875d-3123e92add7a,7232bc533c21ce408d45d473__ec61755d-b5be-42ac-875d-3123e92add7a__seg_148,2026-07-28 16:55:34.838000+00:00,2026-07-28 16:55:34.838000+00:00,0.0,1,,147,False,False
7232bc533c21ce408d45d473,ec61755d-b5be-42ac-875d-3123e92add7a,7232bc533c21ce408d45d473__ec61755d-b5be-42ac-875d-3123e92add7a__seg_149,2026-07-28 16:55:47.267000+00:00,2026-07-28 16:55:47.267000+00:00,0.0,1,,148,False,False
7232bc533c21ce408d45d473,ec61755d-b5be-42ac-875d-3123e92add7a,7232bc533c21ce408d45d473__ec61755d-b5be-42ac-875d-3123e92add7a__seg_150,2026-07-28 16:55:59.164000+00:00,2026-07-28 16:55:59.164000+00:00,0.0,1,,149,False,False
7232bc533c21ce408d45d473,ec61755d-b5be-42ac-875d-3123e92add7a,7232bc533c21ce408d45d473__ec61755d-b5be-42ac-875d-3123e92add7a__seg_151,2026-07-28 16:56:11.988000+00:00,2026-07-28 16:56:11.988000+00:00,0.0,1,,150,False,False
7232bc533c21ce408d45d473,ec61755d-b5be-42ac-875d-3123e92add7a,7232bc533c21ce408d45d473__ec61755d-b5be-42ac-875d-3123e92add7a__seg_152,2026-07-28 16:56:26.451000+00:00,2026-07-28 16:56:26.451000+00:00,0.0,1,,151,False,False
7232bc533c21ce408d45d473,ec61755d-b5be-42ac-875d-3123e92add7a,7232bc533c21ce408d45d473__ec61755d-b5be-42ac-875d-3123e92add7a__seg_153,2026-07-28 16:56:42.217000+00:00,2026-07-28 16:56:42.217000+00:00,0.0,1,,152,False,False
7232bc533c21ce408d45d473,ec61755d-b5be-42ac-875d-3123e92add7a,7232bc533c21ce408d45d473__ec61755d-b5be-42ac-875d-3123e92add7a__seg_154,2026-07-28 16:56:56.059000+00:00,2026-07-28 16:56:56.059000+00:00,0.0,1,,153,False,False
7232bc533c21ce408d45d473,ec61755d-b5be-42ac-875d-3123e92add7a,7232bc533c21ce408d45d473__ec61755d-b5be-42ac-875d-3123e92add7a__seg_155,2026-07-28 16:57:07.086000+00:00,2026-07-28 17:01:32.308000+00:00,265.222,107,2.0255,154,False,False
7232bc533c21ce408d45d473,ec61755d-b5be-42ac-875d-3123e92add7a,7232bc533c21ce408d45d473__ec61755d-b5be-42ac-875d-3123e92add7a__seg_156,2026-07-28 17:01:46.129000+00:00,2026-07-28 17:01:46.129000+00:00,0.0,1,,155,False,False
7232bc533c21ce408d45d473,ec61755d-b5be-42ac-875d-3123e92add7a,7232bc533c21ce408d45d473__ec61755d-b5be-42ac-875d-3123e92add7a__seg_157,2026-07-28 17:02:00.121000+00:00,2026-07-28 17:02:00.121000+00:00,0.0,1,,156,False,False
7232bc533c21ce408d45d473,ec61755d-b5be-42ac-875d-3123e92add7a,7232bc533c21ce408d45d473__ec61755d-b5be-42ac-875d-3123e92add7a__seg_158,2026-07-28 17:02:13.347000+00:00,2026-07-28 17:02:13.347000+00:00,0.0,1,,157,False,False
7232bc533c21ce408d45d473,ec61755d-b5be-42ac-875d-3123e92add7a,7232bc533c21ce408d45d473__ec61755d-b5be-42ac-875d-3123e92add7a__seg_159,2026-07-28 17:02:25.251000+00:00,2026-07-28 17:02:25.251000+00:00,0.0,1,,158,False,False
7232bc533c21ce408d45d473,ec61755d-b5be-42ac-875d-3123e92add7a,7232bc533c21ce408d45d473__ec61755d-b5be-42ac-875d-3123e92add7a__seg_160,2026-07-28 17:02:37.252000+00:00,2026-07-28 17:02:37.252000+00:00,0.0,1,,159,False,False
7232bc533c21ce408d45d473,ec61755d-b5be-42ac-875d-3123e92add7a,7232bc533c21ce408d45d473__ec61755d-b5be-42ac-875d-3123e92add7a__seg_161,2026-07-28 17:02:49.272000+00:00,2026-07-28 17:02:49.272000+00:00,0.0,1,,160,False,False
7232bc533c21ce408d45d473,ec61755d-b5be-42ac-875d-3123e92add7a,7232bc533c21ce408d45d473__ec61755d-b5be-42ac-875d-3123e92add7a__seg_162,2026-07-28 17:03:01.544000+00:00,2026-07-28 17:03:01.544000+00:00,0.0,1,,161,False,False
7232bc533c21ce408d45d473,ec61755d-b5be-42ac-875d-3123e92add7a,7232bc533c21ce408d45d473__ec61755d-b5be-42ac-875d-3123e92add7a__seg_163,2026-07-28 17:03:13.452000+00:00,2026-07-28 17:03:13.452000+00:00,0.0,1,,162,False,False
7232bc533c21ce408d45d473,ec61755d-b5be-42ac-875d-3123e92add7a,7232bc533c21ce408d45d473__ec61755d-b5be-42ac-875d-3123e92add7a__seg_164,2026-07-28 17:03:24.931000+00:00,2026-07-28 17:03:24.931000+00:00,0.0,1,,163,False,False
7232bc533c21ce408d45d473,ec61755d-b5be-42ac-875d-3123e92add7a,7232bc533c21ce408d45d473__ec61755d-b5be-42ac-875d-3123e92add7a__seg_165,2026-07-28 17:03:36.827000+00:00,2026-07-28 17:03:36.827000+00:00,0.0,1,,164,False,False
7232bc533c21ce408d45d473,ec61755d-b5be-42ac-875d-3123e92add7a,7232bc533c21ce408d45d473__ec61755d-b5be-42ac-875d-3123e92add7a__seg_166,2026-07-28 17:03:48.975000+00:00,2026-07-28 17:03:48.975000+00:00,0.0,1,,165,False,False
7232bc533c21ce408d45d473,ec61755d-b5be-42ac-875d-3123e92add7a,7232bc533c21ce408d45d473__ec61755d-b5be-42ac-875d-3123e92add7a__seg_167,2026-07-28 17:04:00.875000+00:00,2026-07-28 17:04:00.875000+00:00,0.0,1,,166,False,False
7232bc533c21ce408d45d473,ec61755d-b5be-42ac-875d-3123e92add7a,7232bc533c21ce408d45d473__ec61755d-b5be-42ac-875d-3123e92add7a__seg_168,2026-07-28 17:04:13.600000+00:00,2026-07-28 17:04:13.600000+00:00,0.0,1,,167,False,False
7232bc533c21ce408d45d473,ec61755d-b5be-42ac-875d-3123e92add7a,7232bc533c21ce408d45d473__ec61755d-b5be-42ac-875d-3123e92add7a__seg_169,2026-07-28 17:04:24.941000+00:00,2026-07-28 17:04:24.941000+00:00,0.0,1,,168,False,False
7232bc533c21ce408d45d473,ec61755d-b5be-42ac-875d-3123e92add7a,7232bc533c21ce408d45d473__ec61755d-b5be-42ac-875d-3123e92add7a__seg_170,2026-07-28 17:04:37.342000+00:00,2026-07-28 17:04:37.342000+00:00,0.0,1,,169,False,False
7232bc533c21ce408d45d473,ec61755d-b5be-42ac-875d-3123e92add7a,7232bc533c21ce408d45d473__ec61755d-b5be-42ac-875d-3123e92add7a__seg_171,2026-07-28 17:04:49.009000+00:00,2026-07-28 17:04:49.009000+00:00,0.0,1,,170,False,False
7232bc533c21ce408d45d473,ec61755d-b5be-42ac-875d-3123e92add7a,7232bc533c21ce408d45d473__ec61755d-b5be-42ac-875d-3123e92add7a__seg_172,2026-07-28 17:05:01.028000+00:00,2026-07-28 17:05:01.028000+00:00,0.0,1,,171,False,False
7232bc533c21ce408d45d473,ec61755d-b5be-42ac-875d-3123e92add7a,7232bc533c21ce408d45d473__ec61755d-b5be-42ac-875d-3123e92add7a__seg_173,2026-07-28 17:05:12.914000+00:00,2026-07-28 17:05:12.914000+00:00,0.0,1,,172,False,False
7232bc533c21ce408d45d473,ec61755d-b5be-42ac-875d-3123e92add7a,7232bc533c21ce408d45d473__ec61755d-b5be-42ac-875d-3123e92add7a__seg_174,2026-07-28 17:05:25.439000+00:00,2026-07-28 17:05:25.439000+00:00,0.0,1,,173,False,False
7232bc533c21ce408d45d473,ec61755d-b5be-42ac-875d-3123e92add7a,7232bc533c21ce408d45d473__ec61755d-b5be-42ac-875d-3123e92add7a__seg_175,2026-07-28 17:05:37.374000+00:00,2026-07-28 17:05:37.374000+00:00,0.0,1,,174,False,False
7232bc533c21ce408d45d473,ec61755d-b5be-42ac-875d-3123e92add7a,7232bc533c21ce408d45d473__ec61755d-b5be-42ac-875d-3123e92add7a__seg_176,2026-07-28 17:05:51.565000+00:00,2026-07-28 17:05:51.565000+00:00,0.0,1,,175,False,False
7232bc533c21ce408d45d473,ec61755d-b5be-42ac-875d-3123e92add7a,7232bc533c21ce408d45d473__ec61755d-b5be-42ac-875d-3123e92add7a__seg_177,2026-07-28 17:06:05.085000+00:00,2026-07-28 17:06:05.085000+00:00,0.0,1,,176,False,False
7232bc533c21ce408d45d473,ec61755d-b5be-42ac-875d-3123e92add7a,7232bc533c21ce408d45d473__ec61755d-b5be-42ac-875d-3123e92add7a__seg_178,2026-07-28 17:06:18.962000+00:00,2026-07-28 17:31:18.863000+00:00,1499.901,641,2.014,177,True,True
7232bc533c21ce408d45d473,ec61755d-b5be-42ac-875d-3123e92add7a,7232bc533c21ce408d45d473__ec61755d-b5be-42ac-875d-3123e92add7a__seg_179,2026-07-28 17:31:31.181000+00:00,2026-07-28 17:31:31.181000+00:00,0.0,1,,178,False,False
7232bc533c21ce408d45d473,ec61755d-b5be-42ac-875d-3123e92add7a,7232bc533c21ce408d45d473__ec61755d-b5be-42ac-875d-3123e92add7a__seg_180,2026-07-28 17:31:43.122000+00:00,2026-07-28 17:31:43.122000+00:00,0.0,1,,179,False,False
7232bc533c21ce408d45d473,ec61755d-b5be-42ac-875d-3123e92add7a,7232bc533c21ce408d45d473__ec61755d-b5be-42ac-875d-3123e92add7a__seg_181,2026-07-28 17:31:57.633000+00:00,2026-07-28 17:31:57.633000+00:00,0.0,1,,180,False,False
7232bc533c21ce408d45d473,ec61755d-b5be-42ac-875d-3123e92add7a,7232bc533c21ce408d45d473__ec61755d-b5be-42ac-875d-3123e92add7a__seg_182,2026-07-28 17:32:09.847000+00:00,2026-07-28 17:32:09.847000+00:00,0.0,1,,181,False,False
7232bc533c21ce408d45d473,ec61755d-b5be-42ac-875d-3123e92add7a,7232bc533c21ce408d45d473__ec61755d-b5be-42ac-875d-3123e92add7a__seg_183,2026-07-28 17:32:23.860000+00:00,2026-07-28 17:32:23.860000+00:00,0.0,1,,182,False,False
7232bc533c21ce408d45d473,ec61755d-b5be-42ac-875d-3123e92add7a,7232bc533c21ce408d45d473__ec61755d-b5be-42ac-875d-3123e92add7a__seg_184,2026-07-28 17:32:37.031000+00:00,2026-07-28 17:32:37.031000+00:00,0.0,1,,183,False,False
7232bc533c21ce408d45d473,ec61755d-b5be-42ac-875d-3123e92add7a,7232bc533c21ce408d45d473__ec61755d-b5be-42ac-875d-3123e92add7a__seg_185,2026-07-28 17:32:49.517000+00:00,2026-07-28 17:32:49.517000+00:00,0.0,1,,184,False,False
7232bc533c21ce408d45d473,ec61755d-b5be-42ac-875d-3123e92add7a,7232bc533c21ce408d45d473__ec61755d-b5be-42ac-875d-3123e92add7a__seg_186,2026-07-28 17:33:02.315000+00:00,2026-07-28 17:33:02.315000+00:00,0.0,1,,185,False,False
7232bc533c21ce408d45d473,ec61755d-b5be-42ac-875d-3123e92add7a,7232bc533c21ce408d45d473__ec61755d-b5be-42ac-875d-3123e92add7a__seg_187,2026-07-28 17:33:15.288000+00:00,2026-07-28 17:33:15.288000+00:00,0.0,1,,186,False,False
7232bc533c21ce408d45d473,ec61755d-b5be-42ac-875d-3123e92add7a,7232bc533c21ce408d45d473__ec61755d-b5be-42ac-875d-3123e92add7a__seg_188,2026-07-28 17:33:27.390000+00:00,2026-07-28 17:33:27.390000+00:00,0.0,1,,187,False,False
7232bc533c21ce408d45d473,ec61755d-b5be-42ac-875d-3123e92add7a,7232bc533c21ce408d45d473__ec61755d-b5be-42ac-875d-3123e92add7a__seg_189,2026-07-28 17:33:39.231000+00:00,2026-07-28 17:33:39.231000+00:00,0.0,1,,188,False,False
7232bc533c21ce408d45d473,ec61755d-b5be-42ac-875d-3123e92add7a,7232bc533c21ce408d45d473__ec61755d-b5be-42ac-875d-3123e92add7a__seg_190,2026-07-28 17:33:51.466000+00:00,2026-07-28 17:33:51.466000+00:00,0.0,1,,189,False,False
7232bc533c21ce408d45d473,ec61755d-b5be-42ac-875d-3123e92add7a,7232bc533c21ce408d45d473__ec61755d-b5be-42ac-875d-3123e92add7a__seg_191,2026-07-28 17:34:04.056000+00:00,2026-07-28 17:34:04.056000+00:00,0.0,1,,190,False,False
7232bc533c21ce408d45d473,ec61755d-b5be-42ac-875d-3123e92add7a,7232bc533c21ce408d45d473__ec61755d-b5be-42ac-875d-3123e92add7a__seg_192,2026-07-28 17:34:16.682000+00:00,2026-07-28 17:34:16.682000+00:00,0.0,1,,191,False,False
7232bc533c21ce408d45d473,ec61755d-b5be-42ac-875d-3123e92add7a,7232bc533c21ce408d45d473__ec61755d-b5be-42ac-875d-3123e92add7a__seg_193,2026-07-28 17:34:28.897000+00:00,2026-07-28 17:34:28.897000+00:00,0.0,1,,192,False,False
7232bc533c21ce408d45d473,ec61755d-b5be-42ac-875d-3123e92add7a,7232bc533c21ce408d45d473__ec61755d-b5be-42ac-875d-3123e92add7a__seg_194,2026-07-28 17:34:41.045000+00:00,2026-07-28 17:34:41.045000+00:00,0.0,1,,193,False,False
7232bc533c21ce408d45d473,ec61755d-b5be-42ac-875d-3123e92add7a,7232bc533c21ce408d45d473__ec61755d-b5be-42ac-875d-3123e92add7a__seg_195,2026-07-28 17:34:53.282000+00:00,2026-07-28 17:34:53.282000+00:00,0.0,1,,194,False,False
7232bc533c21ce408d45d473,ec61755d-b5be-42ac-875d-3123e92add7a,7232bc533c21ce408d45d473__ec61755d-b5be-42ac-875d-3123e92add7a__seg_196,2026-07-28 17:35:05.180000+00:00,2026-07-28 17:35:05.180000+00:00,0.0,1,,195,False,False
7232bc533c21ce408d45d473,ec61755d-b5be-42ac-875d-3123e92add7a,7232bc533c21ce408d45d473__ec61755d-b5be-42ac-875d-3123e92add7a__seg_197,2026-07-28 17:35:18.329000+00:00,2026-07-28 17:35:18.329000+00:00,0.0,1,,196,False,False
7232bc533c21ce408d45d473,ec61755d-b5be-42ac-875d-3123e92add7a,7232bc533c21ce408d45d473__ec61755d-b5be-42ac-875d-3123e92add7a__seg_198,2026-07-28 17:35:34.397000+00:00,2026-07-28 17:35:34.397000+00:00,0.0,1,,197,False,False
7232bc533c21ce408d45d473,ec61755d-b5be-42ac-875d-3123e92add7a,7232bc533c21ce408d45d473__ec61755d-b5be-42ac-875d-3123e92add7a__seg_199,2026-07-28 17:35:48.697000+00:00,2026-07-28 17:35:48.697000+00:00,0.0,1,,198,False,False
7232bc533c21ce408d45d473,ec61755d-b5be-42ac-875d-3123e92add7a,7232bc533c21ce408d45d473__ec61755d-b5be-42ac-875d-3123e92add7a__seg_200,2026-07-28 17:36:02.041000+00:00,2026-07-28 17:36:02.041000+00:00,0.0,1,,199,False,False
7232bc533c21ce408d45d473,ec61755d-b5be-42ac-875d-3123e92add7a,7232bc533c21ce408d45d473__ec61755d-b5be-42ac-875d-3123e92add7a__seg_201,2026-07-28 17:36:14.296000+00:00,2026-07-28 17:49:18.280000+00:00,783.984,339,2.0125,200,True,True
7232bc533c21ce408d45d473,f3c83d3f-0563-4e35-aa47-2e79402b0105,7232bc533c21ce408d45d473__f3c83d3f-0563-4e35-aa47-2e79402b0105__seg_001,2026-08-04 23:30:58.793000+00:00,2026-08-05 00:17:45.770000+00:00,2806.977,1340,2.004,0,True,True
7232bc533c21ce408d45d473,f3c83d3f-0563-4e35-aa47-2e79402b0105,7232bc533c21ce408d45d473__f3c83d3f-0563-4e35-aa47-2e79402b0105__seg_002,2026-08-05 00:17:57.797000+00:00,2026-08-05 00:17:57.797000+00:00,0.0,1,,1,False,False
7232bc533c21ce408d45d473,f3c83d3f-0563-4e35-aa47-2e79402b0105,7232bc533c21ce408d45d473__f3c83d3f-0563-4e35-aa47-2e79402b0105__seg_003,2026-08-05 00:18:08.517000+00:00,2026-08-05 00:18:11.937000+00:00,3.42,2,3.42,2,False,False
7232bc533c21ce408d45d473,f3c83d3f-0563-4e35-aa47-2e79402b0105,7232bc533c21ce408d45d473__f3c83d3f-0563-4e35-aa47-2e79402b0105__seg_004,2026-08-05 00:18:22.803000+00:00,2026-08-05 00:18:25.956000+00:00,3.153,2,3.153,3,False,False
7232bc533c21ce408d45d473,f3c83d3f-0563-4e35-aa47-2e79402b0105,7232bc533c21ce408d45d473__f3c83d3f-0563-4e35-aa47-2e79402b0105__seg_005,2026-08-05 00:18:36.771000+00:00,2026-08-05 00:18:41.077000+00:00,4.306,2,4.306,4,False,False
7232bc533c21ce408d45d473,f3c83d3f-0563-4e35-aa47-2e79402b0105,7232bc533c21ce408d45d473__f3c83d3f-0563-4e35-aa47-2e79402b0105__seg_006,2026-08-05 00:18:51.420000+00:00,2026-08-05 00:18:51.420000+00:00,0.0,1,,5,False,False
7232bc533c21ce408d45d473,f3c83d3f-0563-4e35-aa47-2e79402b0105,7232bc533c21ce408d45d473__f3c83d3f-0563-4e35-aa47-2e79402b0105__seg_007,2026-08-05 00:19:03.620000+00:00,2026-08-05 00:19:03.620000+00:00,0.0,1,,6,False,False
7232bc533c21ce408d45d473,f3c83d3f-0563-4e35-aa47-2e79402b0105,7232bc533c21ce408d45d473__f3c83d3f-0563-4e35-aa47-2e79402b0105__seg_008,2026-08-05 00:19:15.280000+00:00,2026-08-05 00:19:15.280000+00:00,0.0,1,,7,False,False
7232bc533c21ce408d45d473,f3c83d3f-0563-4e35-aa47-2e79402b0105,7232bc533c21ce408d45d473__f3c83d3f-0563-4e35-aa47-2e79402b0105__seg_009,2026-08-05 00:19:29.109000+00:00,2026-08-05 00:19:29.109000+00:00,0.0,1,,8,False,False
7232bc533c21ce408d45d473,f3c83d3f-0563-4e35-aa47-2e79402b0105,7232bc533c21ce408d45d473__f3c83d3f-0563-4e35-aa47-2e79402b0105__seg_010,2026-08-05 00:19:39.809000+00:00,2026-08-05 00:19:39.809000+00:00,0.0,1,,9,False,False
7232bc533c21ce408d45d473,f3c83d3f-0563-4e35-aa47-2e79402b0105,7232bc533c21ce408d45d473__f3c83d3f-0563-4e35-aa47-2e79402b0105__seg_011,2026-08-05 00:19:52.398000+00:00,2026-08-05 00:19:52.398000+00:00,0.0,1,,10,False,False
7232bc533c21ce408d45d473,f3c83d3f-0563-4e35-aa47-2e79402b0105,7232bc533c21ce408d45d473__f3c83d3f-0563-4e35-aa47-2e79402b0105__seg_012,2026-08-05 00:20:04.023000+00:00,2026-08-05 00:20:04.023000+00:00,0.0,1,,11,False,False
7232bc533c21ce408d45d473,f3c83d3f-0563-4e35-aa47-2e79402b0105,7232bc533c21ce408d45d473__f3c83d3f-0563-4e35-aa47-2e79402b0105__seg_013,2026-08-05 00:20:14.954000+00:00,2026-08-05 00:20:14.954000+00:00,0.0,1,,12,False,False
7232bc533c21ce408d45d473,f3c83d3f-0563-4e35-aa47-2e79402b0105,7232bc533c21ce408d45d473__f3c83d3f-0563-4e35-aa47-2e79402b0105__seg_014,2026-08-05 00:20:26.617000+00:00,2026-08-05 00:20:26.617000+00:00,0.0,1,,13,False,False
7232bc533c21ce408d45d473,f3c83d3f-0563-4e35-aa47-2e79402b0105,7232bc533c21ce408d45d473__f3c83d3f-0563-4e35-aa47-2e79402b0105__seg_015,2026-08-05 00:20:38.355000+00:00,2026-08-05 00:20:38.355000+00:00,0.0,1,,14,False,False
7232bc533c21ce408d45d473,f3c83d3f-0563-4e35-aa47-2e79402b0105,7232bc533c21ce408d45d473__f3c83d3f-0563-4e35-aa47-2e79402b0105__seg_016,2026-08-05 00:20:49.446000+00:00,2026-08-05 00:20:49.446000+00:00,0.0,1,,15,False,False
7232bc533c21ce408d45d473,f3c83d3f-0563-4e35-aa47-2e79402b0105,7232bc533c21ce408d45d473__f3c83d3f-0563-4e35-aa47-2e79402b0105__seg_017,2026-08-05 00:21:00.814000+00:00,2026-08-05 00:21:00.814000+00:00,0.0,1,,16,False,False
7232bc533c21ce408d45d473,f3c83d3f-0563-4e35-aa47-2e79402b0105,7232bc533c21ce408d45d473__f3c83d3f-0563-4e35-aa47-2e79402b0105__seg_018,2026-08-05 00:21:12.086000+00:00,2026-08-05 00:21:12.086000+00:00,0.0,1,,17,False,False
7232bc533c21ce408d45d473,f3c83d3f-0563-4e35-aa47-2e79402b0105,7232bc533c21ce408d45d473__f3c83d3f-0563-4e35-aa47-2e79402b0105__seg_019,2026-08-05 00:21:24.238000+00:00,2026-08-05 00:21:24.238000+00:00,0.0,1,,18,False,False
7232bc533c21ce408d45d473,f3c83d3f-0563-4e35-aa47-2e79402b0105,7232bc533c21ce408d45d473__f3c83d3f-0563-4e35-aa47-2e79402b0105__seg_020,2026-08-05 00:21:36.574000+00:00,2026-08-05 00:21:36.574000+00:00,0.0,1,,19,False,False
7232bc533c21ce408d45d473,f3c83d3f-0563-4e35-aa47-2e79402b0105,7232bc533c21ce408d45d473__f3c83d3f-0563-4e35-aa47-2e79402b0105__seg_021,2026-08-05 00:21:47.617000+00:00,2026-08-05 00:21:47.617000+00:00,0.0,1,,20,False,False
7232bc533c21ce408d45d473,f3c83d3f-0563-4e35-aa47-2e79402b0105,7232bc533c21ce408d45d473__f3c83d3f-0563-4e35-aa47-2e79402b0105__seg_022,2026-08-05 00:21:59.739000+00:00,2026-08-05 00:21:59.739000+00:00,0.0,1,,21,False,False
7232bc533c21ce408d45d473,f3c83d3f-0563-4e35-aa47-2e79402b0105,7232bc533c21ce408d45d473__f3c83d3f-0563-4e35-aa47-2e79402b0105__seg_023,2026-08-05 00:22:11.733000+00:00,2026-08-05 00:40:07.789000+00:00,1076.056,465,2.01,22,True,True
7232bc533c21ce408d45d473,f3c83d3f-0563-4e35-aa47-2e79402b0105,7232bc533c21ce408d45d473__f3c83d3f-0563-4e35-aa47-2e79402b0105__seg_024,2026-08-05 00:40:21.803000+00:00,2026-08-05 00:40:21.803000+00:00,0.0,1,,23,False,False
7232bc533c21ce408d45d473,f3c83d3f-0563-4e35-aa47-2e79402b0105,7232bc533c21ce408d45d473__f3c83d3f-0563-4e35-aa47-2e79402b0105__seg_025,2026-08-05 00:40:46.216000+00:00,2026-08-05 00:40:46.216000+00:00,0.0,1,,24,False,False
7232bc533c21ce408d45d473,f3c83d3f-0563-4e35-aa47-2e79402b0105,7232bc533c21ce408d45d473__f3c83d3f-0563-4e35-aa47-2e79402b0105__seg_026,2026-08-05 00:41:09.071000+00:00,2026-08-05 00:41:09.071000+00:00,0.0,1,,25,False,False
7232bc533c21ce408d45d473,f3c83d3f-0563-4e35-aa47-2e79402b0105,7232bc533c21ce408d45d473__f3c83d3f-0563-4e35-aa47-2e79402b0105__seg_027,2026-08-05 00:41:27.551000+00:00,2026-08-05 00:41:27.551000+00:00,0.0,1,,26,False,False
7232bc533c21ce408d45d473,f3c83d3f-0563-4e35-aa47-2e79402b0105,7232bc533c21ce408d45d473__f3c83d3f-0563-4e35-aa47-2e79402b0105__seg_028,2026-08-05 00:41:43.503000+00:00,2026-08-05 00:41:43.503000+00:00,0.0,1,,27,False,False
7232bc533c21ce408d45d473,f3c83d3f-0563-4e35-aa47-2e79402b0105,7232bc533c21ce408d45d473__f3c83d3f-0563-4e35-aa47-2e79402b0105__seg_029,2026-08-05 00:42:00.696000+00:00,2026-08-05 00:42:00.696000+00:00,0.0,1,,28,False,False
7232bc533c21ce408d45d473,f3c83d3f-0563-4e35-aa47-2e79402b0105,7232bc533c21ce408d45d473__f3c83d3f-0563-4e35-aa47-2e79402b0105__seg_030,2026-08-05 00:42:13.021000+00:00,2026-08-05 00:42:13.021000+00:00,0.0,1,,29,False,False
7232bc533c21ce408d45d473,f3c83d3f-0563-4e35-aa47-2e79402b0105,7232bc533c21ce408d45d473__f3c83d3f-0563-4e35-aa47-2e79402b0105__seg_031,2026-08-05 00:42:24.354000+00:00,2026-08-05 00:42:24.354000+00:00,0.0,1,,30,False,False
7232bc533c21ce408d45d473,f3c83d3f-0563-4e35-aa47-2e79402b0105,7232bc533c21ce408d45d473__f3c83d3f-0563-4e35-aa47-2e79402b0105__seg_032,2026-08-05 00:42:36.409000+00:00,2026-08-05 00:42:36.409000+00:00,0.0,1,,31,False,False
7232bc533c21ce408d45d473,f3c83d3f-0563-4e35-aa47-2e79402b0105,7232bc533c21ce408d45d473__f3c83d3f-0563-4e35-aa47-2e79402b0105__seg_033,2026-08-05 00:42:48.768000+00:00,2026-08-05 00:42:48.768000+00:00,0.0,1,,32,False,False
7232bc533c21ce408d45d473,f3c83d3f-0563-4e35-aa47-2e79402b0105,7232bc533c21ce408d45d473__f3c83d3f-0563-4e35-aa47-2e79402b0105__seg_034,2026-08-05 00:43:00.535000+00:00,2026-08-05 00:43:00.535000+00:00,0.0,1,,33,False,False
7232bc533c21ce408d45d473,f3c83d3f-0563-4e35-aa47-2e79402b0105,7232bc533c21ce408d45d473__f3c83d3f-0563-4e35-aa47-2e79402b0105__seg_035,2026-08-05 00:43:11.837000+00:00,2026-08-05 00:43:11.837000+00:00,0.0,1,,34,False,False
7232bc533c21ce408d45d473,f3c83d3f-0563-4e35-aa47-2e79402b0105,7232bc533c21ce408d45d473__f3c83d3f-0563-4e35-aa47-2e79402b0105__seg_036,2026-08-05 00:43:23.372000+00:00,2026-08-05 00:43:23.372000+00:00,0.0,1,,35,False,False
7232bc533c21ce408d45d473,f3c83d3f-0563-4e35-aa47-2e79402b0105,7232bc533c21ce408d45d473__f3c83d3f-0563-4e35-aa47-2e79402b0105__seg_037,2026-08-05 00:43:36.428000+00:00,2026-08-05 00:43:36.428000+00:00,0.0,1,,36,False,False
7232bc533c21ce408d45d473,f3c83d3f-0563-4e35-aa47-2e79402b0105,7232bc533c21ce408d45d473__f3c83d3f-0563-4e35-aa47-2e79402b0105__seg_038,2026-08-05 00:43:48.202000+00:00,2026-08-05 00:43:48.202000+00:00,0.0,1,,37,False,False
7232bc533c21ce408d45d473,f3c83d3f-0563-4e35-aa47-2e79402b0105,7232bc533c21ce408d45d473__f3c83d3f-0563-4e35-aa47-2e79402b0105__seg_039,2026-08-05 00:43:59.418000+00:00,2026-08-05 00:43:59.418000+00:00,0.0,1,,38,False,False
7232bc533c21ce408d45d473,f3c83d3f-0563-4e35-aa47-2e79402b0105,7232bc533c21ce408d45d473__f3c83d3f-0563-4e35-aa47-2e79402b0105__seg_040,2026-08-05 00:44:14.054000+00:00,2026-08-05 00:44:14.054000+00:00,0.0,1,,39,False,False
7232bc533c21ce408d45d473,f3c83d3f-0563-4e35-aa47-2e79402b0105,7232bc533c21ce408d45d473__f3c83d3f-0563-4e35-aa47-2e79402b0105__seg_041,2026-08-05 00:44:27.350000+00:00,2026-08-05 00:44:27.350000+00:00,0.0,1,,40,False,False
7232bc533c21ce408d45d473,f3c83d3f-0563-4e35-aa47-2e79402b0105,7232bc533c21ce408d45d473__f3c83d3f-0563-4e35-aa47-2e79402b0105__seg_042,2026-08-05 00:44:43.595000+00:00,2026-08-05 00:44:43.595000+00:00,0.0,1,,41,False,False
7232bc533c21ce408d45d473,f3c83d3f-0563-4e35-aa47-2e79402b0105,7232bc533c21ce408d45d473__f3c83d3f-0563-4e35-aa47-2e79402b0105__seg_043,2026-08-05 00:44:58.012000+00:00,2026-08-05 00:50:55.831000+00:00,357.819,170,1.999,42,True,False
7232bc533c21ce408d45d473,f3c83d3f-0563-4e35-aa47-2e79402b0105,7232bc533c21ce408d45d473__f3c83d3f-0563-4e35-aa47-2e79402b0105__seg_044,2026-08-05 00:51:06.974000+00:00,2026-08-05 00:51:19.882000+00:00,12.908,3,6.454,43,False,False
7232bc533c21ce408d45d473,f3c83d3f-0563-4e35-aa47-2e79402b0105,7232bc533c21ce408d45d473__f3c83d3f-0563-4e35-aa47-2e79402b0105__seg_045,2026-08-05 00:51:33.966000+00:00,2026-08-05 00:51:33.966000+00:00,0.0,1,,44,False,False
7232bc533c21ce408d45d473,f3c83d3f-0563-4e35-aa47-2e79402b0105,7232bc533c21ce408d45d473__f3c83d3f-0563-4e35-aa47-2e79402b0105__seg_046,2026-08-05 00:51:47.399000+00:00,2026-08-05 00:51:47.399000+00:00,0.0,1,,45,False,False
7232bc533c21ce408d45d473,f3c83d3f-0563-4e35-aa47-2e79402b0105,7232bc533c21ce408d45d473__f3c83d3f-0563-4e35-aa47-2e79402b0105__seg_047,2026-08-05 00:51:59.672000+00:00,2026-08-05 00:51:59.672000+00:00,0.0,1,,46,False,False
7232bc533c21ce408d45d473,f3c83d3f-0563-4e35-aa47-2e79402b0105,7232bc533c21ce408d45d473__f3c83d3f-0563-4e35-aa47-2e79402b0105__seg_048,2026-08-05 00:52:11.721000+00:00,2026-08-05 00:52:11.721000+00:00,0.0,1,,47,False,False
7232bc533c21ce408d45d473,f3c83d3f-0563-4e35-aa47-2e79402b0105,7232bc533c21ce408d45d473__f3c83d3f-0563-4e35-aa47-2e79402b0105__seg_049,2026-08-05 00:52:23.491000+00:00,2026-08-05 00:52:23.491000+00:00,0.0,1,,48,False,False
7232bc533c21ce408d45d473,f3c83d3f-0563-4e35-aa47-2e79402b0105,7232bc533c21ce408d45d473__f3c83d3f-0563-4e35-aa47-2e79402b0105__seg_050,2026-08-05 00:52:36.238000+00:00,2026-08-05 00:52:36.238000+00:00,0.0,1,,49,False,False
7232bc533c21ce408d45d473,f3c83d3f-0563-4e35-aa47-2e79402b0105,7232bc533c21ce408d45d473__f3c83d3f-0563-4e35-aa47-2e79402b0105__seg_051,2026-08-05 00:52:48.120000+00:00,2026-08-05 00:52:48.120000+00:00,0.0,1,,50,False,False
7232bc533c21ce408d45d473,f3c83d3f-0563-4e35-aa47-2e79402b0105,7232bc533c21ce408d45d473__f3c83d3f-0563-4e35-aa47-2e79402b0105__seg_052,2026-08-05 00:53:00.212000+00:00,2026-08-05 00:53:00.212000+00:00,0.0,1,,51,False,False
7232bc533c21ce408d45d473,f3c83d3f-0563-4e35-aa47-2e79402b0105,7232bc533c21ce408d45d473__f3c83d3f-0563-4e35-aa47-2e79402b0105__seg_053,2026-08-05 00:53:12.989000+00:00,2026-08-05 00:53:12.989000+00:00,0.0,1,,52,False,False
7232bc533c21ce408d45d473,f3c83d3f-0563-4e35-aa47-2e79402b0105,7232bc533c21ce408d45d473__f3c83d3f-0563-4e35-aa47-2e79402b0105__seg_054,2026-08-05 00:53:25.513000+00:00,2026-08-05 00:53:25.513000+00:00,0.0,1,,53,False,False
7232bc533c21ce408d45d473,f3c83d3f-0563-4e35-aa47-2e79402b0105,7232bc533c21ce408d45d473__f3c83d3f-0563-4e35-aa47-2e79402b0105__seg_055,2026-08-05 00:53:37.551000+00:00,2026-08-05 00:53:37.551000+00:00,0.0,1,,54,False,False
7232bc533c21ce408d45d473,f3c83d3f-0563-4e35-aa47-2e79402b0105,7232bc533c21ce408d45d473__f3c83d3f-0563-4e35-aa47-2e79402b0105__seg_056,2026-08-05 00:53:50.707000+00:00,2026-08-05 00:53:50.707000+00:00,0.0,1,,55,False,False
7232bc533c21ce408d45d473,f3c83d3f-0563-4e35-aa47-2e79402b0105,7232bc533c21ce408d45d473__f3c83d3f-0563-4e35-aa47-2e79402b0105__seg_057,2026-08-05 00:54:02.268000+00:00,2026-08-05 00:54:02.268000+00:00,0.0,1,,56,False,False
7232bc533c21ce408d45d473,f3c83d3f-0563-4e35-aa47-2e79402b0105,7232bc533c21ce408d45d473__f3c83d3f-0563-4e35-aa47-2e79402b0105__seg_058,2026-08-05 00:54:14.263000+00:00,2026-08-05 00:54:14.263000+00:00,0.0,1,,57,False,False
7232bc533c21ce408d45d473,f3c83d3f-0563-4e35-aa47-2e79402b0105,7232bc533c21ce408d45d473__f3c83d3f-0563-4e35-aa47-2e79402b0105__seg_059,2026-08-05 00:54:25.084000+00:00,2026-08-05 00:54:28.071000+00:00,2.987,2,2.987,58,False,False
7232bc533c21ce408d45d473,f3c83d3f-0563-4e35-aa47-2e79402b0105,7232bc533c21ce408d45d473__f3c83d3f-0563-4e35-aa47-2e79402b0105__seg_060,2026-08-05 00:54:42.068000+00:00,2026-08-05 00:54:42.068000+00:00,0.0,1,,59,False,False
7232bc533c21ce408d45d473,f3c83d3f-0563-4e35-aa47-2e79402b0105,7232bc533c21ce408d45d473__f3c83d3f-0563-4e35-aa47-2e79402b0105__seg_061,2026-08-05 00:54:55.642000+00:00,2026-08-05 00:54:55.642000+00:00,0.0,1,,60,False,False
7232bc533c21ce408d45d473,f3c83d3f-0563-4e35-aa47-2e79402b0105,7232bc533c21ce408d45d473__f3c83d3f-0563-4e35-aa47-2e79402b0105__seg_062,2026-08-05 00:55:09.821000+00:00,2026-08-05 00:55:09.821000+00:00,0.0,1,,61,False,False
7232bc533c21ce408d45d473,f3c83d3f-0563-4e35-aa47-2e79402b0105,7232bc533c21ce408d45d473__f3c83d3f-0563-4e35-aa47-2e79402b0105__seg_063,2026-08-05 00:55:23.161000+00:00,2026-08-05 00:55:23.161000+00:00,0.0,1,,62,False,False
7232bc533c21ce408d45d473,f3c83d3f-0563-4e35-aa47-2e79402b0105,7232bc533c21ce408d45d473__f3c83d3f-0563-4e35-aa47-2e79402b0105__seg_064,2026-08-05 00:55:35.093000+00:00,2026-08-05 01:08:26.257000+00:00,771.164,387,1.999,63,True,True
7232bc533c21ce408d45d473,f3c83d3f-0563-4e35-aa47-2e79402b0105,7232bc533c21ce408d45d473__f3c83d3f-0563-4e35-aa47-2e79402b0105__seg_065,2026-08-05 01:08:37.325000+00:00,2026-08-05 01:08:37.325000+00:00,0.0,1,,64,False,False
7232bc533c21ce408d45d473,f3c83d3f-0563-4e35-aa47-2e79402b0105,7232bc533c21ce408d45d473__f3c83d3f-0563-4e35-aa47-2e79402b0105__seg_066,2026-08-05 01:08:50.222000+00:00,2026-08-05 01:08:50.222000+00:00,0.0,1,,65,False,False
7232bc533c21ce408d45d473,f3c83d3f-0563-4e35-aa47-2e79402b0105,7232bc533c21ce408d45d473__f3c83d3f-0563-4e35-aa47-2e79402b0105__seg_067,2026-08-05 01:09:01.939000+00:00,2026-08-05 01:09:01.939000+00:00,0.0,1,,66,False,False
7232bc533c21ce408d45d473,f3c83d3f-0563-4e35-aa47-2e79402b0105,7232bc533c21ce408d45d473__f3c83d3f-0563-4e35-aa47-2e79402b0105__seg_068,2026-08-05 01:09:13.625000+00:00,2026-08-05 01:09:13.625000+00:00,0.0,1,,67,False,False
7232bc533c21ce408d45d473,f3c83d3f-0563-4e35-aa47-2e79402b0105,7232bc533c21ce408d45d473__f3c83d3f-0563-4e35-aa47-2e79402b0105__seg_069,2026-08-05 01:09:25.282000+00:00,2026-08-05 01:09:25.282000+00:00,0.0,1,,68,False,False
7232bc533c21ce408d45d473,f3c83d3f-0563-4e35-aa47-2e79402b0105,7232bc533c21ce408d45d473__f3c83d3f-0563-4e35-aa47-2e79402b0105__seg_070,2026-08-05 01:09:37.816000+00:00,2026-08-05 01:09:37.816000+00:00,0.0,1,,69,False,False
7232bc533c21ce408d45d473,f3c83d3f-0563-4e35-aa47-2e79402b0105,7232bc533c21ce408d45d473__f3c83d3f-0563-4e35-aa47-2e79402b0105__seg_071,2026-08-05 01:09:49.396000+00:00,2026-08-05 01:09:49.396000+00:00,0.0,1,,70,False,False
7232bc533c21ce408d45d473,f3c83d3f-0563-4e35-aa47-2e79402b0105,7232bc533c21ce408d45d473__f3c83d3f-0563-4e35-aa47-2e79402b0105__seg_072,2026-08-05 01:10:02.554000+00:00,2026-08-05 01:10:15.805000+00:00,13.251,3,6.6255,71,False,False
7232bc533c21ce408d45d473,f3c83d3f-0563-4e35-aa47-2e79402b0105,7232bc533c21ce408d45d473__f3c83d3f-0563-4e35-aa47-2e79402b0105__seg_073,2026-08-05 01:10:28.584000+00:00,2026-08-05 01:10:28.584000+00:00,0.0,1,,72,False,False
7232bc533c21ce408d45d473,f3c83d3f-0563-4e35-aa47-2e79402b0105,7232bc533c21ce408d45d473__f3c83d3f-0563-4e35-aa47-2e79402b0105__seg_074,2026-08-05 01:10:43.548000+00:00,2026-08-05 01:10:43.548000+00:00,0.0,1,,73,False,False
7232bc533c21ce408d45d473,f3c83d3f-0563-4e35-aa47-2e79402b0105,7232bc533c21ce408d45d473__f3c83d3f-0563-4e35-aa47-2e79402b0105__seg_075,2026-08-05 01:10:58.158000+00:00,2026-08-05 01:10:58.158000+00:00,0.0,1,,74,False,False
7232bc533c21ce408d45d473,f3c83d3f-0563-4e35-aa47-2e79402b0105,7232bc533c21ce408d45d473__f3c83d3f-0563-4e35-aa47-2e79402b0105__seg_076,2026-08-05 01:11:15.114000+00:00,2026-08-05 01:11:15.114000+00:00,0.0,1,,75,False,False
7232bc533c21ce408d45d473,f3c83d3f-0563-4e35-aa47-2e79402b0105,7232bc533c21ce408d45d473__f3c83d3f-0563-4e35-aa47-2e79402b0105__seg_077,2026-08-05 01:11:27.278000+00:00,2026-08-05 01:11:27.278000+00:00,0.0,1,,76,False,False
7232bc533c21ce408d45d473,f3c83d3f-0563-4e35-aa47-2e79402b0105,7232bc533c21ce408d45d473__f3c83d3f-0563-4e35-aa47-2e79402b0105__seg_078,2026-08-05 01:11:41.561000+00:00,2026-08-05 01:11:41.561000+00:00,0.0,1,,77,False,False
7232bc533c21ce408d45d473,f3c83d3f-0563-4e35-aa47-2e79402b0105,7232bc533c21ce408d45d473__f3c83d3f-0563-4e35-aa47-2e79402b0105__seg_079,2026-08-05 01:11:53.015000+00:00,2026-08-05 01:11:53.015000+00:00,0.0,1,,78,False,False
7232bc533c21ce408d45d473,f3c83d3f-0563-4e35-aa47-2e79402b0105,7232bc533c21ce408d45d473__f3c83d3f-0563-4e35-aa47-2e79402b0105__seg_080,2026-08-05 01:12:04.675000+00:00,2026-08-05 01:12:04.675000+00:00,0.0,1,,79,False,False
7232bc533c21ce408d45d473,f3c83d3f-0563-4e35-aa47-2e79402b0105,7232bc533c21ce408d45d473__f3c83d3f-0563-4e35-aa47-2e79402b0105__seg_081,2026-08-05 01:12:16.202000+00:00,2026-08-05 01:12:16.202000+00:00,0.0,1,,80,False,False
7232bc533c21ce408d45d473,f3c83d3f-0563-4e35-aa47-2e79402b0105,7232bc533c21ce408d45d473__f3c83d3f-0563-4e35-aa47-2e79402b0105__seg_082,2026-08-05 01:12:32.800000+00:00,2026-08-05 01:12:32.800000+00:00,0.0,1,,81,False,False
7232bc533c21ce408d45d473,f3c83d3f-0563-4e35-aa47-2e79402b0105,7232bc533c21ce408d45d473__f3c83d3f-0563-4e35-aa47-2e79402b0105__seg_083,2026-08-05 01:12:45.853000+00:00,2026-08-05 01:12:45.853000+00:00,0.0,1,,82,False,False
7232bc533c21ce408d45d473,f3c83d3f-0563-4e35-aa47-2e79402b0105,7232bc533c21ce408d45d473__f3c83d3f-0563-4e35-aa47-2e79402b0105__seg_084,2026-08-05 01:12:59.341000+00:00,2026-08-05 01:12:59.341000+00:00,0.0,1,,83,False,False
7232bc533c21ce408d45d473,f3c83d3f-0563-4e35-aa47-2e79402b0105,7232bc533c21ce408d45d473__f3c83d3f-0563-4e35-aa47-2e79402b0105__seg_085,2026-08-05 01:13:12.847000+00:00,2026-08-05 01:13:12.847000+00:00,0.0,1,,84,False,False
7232bc533c21ce408d45d473,f3c83d3f-0563-4e35-aa47-2e79402b0105,7232bc533c21ce408d45d473__f3c83d3f-0563-4e35-aa47-2e79402b0105__seg_086,2026-08-05 01:13:23.478000+00:00,2026-08-05 01:15:40.099000+00:00,136.621,68,1.995,85,False,False
7232bc533c21ce408d45d473,f81f7ffe-2f6d-4479-937f-cc82e574c286,7232bc533c21ce408d45d473__f81f7ffe-2f6d-4479-937f-cc82e574c286__seg_001,2026-07-31 23:46:34.071000+00:00,2026-08-01 00:02:36.079000+00:00,962.008,389,2.1705,0,True,True
7232bc533c21ce408d45d473,f81f7ffe-2f6d-4479-937f-cc82e574c286,7232bc533c21ce408d45d473__f81f7ffe-2f6d-4479-937f-cc82e574c286__seg_002,2026-08-01 00:02:46.912000+00:00,2026-08-01 00:09:51.057000+00:00,424.145,177,2.1130000000000004,1,True,False
7232bc533c21ce408d45d473,f81f7ffe-2f6d-4479-937f-cc82e574c286,7232bc533c21ce408d45d473__f81f7ffe-2f6d-4479-937f-cc82e574c286__seg_003,2026-08-01 00:10:05.200000+00:00,2026-08-01 00:55:13.773000+00:00,2708.573,1135,2.09,2,True,True
7232bc533c21ce408d45d473,f81f7ffe-2f6d-4479-937f-cc82e574c286,7232bc533c21ce408d45d473__f81f7ffe-2f6d-4479-937f-cc82e574c286__seg_004,2026-08-01 00:55:24.405000+00:00,2026-08-01 01:30:08.807000+00:00,2084.402,997,2.01,3,True,True
7232bc533c21ce408d45d473,fac82c2e-545a-402a-80f8-3d1fccb72c68,7232bc533c21ce408d45d473__fac82c2e-545a-402a-80f8-3d1fccb72c68__seg_001,2026-07-29 07:33:46.980000+00:00,2026-07-29 07:34:54.787000+00:00,67.807,28,2.01,0,False,False
7232bc533c21ce408d45d473,fac82c2e-545a-402a-80f8-3d1fccb72c68,7232bc533c21ce408d45d473__fac82c2e-545a-402a-80f8-3d1fccb72c68__seg_002,2026-07-29 07:35:10.013000+00:00,2026-07-29 07:36:17.292000+00:00,67.279,22,2.181,1,False,False
7232bc533c21ce408d45d473,fac82c2e-545a-402a-80f8-3d1fccb72c68,7232bc533c21ce408d45d473__fac82c2e-545a-402a-80f8-3d1fccb72c68__seg_003,2026-07-29 07:36:34.402000+00:00,2026-07-29 07:36:34.402000+00:00,0.0,1,,2,False,False
7232bc533c21ce408d45d473,fac82c2e-545a-402a-80f8-3d1fccb72c68,7232bc533c21ce408d45d473__fac82c2e-545a-402a-80f8-3d1fccb72c68__seg_004,2026-07-29 07:36:52.547000+00:00,2026-07-29 07:36:52.547000+00:00,0.0,1,,3,False,False
7232bc533c21ce408d45d473,fac82c2e-545a-402a-80f8-3d1fccb72c68,7232bc533c21ce408d45d473__fac82c2e-545a-402a-80f8-3d1fccb72c68__seg_005,2026-07-29 07:37:07.176000+00:00,2026-07-29 07:37:07.176000+00:00,0.0,1,,4,False,False
7232bc533c21ce408d45d473,fac82c2e-545a-402a-80f8-3d1fccb72c68,7232bc533c21ce408d45d473__fac82c2e-545a-402a-80f8-3d1fccb72c68__seg_006,2026-07-29 07:37:21.151000+00:00,2026-07-29 07:37:21.151000+00:00,0.0,1,,5,False,False
7232bc533c21ce408d45d473,fac82c2e-545a-402a-80f8-3d1fccb72c68,7232bc533c21ce408d45d473__fac82c2e-545a-402a-80f8-3d1fccb72c68__seg_007,2026-07-29 07:37:37.004000+00:00,2026-07-29 07:37:37.004000+00:00,0.0,1,,6,False,False
7232bc533c21ce408d45d473,fac82c2e-545a-402a-80f8-3d1fccb72c68,7232bc533c21ce408d45d473__fac82c2e-545a-402a-80f8-3d1fccb72c68__seg_008,2026-07-29 07:37:50.946000+00:00,2026-07-29 07:37:50.946000+00:00,0.0,1,,7,False,False
7232bc533c21ce408d45d473,fac82c2e-545a-402a-80f8-3d1fccb72c68,7232bc533c21ce408d45d473__fac82c2e-545a-402a-80f8-3d1fccb72c68__seg_009,2026-07-29 07:38:03.904000+00:00,2026-07-29 07:38:03.904000+00:00,0.0,1,,8,False,False
7232bc533c21ce408d45d473,fac82c2e-545a-402a-80f8-3d1fccb72c68,7232bc533c21ce408d45d473__fac82c2e-545a-402a-80f8-3d1fccb72c68__seg_010,2026-07-29 07:38:14.890000+00:00,2026-07-29 07:38:14.890000+00:00,0.0,1,,9,False,False
7232bc533c21ce408d45d473,fac82c2e-545a-402a-80f8-3d1fccb72c68,7232bc533c21ce408d45d473__fac82c2e-545a-402a-80f8-3d1fccb72c68__seg_011,2026-07-29 07:38:27.645000+00:00,2026-07-29 07:39:38.441000+00:00,70.796,12,6.29,10,False,False
7232bc533c21ce408d45d473,fac82c2e-545a-402a-80f8-3d1fccb72c68,7232bc533c21ce408d45d473__fac82c2e-545a-402a-80f8-3d1fccb72c68__seg_012,2026-07-29 07:39:50.103000+00:00,2026-07-29 07:50:33.025000+00:00,642.922,233,2.029,11,True,False
7232bc533c21ce408d45d473,fac82c2e-545a-402a-80f8-3d1fccb72c68,7232bc533c21ce408d45d473__fac82c2e-545a-402a-80f8-3d1fccb72c68__seg_013,2026-07-29 07:50:44.330000+00:00,2026-07-29 07:50:44.330000+00:00,0.0,1,,12,False,False
7232bc533c21ce408d45d473,fac82c2e-545a-402a-80f8-3d1fccb72c68,7232bc533c21ce408d45d473__fac82c2e-545a-402a-80f8-3d1fccb72c68__seg_014,2026-07-29 07:50:55.659000+00:00,2026-07-29 07:51:41.268000+00:00,45.609,11,2.6985,13,False,False
7232bc533c21ce408d45d473,fac82c2e-545a-402a-80f8-3d1fccb72c68,7232bc533c21ce408d45d473__fac82c2e-545a-402a-80f8-3d1fccb72c68__seg_015,2026-07-29 07:51:53.289000+00:00,2026-07-29 07:57:34.461000+00:00,341.172,118,2.162,14,True,False
7232bc533c21ce408d45d473,fac82c2e-545a-402a-80f8-3d1fccb72c68,7232bc533c21ce408d45d473__fac82c2e-545a-402a-80f8-3d1fccb72c68__seg_016,2026-07-29 07:57:47.475000+00:00,2026-07-29 07:57:47.475000+00:00,0.0,1,,15,False,False
7232bc533c21ce408d45d473,fac82c2e-545a-402a-80f8-3d1fccb72c68,7232bc533c21ce408d45d473__fac82c2e-545a-402a-80f8-3d1fccb72c68__seg_017,2026-07-29 07:57:58.213000+00:00,2026-07-29 07:57:58.213000+00:00,0.0,1,,16,False,False
7232bc533c21ce408d45d473,fac82c2e-545a-402a-80f8-3d1fccb72c68,7232bc533c21ce408d45d473__fac82c2e-545a-402a-80f8-3d1fccb72c68__seg_018,2026-07-29 07:58:08.719000+00:00,2026-07-29 08:12:02.730000+00:00,834.011,285,2.0709999999999997,17,True,True
7232bc533c21ce408d45d473,fac82c2e-545a-402a-80f8-3d1fccb72c68,7232bc533c21ce408d45d473__fac82c2e-545a-402a-80f8-3d1fccb72c68__seg_019,2026-07-29 08:12:14.111000+00:00,2026-07-29 08:18:08.894000+00:00,354.783,136,2.072,18,True,False
7232bc533c21ce408d45d473,fac82c2e-545a-402a-80f8-3d1fccb72c68,7232bc533c21ce408d45d473__fac82c2e-545a-402a-80f8-3d1fccb72c68__seg_020,2026-07-29 08:18:20.432000+00:00,2026-07-29 08:18:55.724000+00:00,35.292,8,3.117,19,False,False
7232bc533c21ce408d45d473,fac82c2e-545a-402a-80f8-3d1fccb72c68,7232bc533c21ce408d45d473__fac82c2e-545a-402a-80f8-3d1fccb72c68__seg_021,2026-07-29 08:19:06.090000+00:00,2026-07-29 08:20:03.108000+00:00,57.018,13,3.449,20,False,False
7232bc533c21ce408d45d473,fac82c2e-545a-402a-80f8-3d1fccb72c68,7232bc533c21ce408d45d473__fac82c2e-545a-402a-80f8-3d1fccb72c68__seg_022,2026-07-29 08:20:14.241000+00:00,2026-07-29 08:21:32.228000+00:00,77.987,17,3.2045,21,False,False
7232bc533c21ce408d45d473,fac82c2e-545a-402a-80f8-3d1fccb72c68,7232bc533c21ce408d45d473__fac82c2e-545a-402a-80f8-3d1fccb72c68__seg_023,2026-07-29 08:21:42.442000+00:00,2026-07-29 08:29:26.707000+00:00,464.265,180,2.007,22,True,False
7232bc533c21ce408d45d473,fac82c2e-545a-402a-80f8-3d1fccb72c68,7232bc533c21ce408d45d473__fac82c2e-545a-402a-80f8-3d1fccb72c68__seg_024,2026-07-29 08:29:41.802000+00:00,2026-07-29 08:29:41.802000+00:00,0.0,1,,23,False,False
7232bc533c21ce408d45d473,fac82c2e-545a-402a-80f8-3d1fccb72c68,7232bc533c21ce408d45d473__fac82c2e-545a-402a-80f8-3d1fccb72c68__seg_025,2026-07-29 08:29:53.907000+00:00,2026-07-29 08:29:53.907000+00:00,0.0,1,,24,False,False
7232bc533c21ce408d45d473,fac82c2e-545a-402a-80f8-3d1fccb72c68,7232bc533c21ce408d45d473__fac82c2e-545a-402a-80f8-3d1fccb72c68__seg_026,2026-07-29 08:30:05.620000+00:00,2026-07-29 08:30:05.620000+00:00,0.0,1,,25,False,False
7232bc533c21ce408d45d473,fac82c2e-545a-402a-80f8-3d1fccb72c68,7232bc533c21ce408d45d473__fac82c2e-545a-402a-80f8-3d1fccb72c68__seg_027,2026-07-29 08:30:18.158000+00:00,2026-07-29 08:30:18.158000+00:00,0.0,1,,26,False,False
7232bc533c21ce408d45d473,fac82c2e-545a-402a-80f8-3d1fccb72c68,7232bc533c21ce408d45d473__fac82c2e-545a-402a-80f8-3d1fccb72c68__seg_028,2026-07-29 08:30:32.207000+00:00,2026-07-29 08:30:32.207000+00:00,0.0,1,,27,False,False
7232bc533c21ce408d45d473,fac82c2e-545a-402a-80f8-3d1fccb72c68,7232bc533c21ce408d45d473__fac82c2e-545a-402a-80f8-3d1fccb72c68__seg_029,2026-07-29 08:30:45.968000+00:00,2026-07-29 08:30:45.968000+00:00,0.0,1,,28,False,False
7232bc533c21ce408d45d473,fac82c2e-545a-402a-80f8-3d1fccb72c68,7232bc533c21ce408d45d473__fac82c2e-545a-402a-80f8-3d1fccb72c68__seg_030,2026-07-29 08:30:57.461000+00:00,2026-07-29 08:30:57.461000+00:00,0.0,1,,29,False,False
7232bc533c21ce408d45d473,fac82c2e-545a-402a-80f8-3d1fccb72c68,7232bc533c21ce408d45d473__fac82c2e-545a-402a-80f8-3d1fccb72c68__seg_031,2026-07-29 08:31:08.982000+00:00,2026-07-29 08:31:08.982000+00:00,0.0,1,,30,False,False
7232bc533c21ce408d45d473,fac82c2e-545a-402a-80f8-3d1fccb72c68,7232bc533c21ce408d45d473__fac82c2e-545a-402a-80f8-3d1fccb72c68__seg_032,2026-07-29 08:31:21.318000+00:00,2026-07-29 08:31:21.318000+00:00,0.0,1,,31,False,False
7232bc533c21ce408d45d473,fac82c2e-545a-402a-80f8-3d1fccb72c68,7232bc533c21ce408d45d473__fac82c2e-545a-402a-80f8-3d1fccb72c68__seg_033,2026-07-29 08:31:33.306000+00:00,2026-07-29 08:31:33.306000+00:00,0.0,1,,32,False,False
7232bc533c21ce408d45d473,fac82c2e-545a-402a-80f8-3d1fccb72c68,7232bc533c21ce408d45d473__fac82c2e-545a-402a-80f8-3d1fccb72c68__seg_034,2026-07-29 08:31:45.133000+00:00,2026-07-29 08:31:45.133000+00:00,0.0,1,,33,False,False
7232bc533c21ce408d45d473,fac82c2e-545a-402a-80f8-3d1fccb72c68,7232bc533c21ce408d45d473__fac82c2e-545a-402a-80f8-3d1fccb72c68__seg_035,2026-07-29 08:31:56.919000+00:00,2026-07-29 08:31:56.919000+00:00,0.0,1,,34,False,False
7232bc533c21ce408d45d473,fac82c2e-545a-402a-80f8-3d1fccb72c68,7232bc533c21ce408d45d473__fac82c2e-545a-402a-80f8-3d1fccb72c68__seg_036,2026-07-29 08:32:10.225000+00:00,2026-07-29 08:32:10.225000+00:00,0.0,1,,35,False,False
7232bc533c21ce408d45d473,fac82c2e-545a-402a-80f8-3d1fccb72c68,7232bc533c21ce408d45d473__fac82c2e-545a-402a-80f8-3d1fccb72c68__seg_037,2026-07-29 08:32:23.274000+00:00,2026-07-29 08:32:23.274000+00:00,0.0,1,,36,False,False
7232bc533c21ce408d45d473,fac82c2e-545a-402a-80f8-3d1fccb72c68,7232bc533c21ce408d45d473__fac82c2e-545a-402a-80f8-3d1fccb72c68__seg_038,2026-07-29 08:32:35.114000+00:00,2026-07-29 08:32:35.114000+00:00,0.0,1,,37,False,False
7232bc533c21ce408d45d473,fac82c2e-545a-402a-80f8-3d1fccb72c68,7232bc533c21ce408d45d473__fac82c2e-545a-402a-80f8-3d1fccb72c68__seg_039,2026-07-29 08:32:47.039000+00:00,2026-07-29 08:32:47.039000+00:00,0.0,1,,38,False,False
7232bc533c21ce408d45d473,fac82c2e-545a-402a-80f8-3d1fccb72c68,7232bc533c21ce408d45d473__fac82c2e-545a-402a-80f8-3d1fccb72c68__seg_040,2026-07-29 08:32:59.126000+00:00,2026-07-29 08:32:59.126000+00:00,0.0,1,,39,False,False
7232bc533c21ce408d45d473,fac82c2e-545a-402a-80f8-3d1fccb72c68,7232bc533c21ce408d45d473__fac82c2e-545a-402a-80f8-3d1fccb72c68__seg_041,2026-07-29 08:33:11.235000+00:00,2026-07-29 08:33:11.235000+00:00,0.0,1,,40,False,False
7232bc533c21ce408d45d473,fac82c2e-545a-402a-80f8-3d1fccb72c68,7232bc533c21ce408d45d473__fac82c2e-545a-402a-80f8-3d1fccb72c68__seg_042,2026-07-29 08:33:23.520000+00:00,2026-07-29 08:33:23.520000+00:00,0.0,1,,41,False,False
7232bc533c21ce408d45d473,fac82c2e-545a-402a-80f8-3d1fccb72c68,7232bc533c21ce408d45d473__fac82c2e-545a-402a-80f8-3d1fccb72c68__seg_043,2026-07-29 08:33:35.006000+00:00,2026-07-29 08:33:35.006000+00:00,0.0,1,,42,False,False
7232bc533c21ce408d45d473,fac82c2e-545a-402a-80f8-3d1fccb72c68,7232bc533c21ce408d45d473__fac82c2e-545a-402a-80f8-3d1fccb72c68__seg_044,2026-07-29 08:33:47.105000+00:00,2026-07-29 08:33:47.105000+00:00,0.0,1,,43,False,False
7232bc533c21ce408d45d473,fac82c2e-545a-402a-80f8-3d1fccb72c68,7232bc533c21ce408d45d473__fac82c2e-545a-402a-80f8-3d1fccb72c68__seg_045,2026-07-29 08:33:59.503000+00:00,2026-07-29 08:33:59.503000+00:00,0.0,1,,44,False,False
7232bc533c21ce408d45d473,fac82c2e-545a-402a-80f8-3d1fccb72c68,7232bc533c21ce408d45d473__fac82c2e-545a-402a-80f8-3d1fccb72c68__seg_046,2026-07-29 08:34:12.350000+00:00,2026-07-29 08:34:12.350000+00:00,0.0,1,,45,False,False
7232bc533c21ce408d45d473,fac82c2e-545a-402a-80f8-3d1fccb72c68,7232bc533c21ce408d45d473__fac82c2e-545a-402a-80f8-3d1fccb72c68__seg_047,2026-07-29 08:34:23.025000+00:00,2026-07-29 09:29:38.931000+00:00,3315.906,1313,2.027,46,True,True
7232bc533c21ce408d45d473,fac82c2e-545a-402a-80f8-3d1fccb72c68,7232bc533c21ce408d45d473__fac82c2e-545a-402a-80f8-3d1fccb72c68__seg_048,2026-07-29 09:29:51.138000+00:00,2026-07-29 09:29:51.138000+00:00,0.0,1,,47,False,False
7232bc533c21ce408d45d473,fac82c2e-545a-402a-80f8-3d1fccb72c68,7232bc533c21ce408d45d473__fac82c2e-545a-402a-80f8-3d1fccb72c68__seg_049,2026-07-29 09:30:03.594000+00:00,2026-07-29 09:30:03.594000+00:00,0.0,1,,48,False,False
7232bc533c21ce408d45d473,fac82c2e-545a-402a-80f8-3d1fccb72c68,7232bc533c21ce408d45d473__fac82c2e-545a-402a-80f8-3d1fccb72c68__seg_050,2026-07-29 09:30:15.431000+00:00,2026-07-29 09:30:15.431000+00:00,0.0,1,,49,False,False
7232bc533c21ce408d45d473,fac82c2e-545a-402a-80f8-3d1fccb72c68,7232bc533c21ce408d45d473__fac82c2e-545a-402a-80f8-3d1fccb72c68__seg_051,2026-07-29 09:30:27.578000+00:00,2026-07-29 09:30:27.578000+00:00,0.0,1,,50,False,False
7232bc533c21ce408d45d473,fac82c2e-545a-402a-80f8-3d1fccb72c68,7232bc533c21ce408d45d473__fac82c2e-545a-402a-80f8-3d1fccb72c68__seg_052,2026-07-29 09:30:39.584000+00:00,2026-07-29 09:30:39.584000+00:00,0.0,1,,51,False,False
7232bc533c21ce408d45d473,fac82c2e-545a-402a-80f8-3d1fccb72c68,7232bc533c21ce408d45d473__fac82c2e-545a-402a-80f8-3d1fccb72c68__seg_053,2026-07-29 09:30:51.620000+00:00,2026-07-29 09:30:51.620000+00:00,0.0,1,,52,False,False
7232bc533c21ce408d45d473,fac82c2e-545a-402a-80f8-3d1fccb72c68,7232bc533c21ce408d45d473__fac82c2e-545a-402a-80f8-3d1fccb72c68__seg_054,2026-07-29 09:31:03.710000+00:00,2026-07-29 09:31:03.710000+00:00,0.0,1,,53,False,False
7232bc533c21ce408d45d473,fac82c2e-545a-402a-80f8-3d1fccb72c68,7232bc533c21ce408d45d473__fac82c2e-545a-402a-80f8-3d1fccb72c68__seg_055,2026-07-29 09:31:15.296000+00:00,2026-07-29 09:31:15.296000+00:00,0.0,1,,54,False,False
7232bc533c21ce408d45d473,fac82c2e-545a-402a-80f8-3d1fccb72c68,7232bc533c21ce408d45d473__fac82c2e-545a-402a-80f8-3d1fccb72c68__seg_056,2026-07-29 09:31:27.493000+00:00,2026-07-29 09:31:27.493000+00:00,0.0,1,,55,False,False
7232bc533c21ce408d45d473,fac82c2e-545a-402a-80f8-3d1fccb72c68,7232bc533c21ce408d45d473__fac82c2e-545a-402a-80f8-3d1fccb72c68__seg_057,2026-07-29 09:31:39.735000+00:00,2026-07-29 09:31:39.735000+00:00,0.0,1,,56,False,False
7232bc533c21ce408d45d473,fac82c2e-545a-402a-80f8-3d1fccb72c68,7232bc533c21ce408d45d473__fac82c2e-545a-402a-80f8-3d1fccb72c68__seg_058,2026-07-29 09:31:51.715000+00:00,2026-07-29 09:31:51.715000+00:00,0.0,1,,57,False,False
7232bc533c21ce408d45d473,fac82c2e-545a-402a-80f8-3d1fccb72c68,7232bc533c21ce408d45d473__fac82c2e-545a-402a-80f8-3d1fccb72c68__seg_059,2026-07-29 09:32:03.611000+00:00,2026-07-29 09:32:03.611000+00:00,0.0,1,,58,False,False
7232bc533c21ce408d45d473,fac82c2e-545a-402a-80f8-3d1fccb72c68,7232bc533c21ce408d45d473__fac82c2e-545a-402a-80f8-3d1fccb72c68__seg_060,2026-07-29 09:32:16.668000+00:00,2026-07-29 09:32:16.668000+00:00,0.0,1,,59,False,False
7232bc533c21ce408d45d473,fac82c2e-545a-402a-80f8-3d1fccb72c68,7232bc533c21ce408d45d473__fac82c2e-545a-402a-80f8-3d1fccb72c68__seg_061,2026-07-29 09:32:29.499000+00:00,2026-07-29 09:32:29.499000+00:00,0.0,1,,60,False,False
7232bc533c21ce408d45d473,fac82c2e-545a-402a-80f8-3d1fccb72c68,7232bc533c21ce408d45d473__fac82c2e-545a-402a-80f8-3d1fccb72c68__seg_062,2026-07-29 09:32:41.297000+00:00,2026-07-29 09:32:41.297000+00:00,0.0,1,,61,False,False
7232bc533c21ce408d45d473,fac82c2e-545a-402a-80f8-3d1fccb72c68,7232bc533c21ce408d45d473__fac82c2e-545a-402a-80f8-3d1fccb72c68__seg_063,2026-07-29 09:32:53.171000+00:00,2026-07-29 09:32:53.171000+00:00,0.0,1,,62,False,False
7232bc533c21ce408d45d473,fac82c2e-545a-402a-80f8-3d1fccb72c68,7232bc533c21ce408d45d473__fac82c2e-545a-402a-80f8-3d1fccb72c68__seg_064,2026-07-29 09:33:06.378000+00:00,2026-07-29 09:33:06.378000+00:00,0.0,1,,63,False,False
7232bc533c21ce408d45d473,fac82c2e-545a-402a-80f8-3d1fccb72c68,7232bc533c21ce408d45d473__fac82c2e-545a-402a-80f8-3d1fccb72c68__seg_065,2026-07-29 09:33:19.377000+00:00,2026-07-29 09:33:19.377000+00:00,0.0,1,,64,False,False
7232bc533c21ce408d45d473,fac82c2e-545a-402a-80f8-3d1fccb72c68,7232bc533c21ce408d45d473__fac82c2e-545a-402a-80f8-3d1fccb72c68__seg_066,2026-07-29 09:33:31.331000+00:00,2026-07-29 09:33:31.331000+00:00,0.0,1,,65,False,False
7232bc533c21ce408d45d473,fac82c2e-545a-402a-80f8-3d1fccb72c68,7232bc533c21ce408d45d473__fac82c2e-545a-402a-80f8-3d1fccb72c68__seg_067,2026-07-29 09:33:43.585000+00:00,2026-07-29 09:33:43.585000+00:00,0.0,1,,66,False,False
7232bc533c21ce408d45d473,fac82c2e-545a-402a-80f8-3d1fccb72c68,7232bc533c21ce408d45d473__fac82c2e-545a-402a-80f8-3d1fccb72c68__seg_068,2026-07-29 09:33:56.535000+00:00,2026-07-29 09:33:56.535000+00:00,0.0,1,,67,False,False
7232bc533c21ce408d45d473,fac82c2e-545a-402a-80f8-3d1fccb72c68,7232bc533c21ce408d45d473__fac82c2e-545a-402a-80f8-3d1fccb72c68__seg_069,2026-07-29 09:34:07.862000+00:00,2026-07-29 09:40:12.605000+00:00,364.743,147,2.0380000000000003,68,True,False
a0f8c86097e55fbfa506d057,0d3afc7b-49b0-4614-acf1-9c81f3880c3e,a0f8c86097e55fbfa506d057__0d3afc7b-49b0-4614-acf1-9c81f3880c3e__seg_001,2026-08-09 19:57:07.431000+00:00,2026-08-09 19:57:07.431000+00:00,0.0,1,,0,False,False
a0f8c86097e55fbfa506d057,0ea1d17d-9a6f-49e7-94c0-13c1f43df241,a0f8c86097e55fbfa506d057__0ea1d17d-9a6f-49e7-94c0-13c1f43df241__seg_001,2026-08-08 12:52:32.804000+00:00,2026-08-08 12:53:42.943000+00:00,70.139,16,4.163,0,False,False
a0f8c86097e55fbfa506d057,0fc9db54-83d3-456a-b9ea-1aa8a6f66cf9,a0f8c86097e55fbfa506d057__0fc9db54-83d3-456a-b9ea-1aa8a6f66cf9__seg_001,2026-08-08 13:01:34.316000+00:00,2026-08-08 13:07:21.444000+00:00,347.128,38,8.997,0,True,False
a0f8c86097e55fbfa506d057,28ca5ae9-faed-4da3-8350-e2605f94aa88,a0f8c86097e55fbfa506d057__28ca5ae9-faed-4da3-8350-e2605f94aa88__seg_001,2026-08-03 11:20:37.813000+00:00,2026-08-03 11:55:33.617000+00:00,2095.804,714,2.272,0,True,True
a0f8c86097e55fbfa506d057,28ca5ae9-faed-4da3-8350-e2605f94aa88,a0f8c86097e55fbfa506d057__28ca5ae9-faed-4da3-8350-e2605f94aa88__seg_002,2026-08-03 11:55:45.067000+00:00,2026-08-03 11:56:44.367000+00:00,59.3,9,7.334,1,False,False
a0f8c86097e55fbfa506d057,28ca5ae9-faed-4da3-8350-e2605f94aa88,a0f8c86097e55fbfa506d057__28ca5ae9-faed-4da3-8350-e2605f94aa88__seg_003,2026-08-03 11:56:57.078000+00:00,2026-08-03 11:56:57.078000+00:00,0.0,1,,2,False,False
a0f8c86097e55fbfa506d057,28ca5ae9-faed-4da3-8350-e2605f94aa88,a0f8c86097e55fbfa506d057__28ca5ae9-faed-4da3-8350-e2605f94aa88__seg_004,2026-08-03 11:57:12.125000+00:00,2026-08-03 11:57:20.745000+00:00,8.62,2,8.62,3,False,False
a0f8c86097e55fbfa506d057,28ca5ae9-faed-4da3-8350-e2605f94aa88,a0f8c86097e55fbfa506d057__28ca5ae9-faed-4da3-8350-e2605f94aa88__seg_005,2026-08-03 11:57:33.839000+00:00,2026-08-03 12:04:13.668000+00:00,399.829,58,6.989,4,True,False
a0f8c86097e55fbfa506d057,28ca5ae9-faed-4da3-8350-e2605f94aa88,a0f8c86097e55fbfa506d057__28ca5ae9-faed-4da3-8350-e2605f94aa88__seg_006,2026-08-03 12:04:26.062000+00:00,2026-08-03 12:05:23.057000+00:00,56.995,8,8.47,5,False,False
a0f8c86097e55fbfa506d057,28ca5ae9-faed-4da3-8350-e2605f94aa88,a0f8c86097e55fbfa506d057__28ca5ae9-faed-4da3-8350-e2605f94aa88__seg_007,2026-08-03 12:05:35.055000+00:00,2026-08-03 15:30:04.883000+00:00,12269.828,5084,2.049,6,True,True
a0f8c86097e55fbfa506d057,28ca5ae9-faed-4da3-8350-e2605f94aa88,a0f8c86097e55fbfa506d057__28ca5ae9-faed-4da3-8350-e2605f94aa88__seg_008,2026-08-03 15:30:17.909000+00:00,2026-08-03 15:30:17.909000+00:00,0.0,1,,7,False,False
a0f8c86097e55fbfa506d057,28ca5ae9-faed-4da3-8350-e2605f94aa88,a0f8c86097e55fbfa506d057__28ca5ae9-faed-4da3-8350-e2605f94aa88__seg_009,2026-08-03 15:30:35.973000+00:00,2026-08-03 15:30:35.973000+00:00,0.0,1,,8,False,False
a0f8c86097e55fbfa506d057,28ca5ae9-faed-4da3-8350-e2605f94aa88,a0f8c86097e55fbfa506d057__28ca5ae9-faed-4da3-8350-e2605f94aa88__seg_010,2026-08-03 15:30:49.961000+00:00,2026-08-03 15:30:49.961000+00:00,0.0,1,,9,False,False
a0f8c86097e55fbfa506d057,28ca5ae9-faed-4da3-8350-e2605f94aa88,a0f8c86097e55fbfa506d057__28ca5ae9-faed-4da3-8350-e2605f94aa88__seg_011,2026-08-03 15:31:05.695000+00:00,2026-08-03 15:33:43.209000+00:00,157.514,19,8.6095,10,False,False
a0f8c86097e55fbfa506d057,28ca5ae9-faed-4da3-8350-e2605f94aa88,a0f8c86097e55fbfa506d057__28ca5ae9-faed-4da3-8350-e2605f94aa88__seg_012,2026-08-03 15:33:54.735000+00:00,2026-08-03 15:33:54.735000+00:00,0.0,1,,11,False,False
a0f8c86097e55fbfa506d057,28ca5ae9-faed-4da3-8350-e2605f94aa88,a0f8c86097e55fbfa506d057__28ca5ae9-faed-4da3-8350-e2605f94aa88__seg_013,2026-08-03 15:34:23.237000+00:00,2026-08-03 15:34:23.237000+00:00,0.0,1,,12,False,False
a0f8c86097e55fbfa506d057,28ca5ae9-faed-4da3-8350-e2605f94aa88,a0f8c86097e55fbfa506d057__28ca5ae9-faed-4da3-8350-e2605f94aa88__seg_014,2026-08-03 15:34:44.967000+00:00,2026-08-03 15:34:44.967000+00:00,0.0,1,,13,False,False
a0f8c86097e55fbfa506d057,28ca5ae9-faed-4da3-8350-e2605f94aa88,a0f8c86097e55fbfa506d057__28ca5ae9-faed-4da3-8350-e2605f94aa88__seg_015,2026-08-03 15:34:58.507000+00:00,2026-08-03 15:34:58.507000+00:00,0.0,1,,14,False,False
a0f8c86097e55fbfa506d057,28ca5ae9-faed-4da3-8350-e2605f94aa88,a0f8c86097e55fbfa506d057__28ca5ae9-faed-4da3-8350-e2605f94aa88__seg_016,2026-08-03 15:35:13.836000+00:00,2026-08-03 15:35:24.815000+00:00,10.979,2,10.979,15,False,False
a0f8c86097e55fbfa506d057,28ca5ae9-faed-4da3-8350-e2605f94aa88,a0f8c86097e55fbfa506d057__28ca5ae9-faed-4da3-8350-e2605f94aa88__seg_017,2026-08-03 15:35:43.770000+00:00,2026-08-03 15:38:28.267000+00:00,164.497,20,8.503,16,False,False
a0f8c86097e55fbfa506d057,28ca5ae9-faed-4da3-8350-e2605f94aa88,a0f8c86097e55fbfa506d057__28ca5ae9-faed-4da3-8350-e2605f94aa88__seg_018,2026-08-03 15:38:39.670000+00:00,2026-08-03 15:38:39.670000+00:00,0.0,1,,17,False,False
a0f8c86097e55fbfa506d057,28ca5ae9-faed-4da3-8350-e2605f94aa88,a0f8c86097e55fbfa506d057__28ca5ae9-faed-4da3-8350-e2605f94aa88__seg_019,2026-08-03 15:38:54.489000+00:00,2026-08-03 15:38:54.489000+00:00,0.0,1,,18,False,False
a0f8c86097e55fbfa506d057,28ca5ae9-faed-4da3-8350-e2605f94aa88,a0f8c86097e55fbfa506d057__28ca5ae9-faed-4da3-8350-e2605f94aa88__seg_020,2026-08-03 15:39:06.127000+00:00,2026-08-03 15:39:34.598000+00:00,28.471,4,9.646,19,False,False
a0f8c86097e55fbfa506d057,28ca5ae9-faed-4da3-8350-e2605f94aa88,a0f8c86097e55fbfa506d057__28ca5ae9-faed-4da3-8350-e2605f94aa88__seg_021,2026-08-03 15:39:46.410000+00:00,2026-08-03 15:42:00.672000+00:00,134.262,17,8.0135,20,False,False
a0f8c86097e55fbfa506d057,28ca5ae9-faed-4da3-8350-e2605f94aa88,a0f8c86097e55fbfa506d057__28ca5ae9-faed-4da3-8350-e2605f94aa88__seg_022,2026-08-03 15:42:12.347000+00:00,2026-08-03 15:42:31.039000+00:00,18.692,3,9.346,21,False,False
a0f8c86097e55fbfa506d057,28ca5ae9-faed-4da3-8350-e2605f94aa88,a0f8c86097e55fbfa506d057__28ca5ae9-faed-4da3-8350-e2605f94aa88__seg_023,2026-08-03 15:42:42.984000+00:00,2026-08-03 18:29:30.907000+00:00,10007.923,2530,3.969,22,True,True
a0f8c86097e55fbfa506d057,2e9f4457-2a7f-4647-87ed-b86ac6343d33,a0f8c86097e55fbfa506d057__2e9f4457-2a7f-4647-87ed-b86ac6343d33__seg_001,2026-07-27 12:17:19.031000+00:00,2026-07-27 12:34:19.250000+00:00,1020.219,257,4.0045,0,True,True
a0f8c86097e55fbfa506d057,2e9f4457-2a7f-4647-87ed-b86ac6343d33,a0f8c86097e55fbfa506d057__2e9f4457-2a7f-4647-87ed-b86ac6343d33__seg_002,2026-07-27 12:46:40.239000+00:00,2026-07-27 12:51:32.748000+00:00,292.509,120,2.088,1,False,False
a0f8c86097e55fbfa506d057,373070d1-ba59-4244-88ab-2d44a21f4983,a0f8c86097e55fbfa506d057__373070d1-ba59-4244-88ab-2d44a21f4983__seg_001,2026-07-27 22:57:32.661000+00:00,2026-07-27 23:11:15.544000+00:00,822.883,411,1.998,0,True,True
a0f8c86097e55fbfa506d057,373070d1-ba59-4244-88ab-2d44a21f4983,a0f8c86097e55fbfa506d057__373070d1-ba59-4244-88ab-2d44a21f4983__seg_002,2026-07-27 23:11:31.309000+00:00,2026-07-27 23:11:51.173000+00:00,19.864,11,1.9860000000000002,1,False,False
a0f8c86097e55fbfa506d057,4c9f7e66-830f-4c54-bfd5-f4d898f5464e,a0f8c86097e55fbfa506d057__4c9f7e66-830f-4c54-bfd5-f4d898f5464e__seg_001,2026-08-04 12:24:37.925000+00:00,2026-08-04 15:13:08.999000+00:00,10111.074,2784,3.834,0,True,True
a0f8c86097e55fbfa506d057,4c9f7e66-830f-4c54-bfd5-f4d898f5464e,a0f8c86097e55fbfa506d057__4c9f7e66-830f-4c54-bfd5-f4d898f5464e__seg_002,2026-08-04 18:13:15.325000+00:00,2026-08-04 18:13:15.325000+00:00,0.0,1,,1,False,False
a0f8c86097e55fbfa506d057,4c9f7e66-830f-4c54-bfd5-f4d898f5464e,a0f8c86097e55fbfa506d057__4c9f7e66-830f-4c54-bfd5-f4d898f5464e__seg_003,2026-08-04 19:08:15.649000+00:00,2026-08-04 20:24:22.553000+00:00,4566.904,1081,4.0315,2,True,True
a0f8c86097e55fbfa506d057,67c192c0-13a4-427a-b8e3-193c8fd99883,a0f8c86097e55fbfa506d057__67c192c0-13a4-427a-b8e3-193c8fd99883__seg_001,2026-08-02 21:29:18.079000+00:00,2026-08-02 23:55:27.129000+00:00,8769.05,3665,2.044,0,True,True
a0f8c86097e55fbfa506d057,67c192c0-13a4-427a-b8e3-193c8fd99883,a0f8c86097e55fbfa506d057__67c192c0-13a4-427a-b8e3-193c8fd99883__seg_002,2026-08-02 23:55:37.456000+00:00,2026-08-02 23:55:37.456000+00:00,0.0,1,,1,False,False
a0f8c86097e55fbfa506d057,67c192c0-13a4-427a-b8e3-193c8fd99883,a0f8c86097e55fbfa506d057__67c192c0-13a4-427a-b8e3-193c8fd99883__seg_003,2026-08-02 23:55:48.070000+00:00,2026-08-03 01:40:26.712000+00:00,6278.642,3066,2.001,2,True,True
a0f8c86097e55fbfa506d057,67c192c0-13a4-427a-b8e3-193c8fd99883,a0f8c86097e55fbfa506d057__67c192c0-13a4-427a-b8e3-193c8fd99883__seg_004,2026-08-03 01:44:52.801000+00:00,2026-08-03 01:50:36.605000+00:00,343.804,172,1.995,3,True,False
a0f8c86097e55fbfa506d057,70577f8e-1430-4489-8602-2096521ab84e,a0f8c86097e55fbfa506d057__70577f8e-1430-4489-8602-2096521ab84e__seg_001,2026-07-28 17:22:42.771000+00:00,2026-07-28 19:45:21.360000+00:00,8558.589,3749,2.007,0,True,True
a0f8c86097e55fbfa506d057,70577f8e-1430-4489-8602-2096521ab84e,a0f8c86097e55fbfa506d057__70577f8e-1430-4489-8602-2096521ab84e__seg_002,2026-07-28 19:45:33.907000+00:00,2026-07-28 19:45:33.907000+00:00,0.0,1,,1,False,False
a0f8c86097e55fbfa506d057,70577f8e-1430-4489-8602-2096521ab84e,a0f8c86097e55fbfa506d057__70577f8e-1430-4489-8602-2096521ab84e__seg_003,2026-07-28 19:45:48.326000+00:00,2026-07-28 19:46:17.130000+00:00,28.804,4,9.633,2,False,False
a0f8c86097e55fbfa506d057,70577f8e-1430-4489-8602-2096521ab84e,a0f8c86097e55fbfa506d057__70577f8e-1430-4489-8602-2096521ab84e__seg_004,2026-07-28 19:46:28.445000+00:00,2026-07-28 19:46:28.445000+00:00,0.0,1,,3,False,False
a0f8c86097e55fbfa506d057,70577f8e-1430-4489-8602-2096521ab84e,a0f8c86097e55fbfa506d057__70577f8e-1430-4489-8602-2096521ab84e__seg_005,2026-07-28 19:46:38.865000+00:00,2026-07-28 19:47:14.728000+00:00,35.863,5,8.77,4,False,False
a0f8c86097e55fbfa506d057,70577f8e-1430-4489-8602-2096521ab84e,a0f8c86097e55fbfa506d057__70577f8e-1430-4489-8602-2096521ab84e__seg_006,2026-07-28 19:47:27.139000+00:00,2026-07-28 19:47:45.047000+00:00,17.908,3,8.954,5,False,False
a0f8c86097e55fbfa506d057,70577f8e-1430-4489-8602-2096521ab84e,a0f8c86097e55fbfa506d057__70577f8e-1430-4489-8602-2096521ab84e__seg_007,2026-07-28 19:47:55.434000+00:00,2026-07-28 19:47:55.434000+00:00,0.0,1,,6,False,False
a0f8c86097e55fbfa506d057,70577f8e-1430-4489-8602-2096521ab84e,a0f8c86097e55fbfa506d057__70577f8e-1430-4489-8602-2096521ab84e__seg_008,2026-07-28 19:48:06.720000+00:00,2026-07-28 19:48:57.851000+00:00,51.131,7,8.4495,7,False,False
a0f8c86097e55fbfa506d057,70577f8e-1430-4489-8602-2096521ab84e,a0f8c86097e55fbfa506d057__70577f8e-1430-4489-8602-2096521ab84e__seg_009,2026-07-28 19:49:08.093000+00:00,2026-07-28 19:49:08.093000+00:00,0.0,1,,8,False,False
a0f8c86097e55fbfa506d057,70577f8e-1430-4489-8602-2096521ab84e,a0f8c86097e55fbfa506d057__70577f8e-1430-4489-8602-2096521ab84e__seg_010,2026-07-28 19:49:21.044000+00:00,2026-07-28 19:49:21.044000+00:00,0.0,1,,9,False,False
a0f8c86097e55fbfa506d057,70577f8e-1430-4489-8602-2096521ab84e,a0f8c86097e55fbfa506d057__70577f8e-1430-4489-8602-2096521ab84e__seg_011,2026-07-28 19:49:36.993000+00:00,2026-07-28 19:49:36.993000+00:00,0.0,1,,10,False,False
a0f8c86097e55fbfa506d057,70577f8e-1430-4489-8602-2096521ab84e,a0f8c86097e55fbfa506d057__70577f8e-1430-4489-8602-2096521ab84e__seg_012,2026-07-28 19:49:48.577000+00:00,2026-07-28 19:49:48.577000+00:00,0.0,1,,11,False,False
a0f8c86097e55fbfa506d057,70577f8e-1430-4489-8602-2096521ab84e,a0f8c86097e55fbfa506d057__70577f8e-1430-4489-8602-2096521ab84e__seg_013,2026-07-28 19:49:58.896000+00:00,2026-07-28 19:49:58.896000+00:00,0.0,1,,12,False,False
a0f8c86097e55fbfa506d057,70577f8e-1430-4489-8602-2096521ab84e,a0f8c86097e55fbfa506d057__70577f8e-1430-4489-8602-2096521ab84e__seg_014,2026-07-28 19:50:09.587000+00:00,2026-07-28 19:50:09.587000+00:00,0.0,1,,13,False,False
a0f8c86097e55fbfa506d057,70577f8e-1430-4489-8602-2096521ab84e,a0f8c86097e55fbfa506d057__70577f8e-1430-4489-8602-2096521ab84e__seg_015,2026-07-28 19:50:22.923000+00:00,2026-07-28 19:50:22.923000+00:00,0.0,1,,14,False,False
a0f8c86097e55fbfa506d057,70577f8e-1430-4489-8602-2096521ab84e,a0f8c86097e55fbfa506d057__70577f8e-1430-4489-8602-2096521ab84e__seg_016,2026-07-28 19:50:33.024000+00:00,2026-07-28 19:50:33.024000+00:00,0.0,1,,15,False,False
a0f8c86097e55fbfa506d057,70577f8e-1430-4489-8602-2096521ab84e,a0f8c86097e55fbfa506d057__70577f8e-1430-4489-8602-2096521ab84e__seg_017,2026-07-28 19:50:45.639000+00:00,2026-07-28 19:50:45.639000+00:00,0.0,1,,16,False,False
a0f8c86097e55fbfa506d057,70577f8e-1430-4489-8602-2096521ab84e,a0f8c86097e55fbfa506d057__70577f8e-1430-4489-8602-2096521ab84e__seg_018,2026-07-28 19:50:58.536000+00:00,2026-07-28 19:52:47.745000+00:00,109.209,15,8.0025,17,False,False
a0f8c86097e55fbfa506d057,70577f8e-1430-4489-8602-2096521ab84e,a0f8c86097e55fbfa506d057__70577f8e-1430-4489-8602-2096521ab84e__seg_019,2026-07-28 19:53:00.865000+00:00,2026-07-28 19:53:00.865000+00:00,0.0,1,,18,False,False
a0f8c86097e55fbfa506d057,70577f8e-1430-4489-8602-2096521ab84e,a0f8c86097e55fbfa506d057__70577f8e-1430-4489-8602-2096521ab84e__seg_020,2026-07-28 19:53:14.208000+00:00,2026-07-28 19:53:14.208000+00:00,0.0,1,,19,False,False
a0f8c86097e55fbfa506d057,70577f8e-1430-4489-8602-2096521ab84e,a0f8c86097e55fbfa506d057__70577f8e-1430-4489-8602-2096521ab84e__seg_021,2026-07-28 19:53:28.470000+00:00,2026-07-28 19:53:28.470000+00:00,0.0,1,,20,False,False
a0f8c86097e55fbfa506d057,70577f8e-1430-4489-8602-2096521ab84e,a0f8c86097e55fbfa506d057__70577f8e-1430-4489-8602-2096521ab84e__seg_022,2026-07-28 19:53:40.747000+00:00,2026-07-28 19:53:40.747000+00:00,0.0,1,,21,False,False
a0f8c86097e55fbfa506d057,70577f8e-1430-4489-8602-2096521ab84e,a0f8c86097e55fbfa506d057__70577f8e-1430-4489-8602-2096521ab84e__seg_023,2026-07-28 19:53:57.477000+00:00,2026-07-28 19:53:57.477000+00:00,0.0,1,,22,False,False
a0f8c86097e55fbfa506d057,70577f8e-1430-4489-8602-2096521ab84e,a0f8c86097e55fbfa506d057__70577f8e-1430-4489-8602-2096521ab84e__seg_024,2026-07-28 19:54:12.582000+00:00,2026-07-28 19:54:12.582000+00:00,0.0,1,,23,False,False
a0f8c86097e55fbfa506d057,70577f8e-1430-4489-8602-2096521ab84e,a0f8c86097e55fbfa506d057__70577f8e-1430-4489-8602-2096521ab84e__seg_025,2026-07-28 19:54:22.927000+00:00,2026-07-28 19:54:32.284000+00:00,9.357,2,9.357,24,False,False
a0f8c86097e55fbfa506d057,70577f8e-1430-4489-8602-2096521ab84e,a0f8c86097e55fbfa506d057__70577f8e-1430-4489-8602-2096521ab84e__seg_026,2026-07-28 19:54:42.938000+00:00,2026-07-28 19:54:51.773000+00:00,8.835,2,8.835,25,False,False
a0f8c86097e55fbfa506d057,70577f8e-1430-4489-8602-2096521ab84e,a0f8c86097e55fbfa506d057__70577f8e-1430-4489-8602-2096521ab84e__seg_027,2026-07-28 19:55:03.437000+00:00,2026-07-28 19:55:22.483000+00:00,19.046,3,9.523,26,False,False
a0f8c86097e55fbfa506d057,70577f8e-1430-4489-8602-2096521ab84e,a0f8c86097e55fbfa506d057__70577f8e-1430-4489-8602-2096521ab84e__seg_028,2026-07-28 19:55:33.245000+00:00,2026-07-28 19:55:42.588000+00:00,9.343,2,9.343,27,False,False
a0f8c86097e55fbfa506d057,70577f8e-1430-4489-8602-2096521ab84e,a0f8c86097e55fbfa506d057__70577f8e-1430-4489-8602-2096521ab84e__seg_029,2026-07-28 19:55:56.342000+00:00,2026-07-28 19:55:56.342000+00:00,0.0,1,,28,False,False
a0f8c86097e55fbfa506d057,70577f8e-1430-4489-8602-2096521ab84e,a0f8c86097e55fbfa506d057__70577f8e-1430-4489-8602-2096521ab84e__seg_030,2026-07-28 19:56:07.380000+00:00,2026-07-28 19:56:15.527000+00:00,8.147,2,8.147,29,False,False
a0f8c86097e55fbfa506d057,70577f8e-1430-4489-8602-2096521ab84e,a0f8c86097e55fbfa506d057__70577f8e-1430-4489-8602-2096521ab84e__seg_031,2026-07-28 19:56:25.925000+00:00,2026-07-28 19:56:35.670000+00:00,9.745,2,9.745,30,False,False
a0f8c86097e55fbfa506d057,70577f8e-1430-4489-8602-2096521ab84e,a0f8c86097e55fbfa506d057__70577f8e-1430-4489-8602-2096521ab84e__seg_032,2026-07-28 19:56:46.020000+00:00,2026-07-28 19:56:46.020000+00:00,0.0,1,,31,False,False
a0f8c86097e55fbfa506d057,70577f8e-1430-4489-8602-2096521ab84e,a0f8c86097e55fbfa506d057__70577f8e-1430-4489-8602-2096521ab84e__seg_033,2026-07-28 19:56:56.404000+00:00,2026-07-28 19:56:56.404000+00:00,0.0,1,,32,False,False
a0f8c86097e55fbfa506d057,70577f8e-1430-4489-8602-2096521ab84e,a0f8c86097e55fbfa506d057__70577f8e-1430-4489-8602-2096521ab84e__seg_034,2026-07-28 19:57:06.872000+00:00,2026-07-28 19:57:16.703000+00:00,9.831,2,9.831,33,False,False
a0f8c86097e55fbfa506d057,70577f8e-1430-4489-8602-2096521ab84e,a0f8c86097e55fbfa506d057__70577f8e-1430-4489-8602-2096521ab84e__seg_035,2026-07-28 19:57:26.866000+00:00,2026-07-28 19:57:26.866000+00:00,0.0,1,,34,False,False
a0f8c86097e55fbfa506d057,70577f8e-1430-4489-8602-2096521ab84e,a0f8c86097e55fbfa506d057__70577f8e-1430-4489-8602-2096521ab84e__seg_036,2026-07-28 19:57:38.942000+00:00,2026-07-28 21:17:02.866000+00:00,4763.924,2075,2.039,35,True,True
a0f8c86097e55fbfa506d057,baa2a6f4-7121-4bce-9c80-611ebc22ceaf,a0f8c86097e55fbfa506d057__baa2a6f4-7121-4bce-9c80-611ebc22ceaf__seg_001,2026-08-09 12:51:28.265000+00:00,2026-08-09 13:40:57.151000+00:00,2968.886,915,3.605,0,True,True
a0f8c86097e55fbfa506d057,baa2a6f4-7121-4bce-9c80-611ebc22ceaf,a0f8c86097e55fbfa506d057__baa2a6f4-7121-4bce-9c80-611ebc22ceaf__seg_002,2026-08-09 13:41:07.784000+00:00,2026-08-09 15:26:42.357000+00:00,6334.573,2423,2.068,1,True,True
a0f8c86097e55fbfa506d057,baa2a6f4-7121-4bce-9c80-611ebc22ceaf,a0f8c86097e55fbfa506d057__baa2a6f4-7121-4bce-9c80-611ebc22ceaf__seg_003,2026-08-09 15:31:13.821000+00:00,2026-08-09 16:56:54.380000+00:00,5140.559,2477,2.005,2,True,True
a0f8c86097e55fbfa506d057,baa2a6f4-7121-4bce-9c80-611ebc22ceaf,a0f8c86097e55fbfa506d057__baa2a6f4-7121-4bce-9c80-611ebc22ceaf__seg_004,2026-08-09 18:08:48.513000+00:00,2026-08-09 19:51:48.479000+00:00,6179.966,2921,2.017,3,True,True
a0f8c86097e55fbfa506d057,baa2a6f4-7121-4bce-9c80-611ebc22ceaf,a0f8c86097e55fbfa506d057__baa2a6f4-7121-4bce-9c80-611ebc22ceaf__seg_005,2026-08-09 19:52:15.857000+00:00,2026-08-09 19:52:15.857000+00:00,0.0,1,,4,False,False
a0f8c86097e55fbfa506d057,baa2a6f4-7121-4bce-9c80-611ebc22ceaf,a0f8c86097e55fbfa506d057__baa2a6f4-7121-4bce-9c80-611ebc22ceaf__seg_006,2026-08-09 19:52:48.274000+00:00,2026-08-09 19:52:48.274000+00:00,0.0,1,,5,False,False
a0f8c86097e55fbfa506d057,baa2a6f4-7121-4bce-9c80-611ebc22ceaf,a0f8c86097e55fbfa506d057__baa2a6f4-7121-4bce-9c80-611ebc22ceaf__seg_007,2026-08-09 19:53:20.027000+00:00,2026-08-09 20:24:39.523000+00:00,1879.496,449,4.0245,6,True,True
a0f8c86097e55fbfa506d057,baa2a6f4-7121-4bce-9c80-611ebc22ceaf,a0f8c86097e55fbfa506d057__baa2a6f4-7121-4bce-9c80-611ebc22ceaf__seg_008,2026-08-09 21:40:00.984000+00:00,2026-08-09 21:40:00.984000+00:00,0.0,1,,7,False,False
a0f8c86097e55fbfa506d057,c89dd147-c631-4848-a604-72c697e9da2b,a0f8c86097e55fbfa506d057__c89dd147-c631-4848-a604-72c697e9da2b__seg_001,2026-08-06 14:32:22.080000+00:00,2026-08-06 15:46:08.936000+00:00,4426.856,889,4.1655,0,True,True
a0f8c86097e55fbfa506d057,c89dd147-c631-4848-a604-72c697e9da2b,a0f8c86097e55fbfa506d057__c89dd147-c631-4848-a604-72c697e9da2b__seg_002,2026-08-06 15:48:01.800000+00:00,2026-08-06 17:12:15.392000+00:00,5053.592,1229,4.0595,1,True,True
a0f8c86097e55fbfa506d057,cf6e2a7e-5b3d-4f7b-a21f-e9ffd68b5268,a0f8c86097e55fbfa506d057__cf6e2a7e-5b3d-4f7b-a21f-e9ffd68b5268__seg_001,2026-08-09 22:14:57.176000+00:00,2026-08-10 02:06:31.207000+00:00,13894.031,6123,2.029,0,True,True
a0f8c86097e55fbfa506d057,e4e219be-13ba-4874-aad6-93d0b6f5f289,a0f8c86097e55fbfa506d057__e4e219be-13ba-4874-aad6-93d0b6f5f289__seg_001,2026-08-01 15:31:13.418000+00:00,2026-08-01 16:29:32.890000+00:00,3499.472,1360,2.076,0,True,True
a0f8c86097e55fbfa506d057,e4e219be-13ba-4874-aad6-93d0b6f5f289,a0f8c86097e55fbfa506d057__e4e219be-13ba-4874-aad6-93d0b6f5f289__seg_002,2026-08-01 16:29:44.746000+00:00,2026-08-01 16:33:50.918000+00:00,246.172,36,6.829,1,False,False
a0f8c86097e55fbfa506d057,e4e219be-13ba-4874-aad6-93d0b6f5f289,a0f8c86097e55fbfa506d057__e4e219be-13ba-4874-aad6-93d0b6f5f289__seg_003,2026-08-01 16:34:02.633000+00:00,2026-08-01 16:34:02.633000+00:00,0.0,1,,2,False,False
a0f8c86097e55fbfa506d057,e4e219be-13ba-4874-aad6-93d0b6f5f289,a0f8c86097e55fbfa506d057__e4e219be-13ba-4874-aad6-93d0b6f5f289__seg_004,2026-08-01 16:34:15.985000+00:00,2026-08-01 16:34:15.985000+00:00,0.0,1,,3,False,False
a0f8c86097e55fbfa506d057,e4e219be-13ba-4874-aad6-93d0b6f5f289,a0f8c86097e55fbfa506d057__e4e219be-13ba-4874-aad6-93d0b6f5f289__seg_005,2026-08-01 16:34:28.588000+00:00,2026-08-01 16:34:28.588000+00:00,0.0,1,,4,False,False
a0f8c86097e55fbfa506d057,e4e219be-13ba-4874-aad6-93d0b6f5f289,a0f8c86097e55fbfa506d057__e4e219be-13ba-4874-aad6-93d0b6f5f289__seg_006,2026-08-01 16:34:41.625000+00:00,2026-08-01 16:34:51.954000+00:00,10.329,2,10.329,5,False,False
a0f8c86097e55fbfa506d057,e4e219be-13ba-4874-aad6-93d0b6f5f289,a0f8c86097e55fbfa506d057__e4e219be-13ba-4874-aad6-93d0b6f5f289__seg_007,2026-08-01 16:35:03.743000+00:00,2026-08-01 16:35:03.743000+00:00,0.0,1,,6,False,False
a0f8c86097e55fbfa506d057,e4e219be-13ba-4874-aad6-93d0b6f5f289,a0f8c86097e55fbfa506d057__e4e219be-13ba-4874-aad6-93d0b6f5f289__seg_008,2026-08-01 16:35:15.065000+00:00,2026-08-01 16:35:15.065000+00:00,0.0,1,,7,False,False
a0f8c86097e55fbfa506d057,e4e219be-13ba-4874-aad6-93d0b6f5f289,a0f8c86097e55fbfa506d057__e4e219be-13ba-4874-aad6-93d0b6f5f289__seg_009,2026-08-01 16:35:26.062000+00:00,2026-08-01 16:35:26.062000+00:00,0.0,1,,8,False,False
a0f8c86097e55fbfa506d057,e4e219be-13ba-4874-aad6-93d0b6f5f289,a0f8c86097e55fbfa506d057__e4e219be-13ba-4874-aad6-93d0b6f5f289__seg_010,2026-08-01 16:35:37.693000+00:00,2026-08-01 16:35:37.693000+00:00,0.0,1,,9,False,False
a0f8c86097e55fbfa506d057,e4e219be-13ba-4874-aad6-93d0b6f5f289,a0f8c86097e55fbfa506d057__e4e219be-13ba-4874-aad6-93d0b6f5f289__seg_011,2026-08-01 16:35:52.069000+00:00,2026-08-01 16:35:52.069000+00:00,0.0,1,,10,False,False
a0f8c86097e55fbfa506d057,e4e219be-13ba-4874-aad6-93d0b6f5f289,a0f8c86097e55fbfa506d057__e4e219be-13ba-4874-aad6-93d0b6f5f289__seg_012,2026-08-01 16:36:03.723000+00:00,2026-08-01 16:36:13.352000+00:00,9.629,2,9.629,11,False,False
a0f8c86097e55fbfa506d057,e4e219be-13ba-4874-aad6-93d0b6f5f289,a0f8c86097e55fbfa506d057__e4e219be-13ba-4874-aad6-93d0b6f5f289__seg_013,2026-08-01 16:36:24.915000+00:00,2026-08-01 16:36:24.915000+00:00,0.0,1,,12,False,False
a0f8c86097e55fbfa506d057,e4e219be-13ba-4874-aad6-93d0b6f5f289,a0f8c86097e55fbfa506d057__e4e219be-13ba-4874-aad6-93d0b6f5f289__seg_014,2026-08-01 16:36:37.047000+00:00,2026-08-01 16:49:26.892000+00:00,769.845,263,2.223,13,True,True
a0f8c86097e55fbfa506d057,e4e219be-13ba-4874-aad6-93d0b6f5f289,a0f8c86097e55fbfa506d057__e4e219be-13ba-4874-aad6-93d0b6f5f289__seg_015,2026-08-01 16:49:37.379000+00:00,2026-08-01 16:51:04.912000+00:00,87.533,12,8.031,14,False,False
a0f8c86097e55fbfa506d057,e4e219be-13ba-4874-aad6-93d0b6f5f289,a0f8c86097e55fbfa506d057__e4e219be-13ba-4874-aad6-93d0b6f5f289__seg_016,2026-08-01 16:51:15.806000+00:00,2026-08-01 16:51:51.528000+00:00,35.722,5,9.05,15,False,False
a0f8c86097e55fbfa506d057,e4e219be-13ba-4874-aad6-93d0b6f5f289,a0f8c86097e55fbfa506d057__e4e219be-13ba-4874-aad6-93d0b6f5f289__seg_017,2026-08-01 16:52:02.547000+00:00,2026-08-01 18:18:18.634000+00:00,5176.087,2097,2.057,16,True,True
a0f8c86097e55fbfa506d057,ea7c3f9f-8a45-4892-8f21-a77488321622,a0f8c86097e55fbfa506d057__ea7c3f9f-8a45-4892-8f21-a77488321622__seg_001,2026-08-04 21:29:06.600000+00:00,2026-08-04 21:57:52.946000+00:00,1726.346,431,3.981,0,True,True
a0f8c86097e55fbfa506d057,ea7c3f9f-8a45-4892-8f21-a77488321622,a0f8c86097e55fbfa506d057__ea7c3f9f-8a45-4892-8f21-a77488321622__seg_002,2026-08-04 21:58:47.528000+00:00,2026-08-04 22:21:57.685000+00:00,1390.157,211,6.891,1,True,True
a0f8c86097e55fbfa506d057,ee6b8dde-602e-4c14-b533-43bcfcba11ea,a0f8c86097e55fbfa506d057__ee6b8dde-602e-4c14-b533-43bcfcba11ea__seg_001,2026-08-12 13:41:14.842000+00:00,2026-08-12 21:41:11.088000+00:00,28796.246,7090,3.95,0,True,True
a0f8c86097e55fbfa506d057,f24e9c1a-f11e-405c-b663-45fa6e25c405,a0f8c86097e55fbfa506d057__f24e9c1a-f11e-405c-b663-45fa6e25c405__seg_001,2026-07-27 13:16:45.456000+00:00,2026-07-27 15:32:26.172000+00:00,8140.716,4000,2.004,0,True,True
a0f8c86097e55fbfa506d057,fc583c4c-4107-450e-959d-c74895b57935,a0f8c86097e55fbfa506d057__fc583c4c-4107-450e-959d-c74895b57935__seg_001,2026-07-31 18:49:23.239000+00:00,2026-07-31 23:47:49.395000+00:00,17906.156,7582,2.052,0,True,True
d588df123ac0d0ce20b112ac,00f4a034-46ce-498e-b844-f1aa52fc6800,d588df123ac0d0ce20b112ac__00f4a034-46ce-498e-b844-f1aa52fc6800__seg_001,2026-08-06 00:08:31.632000+00:00,2026-08-06 00:08:31.632000+00:00,0.0,1,,0,False,False
d588df123ac0d0ce20b112ac,00f4a034-46ce-498e-b844-f1aa52fc6800,d588df123ac0d0ce20b112ac__00f4a034-46ce-498e-b844-f1aa52fc6800__seg_002,2026-08-06 00:08:42.091000+00:00,2026-08-06 00:16:52.462000+00:00,490.371,240,2.003,1,True,False
d588df123ac0d0ce20b112ac,03b262cc-46f0-4837-a184-1eea22fdfdd0,d588df123ac0d0ce20b112ac__03b262cc-46f0-4837-a184-1eea22fdfdd0__seg_001,2026-08-10 16:21:27.779000+00:00,2026-08-10 16:39:09.714000+00:00,1061.935,448,2.015,0,True,True
d588df123ac0d0ce20b112ac,03b262cc-46f0-4837-a184-1eea22fdfdd0,d588df123ac0d0ce20b112ac__03b262cc-46f0-4837-a184-1eea22fdfdd0__seg_002,2026-08-10 16:46:05.292000+00:00,2026-08-10 17:57:23.365000+00:00,4278.073,2108,2.0,1,True,True
d588df123ac0d0ce20b112ac,03b262cc-46f0-4837-a184-1eea22fdfdd0,d588df123ac0d0ce20b112ac__03b262cc-46f0-4837-a184-1eea22fdfdd0__seg_003,2026-08-10 17:58:05.430000+00:00,2026-08-10 18:05:18.907000+00:00,433.477,195,2.0755,2,True,False
d588df123ac0d0ce20b112ac,1393199e-e815-400a-82b5-841b9333dd9d,d588df123ac0d0ce20b112ac__1393199e-e815-400a-82b5-841b9333dd9d__seg_001,2026-08-05 23:00:51.424000+00:00,2026-08-05 23:04:49.239000+00:00,237.815,118,1.994,0,False,False
d588df123ac0d0ce20b112ac,1e0bd844-6541-4320-8474-1b01bab00799,d588df123ac0d0ce20b112ac__1e0bd844-6541-4320-8474-1b01bab00799__seg_001,2026-08-04 23:33:54.369000+00:00,2026-08-04 23:44:15.957000+00:00,621.588,311,2.0,0,True,True
d588df123ac0d0ce20b112ac,22fc3390-8d4a-4b01-b11e-c10adffcab2d,d588df123ac0d0ce20b112ac__22fc3390-8d4a-4b01-b11e-c10adffcab2d__seg_001,2026-08-04 20:58:49.121000+00:00,2026-08-04 21:29:57.889000+00:00,1868.768,713,2.052,0,True,True
d588df123ac0d0ce20b112ac,22fc3390-8d4a-4b01-b11e-c10adffcab2d,d588df123ac0d0ce20b112ac__22fc3390-8d4a-4b01-b11e-c10adffcab2d__seg_002,2026-08-04 21:39:28.705000+00:00,2026-08-04 21:44:16.479000+00:00,287.774,123,2.008,1,False,False
d588df123ac0d0ce20b112ac,22fc3390-8d4a-4b01-b11e-c10adffcab2d,d588df123ac0d0ce20b112ac__22fc3390-8d4a-4b01-b11e-c10adffcab2d__seg_003,2026-08-04 22:38:38.432000+00:00,2026-08-04 22:43:14.031000+00:00,275.599,82,3.887,2,False,False
d588df123ac0d0ce20b112ac,22fc3390-8d4a-4b01-b11e-c10adffcab2d,d588df123ac0d0ce20b112ac__22fc3390-8d4a-4b01-b11e-c10adffcab2d__seg_004,2026-08-04 23:28:41.186000+00:00,2026-08-04 23:28:41.186000+00:00,0.0,1,,3,False,False
d588df123ac0d0ce20b112ac,22fc3390-8d4a-4b01-b11e-c10adffcab2d,d588df123ac0d0ce20b112ac__22fc3390-8d4a-4b01-b11e-c10adffcab2d__seg_005,2026-08-04 23:29:01.951000+00:00,2026-08-04 23:33:15.515000+00:00,253.564,100,2.246,4,False,False
d588df123ac0d0ce20b112ac,2941b415-f1a0-477e-8e58-f2a565d8596e,d588df123ac0d0ce20b112ac__2941b415-f1a0-477e-8e58-f2a565d8596e__seg_001,2026-08-04 21:14:30.353000+00:00,2026-08-04 21:14:46.942000+00:00,16.589,9,2.0065,0,False,False
d588df123ac0d0ce20b112ac,35472c29-8dd3-49be-8d6b-1984d158745d,d588df123ac0d0ce20b112ac__35472c29-8dd3-49be-8d6b-1984d158745d__seg_001,2026-08-09 18:51:41.220000+00:00,2026-08-09 23:32:40.328000+00:00,16859.108,8425,2.0,0,True,True
d588df123ac0d0ce20b112ac,4397f500-a189-4953-8876-5dc623c08fc6,d588df123ac0d0ce20b112ac__4397f500-a189-4953-8876-5dc623c08fc6__seg_001,2026-08-05 22:46:11.553000+00:00,2026-08-05 22:46:34.604000+00:00,23.051,7,3.9930000000000003,0,False,False
d588df123ac0d0ce20b112ac,6035cb87-b9f3-4e5d-90f3-c7fea3d65d9c,d588df123ac0d0ce20b112ac__6035cb87-b9f3-4e5d-90f3-c7fea3d65d9c__seg_001,2026-08-07 19:34:11.953000+00:00,2026-08-07 19:42:24.315000+00:00,492.362,243,1.9985,0,True,False
d588df123ac0d0ce20b112ac,6035cb87-b9f3-4e5d-90f3-c7fea3d65d9c,d588df123ac0d0ce20b112ac__6035cb87-b9f3-4e5d-90f3-c7fea3d65d9c__seg_002,2026-08-07 19:52:33.867000+00:00,2026-08-07 19:52:36.939000+00:00,3.072,2,3.072,1,False,False
d588df123ac0d0ce20b112ac,6035cb87-b9f3-4e5d-90f3-c7fea3d65d9c,d588df123ac0d0ce20b112ac__6035cb87-b9f3-4e5d-90f3-c7fea3d65d9c__seg_003,2026-08-07 21:02:22.286000+00:00,2026-08-07 21:06:15.905000+00:00,233.619,111,2.007,2,False,False
d588df123ac0d0ce20b112ac,6035cb87-b9f3-4e5d-90f3-c7fea3d65d9c,d588df123ac0d0ce20b112ac__6035cb87-b9f3-4e5d-90f3-c7fea3d65d9c__seg_004,2026-08-07 21:07:28.730000+00:00,2026-08-07 21:23:57.280000+00:00,988.55,371,2.1094999999999997,3,True,True
d588df123ac0d0ce20b112ac,6035cb87-b9f3-4e5d-90f3-c7fea3d65d9c,d588df123ac0d0ce20b112ac__6035cb87-b9f3-4e5d-90f3-c7fea3d65d9c__seg_005,2026-08-07 21:24:22.232000+00:00,2026-08-07 21:24:22.232000+00:00,0.0,1,,4,False,False
d588df123ac0d0ce20b112ac,6035cb87-b9f3-4e5d-90f3-c7fea3d65d9c,d588df123ac0d0ce20b112ac__6035cb87-b9f3-4e5d-90f3-c7fea3d65d9c__seg_006,2026-08-07 21:32:10.957000+00:00,2026-08-07 21:32:21.069000+00:00,10.112,5,2.463,5,False,False
d588df123ac0d0ce20b112ac,6035cb87-b9f3-4e5d-90f3-c7fea3d65d9c,d588df123ac0d0ce20b112ac__6035cb87-b9f3-4e5d-90f3-c7fea3d65d9c__seg_007,2026-08-07 21:33:45.308000+00:00,2026-08-07 21:33:45.308000+00:00,0.0,1,,6,False,False
d588df123ac0d0ce20b112ac,6035cb87-b9f3-4e5d-90f3-c7fea3d65d9c,d588df123ac0d0ce20b112ac__6035cb87-b9f3-4e5d-90f3-c7fea3d65d9c__seg_008,2026-08-07 21:35:43.927000+00:00,2026-08-07 21:35:43.927000+00:00,0.0,1,,7,False,False
d588df123ac0d0ce20b112ac,6035cb87-b9f3-4e5d-90f3-c7fea3d65d9c,d588df123ac0d0ce20b112ac__6035cb87-b9f3-4e5d-90f3-c7fea3d65d9c__seg_009,2026-08-07 21:36:43.150000+00:00,2026-08-07 21:36:43.150000+00:00,0.0,1,,8,False,False
d588df123ac0d0ce20b112ac,6035cb87-b9f3-4e5d-90f3-c7fea3d65d9c,d588df123ac0d0ce20b112ac__6035cb87-b9f3-4e5d-90f3-c7fea3d65d9c__seg_010,2026-08-07 21:39:11.188000+00:00,2026-08-07 21:39:11.188000+00:00,0.0,1,,9,False,False
d588df123ac0d0ce20b112ac,6035cb87-b9f3-4e5d-90f3-c7fea3d65d9c,d588df123ac0d0ce20b112ac__6035cb87-b9f3-4e5d-90f3-c7fea3d65d9c__seg_011,2026-08-07 21:40:43.308000+00:00,2026-08-07 21:43:56.723000+00:00,193.415,93,2.0,10,False,False
d588df123ac0d0ce20b112ac,6035cb87-b9f3-4e5d-90f3-c7fea3d65d9c,d588df123ac0d0ce20b112ac__6035cb87-b9f3-4e5d-90f3-c7fea3d65d9c__seg_012,2026-08-07 21:44:26.269000+00:00,2026-08-07 21:44:28.983000+00:00,2.714,2,2.714,11,False,False
d588df123ac0d0ce20b112ac,6035cb87-b9f3-4e5d-90f3-c7fea3d65d9c,d588df123ac0d0ce20b112ac__6035cb87-b9f3-4e5d-90f3-c7fea3d65d9c__seg_013,2026-08-07 22:59:29.926000+00:00,2026-08-07 23:05:31.038000+00:00,361.112,160,2.187,12,True,False
d588df123ac0d0ce20b112ac,6035cb87-b9f3-4e5d-90f3-c7fea3d65d9c,d588df123ac0d0ce20b112ac__6035cb87-b9f3-4e5d-90f3-c7fea3d65d9c__seg_014,2026-08-07 23:06:46.889000+00:00,2026-08-07 23:16:16.482000+00:00,569.593,281,2.0,13,True,False
d588df123ac0d0ce20b112ac,6035cb87-b9f3-4e5d-90f3-c7fea3d65d9c,d588df123ac0d0ce20b112ac__6035cb87-b9f3-4e5d-90f3-c7fea3d65d9c__seg_015,2026-08-07 23:40:06.100000+00:00,2026-08-07 23:40:06.100000+00:00,0.0,1,,14,False,False
d588df123ac0d0ce20b112ac,6035cb87-b9f3-4e5d-90f3-c7fea3d65d9c,d588df123ac0d0ce20b112ac__6035cb87-b9f3-4e5d-90f3-c7fea3d65d9c__seg_016,2026-08-07 23:43:37.355000+00:00,2026-08-07 23:47:04.418000+00:00,207.063,101,1.9955,15,False,False
d588df123ac0d0ce20b112ac,6035cb87-b9f3-4e5d-90f3-c7fea3d65d9c,d588df123ac0d0ce20b112ac__6035cb87-b9f3-4e5d-90f3-c7fea3d65d9c__seg_017,2026-08-08 00:01:38.004000+00:00,2026-08-08 00:01:47.124000+00:00,9.12,5,2.269,16,False,False
d588df123ac0d0ce20b112ac,6a1c86bc-1e52-4235-ac04-6d94cf1c3c5e,d588df123ac0d0ce20b112ac__6a1c86bc-1e52-4235-ac04-6d94cf1c3c5e__seg_001,2026-08-05 22:07:04.866000+00:00,2026-08-05 22:32:44.947000+00:00,1540.081,492,3.509,0,True,True
d588df123ac0d0ce20b112ac,6a1c86bc-1e52-4235-ac04-6d94cf1c3c5e,d588df123ac0d0ce20b112ac__6a1c86bc-1e52-4235-ac04-6d94cf1c3c5e__seg_002,2026-08-05 22:33:01.028000+00:00,2026-08-05 22:45:36.249000+00:00,755.221,352,2.006,1,True,True
d588df123ac0d0ce20b112ac,6a1c86bc-1e52-4235-ac04-6d94cf1c3c5e,d588df123ac0d0ce20b112ac__6a1c86bc-1e52-4235-ac04-6d94cf1c3c5e__seg_003,2026-08-05 22:46:04.635000+00:00,2026-08-05 22:57:05.436000+00:00,660.801,218,3.725,2,True,True
d588df123ac0d0ce20b112ac,6a1c86bc-1e52-4235-ac04-6d94cf1c3c5e,d588df123ac0d0ce20b112ac__6a1c86bc-1e52-4235-ac04-6d94cf1c3c5e__seg_004,2026-08-05 22:57:24.267000+00:00,2026-08-05 22:59:28.962000+00:00,124.695,62,2.0,3,False,False
d588df123ac0d0ce20b112ac,9753a7c0-658b-4111-8e40-d347a98a680a,d588df123ac0d0ce20b112ac__9753a7c0-658b-4111-8e40-d347a98a680a__seg_001,2026-08-03 22:38:29.605000+00:00,2026-08-03 23:03:19.480000+00:00,1489.875,455,3.7205000000000004,0,True,True
d588df123ac0d0ce20b112ac,a364637b-ebf8-43fa-8bd3-e46987008b24,d588df123ac0d0ce20b112ac__a364637b-ebf8-43fa-8bd3-e46987008b24__seg_001,2026-08-07 18:29:29.138000+00:00,2026-08-07 18:37:41.396000+00:00,492.258,245,1.9965000000000002,0,True,False
d588df123ac0d0ce20b112ac,a364637b-ebf8-43fa-8bd3-e46987008b24,d588df123ac0d0ce20b112ac__a364637b-ebf8-43fa-8bd3-e46987008b24__seg_002,2026-08-07 18:38:05.436000+00:00,2026-08-07 18:38:07.762000+00:00,2.326,2,2.326,1,False,False
d588df123ac0d0ce20b112ac,a364637b-ebf8-43fa-8bd3-e46987008b24,d588df123ac0d0ce20b112ac__a364637b-ebf8-43fa-8bd3-e46987008b24__seg_003,2026-08-07 19:30:37.240000+00:00,2026-08-07 19:31:04.910000+00:00,27.67,10,2.346,2,False,False
d588df123ac0d0ce20b112ac,a364637b-ebf8-43fa-8bd3-e46987008b24,d588df123ac0d0ce20b112ac__a364637b-ebf8-43fa-8bd3-e46987008b24__seg_004,2026-08-07 19:31:32.627000+00:00,2026-08-07 19:33:08.759000+00:00,96.132,45,2.02,3,False,False
d588df123ac0d0ce20b112ac,af502e6e-1657-4248-8b91-ce01c14277b9,d588df123ac0d0ce20b112ac__af502e6e-1657-4248-8b91-ce01c14277b9__seg_001,2026-08-03 15:11:29.523000+00:00,2026-08-03 16:42:57.974000+00:00,5488.451,1903,2.3085,0,True,True
d588df123ac0d0ce20b112ac,af502e6e-1657-4248-8b91-ce01c14277b9,d588df123ac0d0ce20b112ac__af502e6e-1657-4248-8b91-ce01c14277b9__seg_002,2026-08-03 16:44:23.557000+00:00,2026-08-03 16:49:06.365000+00:00,282.808,70,4.01,1,False,False
d588df123ac0d0ce20b112ac,af502e6e-1657-4248-8b91-ce01c14277b9,d588df123ac0d0ce20b112ac__af502e6e-1657-4248-8b91-ce01c14277b9__seg_003,2026-08-03 16:50:57.488000+00:00,2026-08-03 16:52:50.191000+00:00,112.703,29,4.02,2,False,False
d588df123ac0d0ce20b112ac,af502e6e-1657-4248-8b91-ce01c14277b9,d588df123ac0d0ce20b112ac__af502e6e-1657-4248-8b91-ce01c14277b9__seg_004,2026-08-03 17:01:45.910000+00:00,2026-08-03 17:34:16.768000+00:00,1950.858,490,3.989,3,True,True
d588df123ac0d0ce20b112ac,af502e6e-1657-4248-8b91-ce01c14277b9,d588df123ac0d0ce20b112ac__af502e6e-1657-4248-8b91-ce01c14277b9__seg_005,2026-08-03 17:38:20.073000+00:00,2026-08-03 18:03:02.851000+00:00,1482.778,370,4.022,4,True,True
d588df123ac0d0ce20b112ac,af502e6e-1657-4248-8b91-ce01c14277b9,d588df123ac0d0ce20b112ac__af502e6e-1657-4248-8b91-ce01c14277b9__seg_006,2026-08-03 18:07:34.435000+00:00,2026-08-03 18:33:44.315000+00:00,1569.88,438,3.881,5,True,True
d588df123ac0d0ce20b112ac,af502e6e-1657-4248-8b91-ce01c14277b9,d588df123ac0d0ce20b112ac__af502e6e-1657-4248-8b91-ce01c14277b9__seg_007,2026-08-03 18:37:23.188000+00:00,2026-08-03 18:40:36.297000+00:00,193.109,50,4.041,6,False,False
d588df123ac0d0ce20b112ac,af502e6e-1657-4248-8b91-ce01c14277b9,d588df123ac0d0ce20b112ac__af502e6e-1657-4248-8b91-ce01c14277b9__seg_008,2026-08-03 19:03:18.472000+00:00,2026-08-03 19:23:18.983000+00:00,1200.511,351,3.754,7,True,True
d588df123ac0d0ce20b112ac,af502e6e-1657-4248-8b91-ce01c14277b9,d588df123ac0d0ce20b112ac__af502e6e-1657-4248-8b91-ce01c14277b9__seg_009,2026-08-03 20:24:17.991000+00:00,2026-08-03 20:24:17.991000+00:00,0.0,1,,8,False,False
d588df123ac0d0ce20b112ac,af502e6e-1657-4248-8b91-ce01c14277b9,d588df123ac0d0ce20b112ac__af502e6e-1657-4248-8b91-ce01c14277b9__seg_010,2026-08-03 20:30:25.577000+00:00,2026-08-03 20:33:48.845000+00:00,203.268,97,2.019,9,False,False
d588df123ac0d0ce20b112ac,af502e6e-1657-4248-8b91-ce01c14277b9,d588df123ac0d0ce20b112ac__af502e6e-1657-4248-8b91-ce01c14277b9__seg_011,2026-08-03 21:05:49.315000+00:00,2026-08-03 21:05:49.315000+00:00,0.0,1,,10,False,False
d588df123ac0d0ce20b112ac,af502e6e-1657-4248-8b91-ce01c14277b9,d588df123ac0d0ce20b112ac__af502e6e-1657-4248-8b91-ce01c14277b9__seg_012,2026-08-03 22:05:33.264000+00:00,2026-08-03 22:09:28.232000+00:00,234.968,116,2.009,11,False,False
d588df123ac0d0ce20b112ac,af502e6e-1657-4248-8b91-ce01c14277b9,d588df123ac0d0ce20b112ac__af502e6e-1657-4248-8b91-ce01c14277b9__seg_013,2026-08-03 22:32:59.681000+00:00,2026-08-03 22:33:18.355000+00:00,18.674,10,1.984,12,False,False
d588df123ac0d0ce20b112ac,bbe7c827-8a4d-4ba5-84f4-67c88a77fe20,d588df123ac0d0ce20b112ac__bbe7c827-8a4d-4ba5-84f4-67c88a77fe20__seg_001,2026-08-09 12:50:53.016000+00:00,2026-08-09 12:51:06.618000+00:00,13.602,8,1.991,0,False,False
d588df123ac0d0ce20b112ac,bbe7c827-8a4d-4ba5-84f4-67c88a77fe20,d588df123ac0d0ce20b112ac__bbe7c827-8a4d-4ba5-84f4-67c88a77fe20__seg_002,2026-08-09 12:51:51.222000+00:00,2026-08-09 12:51:51.222000+00:00,0.0,1,,1,False,False
d588df123ac0d0ce20b112ac,bbe7c827-8a4d-4ba5-84f4-67c88a77fe20,d588df123ac0d0ce20b112ac__bbe7c827-8a4d-4ba5-84f4-67c88a77fe20__seg_003,2026-08-09 12:53:10.752000+00:00,2026-08-09 12:53:10.752000+00:00,0.0,1,,2,False,False
d588df123ac0d0ce20b112ac,bbe7c827-8a4d-4ba5-84f4-67c88a77fe20,d588df123ac0d0ce20b112ac__bbe7c827-8a4d-4ba5-84f4-67c88a77fe20__seg_004,2026-08-09 12:54:51.818000+00:00,2026-08-09 12:54:51.818000+00:00,0.0,1,,3,False,False
d588df123ac0d0ce20b112ac,bbe7c827-8a4d-4ba5-84f4-67c88a77fe20,d588df123ac0d0ce20b112ac__bbe7c827-8a4d-4ba5-84f4-67c88a77fe20__seg_005,2026-08-09 12:55:12.458000+00:00,2026-08-09 12:57:11.589000+00:00,119.131,39,3.4850000000000003,4,False,False
d588df123ac0d0ce20b112ac,bbe7c827-8a4d-4ba5-84f4-67c88a77fe20,d588df123ac0d0ce20b112ac__bbe7c827-8a4d-4ba5-84f4-67c88a77fe20__seg_006,2026-08-09 12:57:29.632000+00:00,2026-08-09 12:57:45.738000+00:00,16.106,5,2.8215,5,False,False
d588df123ac0d0ce20b112ac,bbe7c827-8a4d-4ba5-84f4-67c88a77fe20,d588df123ac0d0ce20b112ac__bbe7c827-8a4d-4ba5-84f4-67c88a77fe20__seg_007,2026-08-09 12:58:02.041000+00:00,2026-08-09 13:12:37.799000+00:00,875.758,316,2.633,6,True,True
d588df123ac0d0ce20b112ac,bbe7c827-8a4d-4ba5-84f4-67c88a77fe20,d588df123ac0d0ce20b112ac__bbe7c827-8a4d-4ba5-84f4-67c88a77fe20__seg_008,2026-08-09 13:23:41.175000+00:00,2026-08-09 13:23:54.639000+00:00,13.464,7,2.2535,7,False,False
d588df123ac0d0ce20b112ac,cb0385d1-3fc6-46f1-83c5-f7338a4e7bac,d588df123ac0d0ce20b112ac__cb0385d1-3fc6-46f1-83c5-f7338a4e7bac__seg_001,2026-08-08 20:29:52.470000+00:00,2026-08-08 20:37:03.617000+00:00,431.147,208,2.003,0,True,False
d588df123ac0d0ce20b112ac,cb0385d1-3fc6-46f1-83c5-f7338a4e7bac,d588df123ac0d0ce20b112ac__cb0385d1-3fc6-46f1-83c5-f7338a4e7bac__seg_002,2026-08-08 20:37:16.823000+00:00,2026-08-08 20:45:30.378000+00:00,493.555,154,3.937,1,True,False
d588df123ac0d0ce20b112ac,cb0385d1-3fc6-46f1-83c5-f7338a4e7bac,d588df123ac0d0ce20b112ac__cb0385d1-3fc6-46f1-83c5-f7338a4e7bac__seg_003,2026-08-08 20:53:44.163000+00:00,2026-08-08 21:23:31.134000+00:00,1786.971,890,2.0,2,True,True
d588df123ac0d0ce20b112ac,cc2a1e74-06e7-4cb1-92cd-6b21a91f240f,d588df123ac0d0ce20b112ac__cc2a1e74-06e7-4cb1-92cd-6b21a91f240f__seg_001,2026-08-07 15:01:20.613000+00:00,2026-08-07 15:09:39.992000+00:00,499.379,232,2.004,0,True,False
d588df123ac0d0ce20b112ac,cc2a1e74-06e7-4cb1-92cd-6b21a91f240f,d588df123ac0d0ce20b112ac__cc2a1e74-06e7-4cb1-92cd-6b21a91f240f__seg_002,2026-08-07 15:09:54.274000+00:00,2026-08-07 15:09:56.029000+00:00,1.755,2,1.755,1,False,False
d588df123ac0d0ce20b112ac,cc2a1e74-06e7-4cb1-92cd-6b21a91f240f,d588df123ac0d0ce20b112ac__cc2a1e74-06e7-4cb1-92cd-6b21a91f240f__seg_003,2026-08-07 15:33:27.635000+00:00,2026-08-07 15:36:52.025000+00:00,204.39,95,1.999,2,False,False
d588df123ac0d0ce20b112ac,cc2a1e74-06e7-4cb1-92cd-6b21a91f240f,d588df123ac0d0ce20b112ac__cc2a1e74-06e7-4cb1-92cd-6b21a91f240f__seg_004,2026-08-07 15:37:28.213000+00:00,2026-08-07 15:37:30.420000+00:00,2.207,2,2.207,3,False,False
d588df123ac0d0ce20b112ac,cc2a1e74-06e7-4cb1-92cd-6b21a91f240f,d588df123ac0d0ce20b112ac__cc2a1e74-06e7-4cb1-92cd-6b21a91f240f__seg_005,2026-08-07 16:56:58.756000+00:00,2026-08-07 17:00:28.112000+00:00,209.356,100,1.995,4,False,False
d588df123ac0d0ce20b112ac,cc2a1e74-06e7-4cb1-92cd-6b21a91f240f,d588df123ac0d0ce20b112ac__cc2a1e74-06e7-4cb1-92cd-6b21a91f240f__seg_006,2026-08-07 17:04:30.170000+00:00,2026-08-07 17:06:09.291000+00:00,99.121,43,2.0309999999999997,5,False,False
d588df123ac0d0ce20b112ac,d44d9f05-c8e5-4414-bf88-3fb655660786,d588df123ac0d0ce20b112ac__d44d9f05-c8e5-4414-bf88-3fb655660786__seg_001,2026-08-03 22:35:12.913000+00:00,2026-08-03 22:37:18.094000+00:00,125.181,31,4.0275,0,False,False
d588df123ac0d0ce20b112ac,d4a43abe-57cb-4513-b782-4b927879f358,d588df123ac0d0ce20b112ac__d4a43abe-57cb-4513-b782-4b927879f358__seg_001,2026-08-03 23:04:11.516000+00:00,2026-08-03 23:18:43.930000+00:00,872.414,246,3.828,0,True,True
d588df123ac0d0ce20b112ac,d4a43abe-57cb-4513-b782-4b927879f358,d588df123ac0d0ce20b112ac__d4a43abe-57cb-4513-b782-4b927879f358__seg_002,2026-08-03 23:34:00.553000+00:00,2026-08-03 23:45:27.326000+00:00,686.773,224,3.414,1,True,True
d588df123ac0d0ce20b112ac,d4a43abe-57cb-4513-b782-4b927879f358,d588df123ac0d0ce20b112ac__d4a43abe-57cb-4513-b782-4b927879f358__seg_003,2026-08-03 23:48:29.754000+00:00,2026-08-04 00:20:46.754000+00:00,1937.0,658,2.671,2,True,True
d588df123ac0d0ce20b112ac,d4a43abe-57cb-4513-b782-4b927879f358,d588df123ac0d0ce20b112ac__d4a43abe-57cb-4513-b782-4b927879f358__seg_004,2026-08-04 00:43:01.714000+00:00,2026-08-04 00:46:41.043000+00:00,219.329,111,1.991,3,False,False
d588df123ac0d0ce20b112ac,d4a43abe-57cb-4513-b782-4b927879f358,d588df123ac0d0ce20b112ac__d4a43abe-57cb-4513-b782-4b927879f358__seg_005,2026-08-04 00:49:58.665000+00:00,2026-08-04 00:53:13.026000+00:00,194.361,97,2.002,4,False,False
d588df123ac0d0ce20b112ac,d4a43abe-57cb-4513-b782-4b927879f358,d588df123ac0d0ce20b112ac__d4a43abe-57cb-4513-b782-4b927879f358__seg_006,2026-08-04 01:41:30.262000+00:00,2026-08-04 01:41:30.262000+00:00,0.0,1,,5,False,False
d588df123ac0d0ce20b112ac,d4a43abe-57cb-4513-b782-4b927879f358,d588df123ac0d0ce20b112ac__d4a43abe-57cb-4513-b782-4b927879f358__seg_007,2026-08-04 01:49:53.240000+00:00,2026-08-04 01:50:17.106000+00:00,23.866,10,2.087,6,False,False
d588df123ac0d0ce20b112ac,e306e14c-9612-40bb-8b61-12250414d159,d588df123ac0d0ce20b112ac__e306e14c-9612-40bb-8b61-12250414d159__seg_001,2026-08-05 23:10:18.151000+00:00,2026-08-05 23:13:17.514000+00:00,179.363,89,2.001,0,False,False
d588df123ac0d0ce20b112ac,e4d80512-c282-45fb-8d13-e4e33eebfd72,d588df123ac0d0ce20b112ac__e4d80512-c282-45fb-8d13-e4e33eebfd72__seg_001,2026-08-05 21:54:47.901000+00:00,2026-08-05 22:01:42.247000+00:00,414.346,203,2.003,0,True,False
d588df123ac0d0ce20b112ac,e9728687-ec3e-4135-8582-5a86caa605eb,d588df123ac0d0ce20b112ac__e9728687-ec3e-4135-8582-5a86caa605eb__seg_001,2026-08-08 22:16:08.290000+00:00,2026-08-08 22:20:13.130000+00:00,244.84,123,2.0,0,False,False
d588df123ac0d0ce20b112ac,e9728687-ec3e-4135-8582-5a86caa605eb,d588df123ac0d0ce20b112ac__e9728687-ec3e-4135-8582-5a86caa605eb__seg_002,2026-08-08 22:20:56.601000+00:00,2026-08-08 22:20:56.601000+00:00,0.0,1,,1,False,False
d588df123ac0d0ce20b112ac,e9728687-ec3e-4135-8582-5a86caa605eb,d588df123ac0d0ce20b112ac__e9728687-ec3e-4135-8582-5a86caa605eb__seg_003,2026-08-08 22:21:36.260000+00:00,2026-08-08 22:21:36.260000+00:00,0.0,1,,2,False,False
d588df123ac0d0ce20b112ac,e9728687-ec3e-4135-8582-5a86caa605eb,d588df123ac0d0ce20b112ac__e9728687-ec3e-4135-8582-5a86caa605eb__seg_004,2026-08-08 22:22:17.633000+00:00,2026-08-08 22:22:17.633000+00:00,0.0,1,,3,False,False
d588df123ac0d0ce20b112ac,e9728687-ec3e-4135-8582-5a86caa605eb,d588df123ac0d0ce20b112ac__e9728687-ec3e-4135-8582-5a86caa605eb__seg_005,2026-08-08 22:22:51.680000+00:00,2026-08-08 22:22:51.680000+00:00,0.0,1,,4,False,False
d588df123ac0d0ce20b112ac,e9728687-ec3e-4135-8582-5a86caa605eb,d588df123ac0d0ce20b112ac__e9728687-ec3e-4135-8582-5a86caa605eb__seg_006,2026-08-08 22:23:25.463000+00:00,2026-08-08 22:23:25.463000+00:00,0.0,1,,5,False,False
d588df123ac0d0ce20b112ac,e9728687-ec3e-4135-8582-5a86caa605eb,d588df123ac0d0ce20b112ac__e9728687-ec3e-4135-8582-5a86caa605eb__seg_007,2026-08-08 22:24:00.382000+00:00,2026-08-08 22:24:00.382000+00:00,0.0,1,,6,False,False
d588df123ac0d0ce20b112ac,e9728687-ec3e-4135-8582-5a86caa605eb,d588df123ac0d0ce20b112ac__e9728687-ec3e-4135-8582-5a86caa605eb__seg_008,2026-08-08 22:24:43.463000+00:00,2026-08-08 22:24:43.463000+00:00,0.0,1,,7,False,False
d588df123ac0d0ce20b112ac,e9728687-ec3e-4135-8582-5a86caa605eb,d588df123ac0d0ce20b112ac__e9728687-ec3e-4135-8582-5a86caa605eb__seg_009,2026-08-08 22:25:21.623000+00:00,2026-08-08 22:25:21.623000+00:00,0.0,1,,8,False,False
d588df123ac0d0ce20b112ac,e9728687-ec3e-4135-8582-5a86caa605eb,d588df123ac0d0ce20b112ac__e9728687-ec3e-4135-8582-5a86caa605eb__seg_010,2026-08-08 22:25:59.122000+00:00,2026-08-08 22:25:59.122000+00:00,0.0,1,,9,False,False
d588df123ac0d0ce20b112ac,e9728687-ec3e-4135-8582-5a86caa605eb,d588df123ac0d0ce20b112ac__e9728687-ec3e-4135-8582-5a86caa605eb__seg_011,2026-08-08 22:26:39.022000+00:00,2026-08-08 22:26:39.022000+00:00,0.0,1,,10,False,False
d588df123ac0d0ce20b112ac,e9728687-ec3e-4135-8582-5a86caa605eb,d588df123ac0d0ce20b112ac__e9728687-ec3e-4135-8582-5a86caa605eb__seg_012,2026-08-08 22:27:21.350000+00:00,2026-08-08 22:27:21.350000+00:00,0.0,1,,11,False,False
d588df123ac0d0ce20b112ac,e9728687-ec3e-4135-8582-5a86caa605eb,d588df123ac0d0ce20b112ac__e9728687-ec3e-4135-8582-5a86caa605eb__seg_013,2026-08-08 22:27:58.821000+00:00,2026-08-08 22:27:58.821000+00:00,0.0,1,,12,False,False
d588df123ac0d0ce20b112ac,e9728687-ec3e-4135-8582-5a86caa605eb,d588df123ac0d0ce20b112ac__e9728687-ec3e-4135-8582-5a86caa605eb__seg_014,2026-08-08 22:28:43.671000+00:00,2026-08-08 22:28:43.671000+00:00,0.0,1,,13,False,False
d588df123ac0d0ce20b112ac,e9728687-ec3e-4135-8582-5a86caa605eb,d588df123ac0d0ce20b112ac__e9728687-ec3e-4135-8582-5a86caa605eb__seg_015,2026-08-08 22:29:25.551000+00:00,2026-08-08 22:29:25.551000+00:00,0.0,1,,14,False,False
d588df123ac0d0ce20b112ac,e9728687-ec3e-4135-8582-5a86caa605eb,d588df123ac0d0ce20b112ac__e9728687-ec3e-4135-8582-5a86caa605eb__seg_016,2026-08-08 22:29:38.318000+00:00,2026-08-08 22:29:38.318000+00:00,0.0,1,,15,False,False
d588df123ac0d0ce20b112ac,e9728687-ec3e-4135-8582-5a86caa605eb,d588df123ac0d0ce20b112ac__e9728687-ec3e-4135-8582-5a86caa605eb__seg_017,2026-08-08 22:29:54.938000+00:00,2026-08-08 22:34:22.063000+00:00,267.125,124,2.011,16,False,False
d588df123ac0d0ce20b112ac,ea135741-be28-4194-9093-62c736a22b9a,d588df123ac0d0ce20b112ac__ea135741-be28-4194-9093-62c736a22b9a__seg_001,2026-08-04 01:51:12.513000+00:00,2026-08-04 01:54:18.905000+00:00,186.392,94,1.999,0,False,False
d588df123ac0d0ce20b112ac,ea135741-be28-4194-9093-62c736a22b9a,d588df123ac0d0ce20b112ac__ea135741-be28-4194-9093-62c736a22b9a__seg_002,2026-08-04 02:22:14.585000+00:00,2026-08-04 02:22:17.081000+00:00,2.496,2,2.496,1,False,False
d588df123ac0d0ce20b112ac,ea135741-be28-4194-9093-62c736a22b9a,d588df123ac0d0ce20b112ac__ea135741-be28-4194-9093-62c736a22b9a__seg_003,2026-08-04 02:23:25.045000+00:00,2026-08-04 02:23:34.997000+00:00,9.952,6,1.955,2,False,False
d588df123ac0d0ce20b112ac,ea150f23-2252-4244-b44d-e13113a7ea81,d588df123ac0d0ce20b112ac__ea150f23-2252-4244-b44d-e13113a7ea81__seg_001,2026-08-05 23:53:01.344000+00:00,2026-08-05 23:55:40.297000+00:00,158.953,81,1.9985,0,False,False
d588df123ac0d0ce20b112ac,f630b56e-4353-401a-bf40-5ed332d157f9,d588df123ac0d0ce20b112ac__f630b56e-4353-401a-bf40-5ed332d157f9__seg_001,2026-08-05 23:32:57.988000+00:00,2026-08-05 23:39:37.406000+00:00,399.418,196,2.0,0,True,False
d588df123ac0d0ce20b112ac,f630b56e-4353-401a-bf40-5ed332d157f9,d588df123ac0d0ce20b112ac__f630b56e-4353-401a-bf40-5ed332d157f9__seg_002,2026-08-05 23:42:55.482000+00:00,2026-08-05 23:45:51.162000+00:00,175.68,85,2.0,1,False,False
d588df123ac0d0ce20b112ac,f630b56e-4353-401a-bf40-5ed332d157f9,d588df123ac0d0ce20b112ac__f630b56e-4353-401a-bf40-5ed332d157f9__seg_003,2026-08-05 23:46:03.087000+00:00,2026-08-05 23:46:03.087000+00:00,0.0,1,,2,False,False
d588df123ac0d0ce20b112ac,f630b56e-4353-401a-bf40-5ed332d157f9,d588df123ac0d0ce20b112ac__f630b56e-4353-401a-bf40-5ed332d157f9__seg_004,2026-08-05 23:46:46.827000+00:00,2026-08-05 23:51:19.979000+00:00,273.152,133,1.9995,3,False,False
d588df123ac0d0ce20b112ac,f7916592-eda5-4dcd-bc07-915466c4d513,d588df123ac0d0ce20b112ac__f7916592-eda5-4dcd-bc07-915466c4d513__seg_001,2026-08-07 17:06:47.504000+00:00,2026-08-07 17:09:35.726000+00:00,168.222,85,1.9995,0,False,False
d588df123ac0d0ce20b112ac,f7916592-eda5-4dcd-bc07-915466c4d513,d588df123ac0d0ce20b112ac__f7916592-eda5-4dcd-bc07-915466c4d513__seg_002,2026-08-07 17:12:34.302000+00:00,2026-08-07 17:15:35.988000+00:00,181.686,91,1.9975,1,False,False
d588df123ac0d0ce20b112ac,f7916592-eda5-4dcd-bc07-915466c4d513,d588df123ac0d0ce20b112ac__f7916592-eda5-4dcd-bc07-915466c4d513__seg_003,2026-08-07 17:19:28.105000+00:00,2026-08-07 17:22:56.041000+00:00,207.936,103,1.998,2,False,False
d588df123ac0d0ce20b112ac,f7916592-eda5-4dcd-bc07-915466c4d513,d588df123ac0d0ce20b112ac__f7916592-eda5-4dcd-bc07-915466c4d513__seg_004,2026-08-07 17:49:44.774000+00:00,2026-08-07 17:52:51.956000+00:00,187.182,92,1.996,3,False,False
d588df123ac0d0ce20b112ac,f7916592-eda5-4dcd-bc07-915466c4d513,d588df123ac0d0ce20b112ac__f7916592-eda5-4dcd-bc07-915466c4d513__seg_005,2026-08-07 17:54:40.951000+00:00,2026-08-07 17:54:40.951000+00:00,0.0,1,,4,False,False
d588df123ac0d0ce20b112ac,f7916592-eda5-4dcd-bc07-915466c4d513,d588df123ac0d0ce20b112ac__f7916592-eda5-4dcd-bc07-915466c4d513__seg_006,2026-08-07 17:56:09.359000+00:00,2026-08-07 17:56:09.359000+00:00,0.0,1,,5,False,False
d588df123ac0d0ce20b112ac,f7916592-eda5-4dcd-bc07-915466c4d513,d588df123ac0d0ce20b112ac__f7916592-eda5-4dcd-bc07-915466c4d513__seg_007,2026-08-07 18:27:21.293000+00:00,2026-08-07 18:27:25.152000+00:00,3.859,2,3.859,6,False,False
d588df123ac0d0ce20b112ac,f7916592-eda5-4dcd-bc07-915466c4d513,d588df123ac0d0ce20b112ac__f7916592-eda5-4dcd-bc07-915466c4d513__seg_008,2026-08-07 18:27:40.597000+00:00,2026-08-07 18:27:45.627000+00:00,5.03,3,2.515,7,False,False
d588df123ac0d0ce20b112ac,f7916592-eda5-4dcd-bc07-915466c4d513,d588df123ac0d0ce20b112ac__f7916592-eda5-4dcd-bc07-915466c4d513__seg_009,2026-08-07 18:28:03.451000+00:00,2026-08-07 18:28:23.388000+00:00,19.937,9,2.0460000000000003,8,False,False
