machine_id,run_id,issue_type,timestamp,gap_seconds,severity,explanation
0890dcc046c079acc4de4202,795ee584-86ed-4fe5-b317-3d022b850274,large_gap,2026-08-10T16:52:44.264000+00:00,905.824,warning,Interval exceeds the 5× normal-interval threshold of 10.080 seconds.
0890dcc046c079acc4de4202,795ee584-86ed-4fe5-b317-3d022b850274,large_gap,2026-08-10T17:08:48.483000+00:00,918.825,warning,Interval exceeds the 5× normal-interval threshold of 10.080 seconds.
0890dcc046c079acc4de4202,89cdc34b-e02b-43b4-9284-144276df508a,large_gap,2026-07-23T19:03:37.276000+00:00,576.308,warning,Interval exceeds the 5× normal-interval threshold of 10.080 seconds.
0890dcc046c079acc4de4202,aa94b19f-b5c4-474e-ba62-cf034f43347f,large_gap,2026-08-10T17:37:46.371000+00:00,34.229,warning,Interval exceeds the 5× normal-interval threshold of 10.080 seconds.
7232bc533c21ce408d45d473,1e11f9c7-7d25-4a5d-ae2a-f9bc6e91415d,large_gap,2026-08-03T21:16:20.957000+00:00,10.475,warning,Interval exceeds the 5× normal-interval threshold of 10.080 seconds.
7232bc533c21ce408d45d473,1e11f9c7-7d25-4a5d-ae2a-f9bc6e91415d,large_gap,2026-08-03T21:27:39.127000+00:00,10.17,warning,Interval exceeds the 5× normal-interval threshold of 10.080 seconds.
7232bc533c21ce408d45d473,1e11f9c7-7d25-4a5d-ae2a-f9bc6e91415d,large_gap,2026-08-03T21:34:08.638000+00:00,12.405,warning,Interval exceeds the 5× normal-interval threshold of 10.080 seconds.
7232bc533c21ce408d45d473,1e11f9c7-7d25-4a5d-ae2a-f9bc6e91415d,large_gap,2026-08-03T21:34:19.249000+00:00,10.611,warning,Interval exceeds the 5× normal-interval threshold of 10.080 seconds.
7232bc533c21ce408d45d473,1e11f9c7-7d25-4a5d-ae2a-f9bc6e91415d,large_gap,2026-08-03T21:34:45.364000+00:00,12.94,warning,Interval exceeds the 5× normal-interval threshold of 10.080 seconds.
7232bc533c21ce408d45d473,1e11f9c7-7d25-4a5d-ae2a-f9bc6e91415d,large_gap,2026-08-03T21:34:56.292000+00:00,10.928,warning,Interval exceeds the 5× normal-interval threshold of 10.080 seconds.
7232bc533c21ce408d45d473,1e11f9c7-7d25-4a5d-ae2a-f9bc6e91415d,large_gap,2026-08-03T21:35:08.904000+00:00,12.612,warning,Interval exceeds the 5× normal-interval threshold of 10.080 seconds.
7232bc533c21ce408d45d473,1e11f9c7-7d25-4a5d-ae2a-f9bc6e91415d,large_gap,2026-08-03T21:35:19.982000+00:00,11.078,warning,Interval exceeds the 5× normal-interval threshold of 10.080 seconds.
7232bc533c21ce408d45d473,1e11f9c7-7d25-4a5d-ae2a-f9bc6e91415d,large_gap,2026-08-03T21:35:32.573000+00:00,12.591,warning,Interval exceeds the 5× normal-interval threshold of 10.080 seconds.
7232bc533c21ce408d45d473,1e11f9c7-7d25-4a5d-ae2a-f9bc6e91415d,large_gap,2026-08-03T21:35:44.211000+00:00,11.638,warning,Interval exceeds the 5× normal-interval threshold of 10.080 seconds.
7232bc533c21ce408d45d473,1e11f9c7-7d25-4a5d-ae2a-f9bc6e91415d,large_gap,2026-08-03T21:35:54.856000+00:00,10.645,warning,Interval exceeds the 5× normal-interval threshold of 10.080 seconds.
7232bc533c21ce408d45d473,1e11f9c7-7d25-4a5d-ae2a-f9bc6e91415d,large_gap,2026-08-03T21:36:08.926000+00:00,10.847,warning,Interval exceeds the 5× normal-interval threshold of 10.080 seconds.
7232bc533c21ce408d45d473,1e11f9c7-7d25-4a5d-ae2a-f9bc6e91415d,large_gap,2026-08-03T21:36:19.649000+00:00,10.723,warning,Interval exceeds the 5× normal-interval threshold of 10.080 seconds.
7232bc533c21ce408d45d473,1e11f9c7-7d25-4a5d-ae2a-f9bc6e91415d,large_gap,2026-08-03T21:36:32.899000+00:00,13.25,warning,Interval exceeds the 5× normal-interval threshold of 10.080 seconds.
7232bc533c21ce408d45d473,1e11f9c7-7d25-4a5d-ae2a-f9bc6e91415d,large_gap,2026-08-03T21:36:44.886000+00:00,11.987,warning,Interval exceeds the 5× normal-interval threshold of 10.080 seconds.
7232bc533c21ce408d45d473,1e11f9c7-7d25-4a5d-ae2a-f9bc6e91415d,large_gap,2026-08-03T21:36:55.722000+00:00,10.836,warning,Interval exceeds the 5× normal-interval threshold of 10.080 seconds.
7232bc533c21ce408d45d473,1e11f9c7-7d25-4a5d-ae2a-f9bc6e91415d,large_gap,2026-08-03T21:37:11.672000+00:00,15.95,warning,Interval exceeds the 5× normal-interval threshold of 10.080 seconds.
7232bc533c21ce408d45d473,1e11f9c7-7d25-4a5d-ae2a-f9bc6e91415d,large_gap,2026-08-03T21:37:26.615000+00:00,14.943,warning,Interval exceeds the 5× normal-interval threshold of 10.080 seconds.
7232bc533c21ce408d45d473,1e11f9c7-7d25-4a5d-ae2a-f9bc6e91415d,large_gap,2026-08-03T21:37:37.328000+00:00,10.713,warning,Interval exceeds the 5× normal-interval threshold of 10.080 seconds.
7232bc533c21ce408d45d473,1e11f9c7-7d25-4a5d-ae2a-f9bc6e91415d,large_gap,2026-08-03T21:37:53.058000+00:00,12.489,warning,Interval exceeds the 5× normal-interval threshold of 10.080 seconds.
7232bc533c21ce408d45d473,1e11f9c7-7d25-4a5d-ae2a-f9bc6e91415d,large_gap,2026-08-03T21:38:05.623000+00:00,12.565,warning,Interval exceeds the 5× normal-interval threshold of 10.080 seconds.
7232bc533c21ce408d45d473,1e11f9c7-7d25-4a5d-ae2a-f9bc6e91415d,large_gap,2026-08-03T21:38:20.074000+00:00,14.451,warning,Interval exceeds the 5× normal-interval threshold of 10.080 seconds.
7232bc533c21ce408d45d473,1e11f9c7-7d25-4a5d-ae2a-f9bc6e91415d,large_gap,2026-08-03T21:38:34.561000+00:00,14.487,warning,Interval exceeds the 5× normal-interval threshold of 10.080 seconds.
7232bc533c21ce408d45d473,1e11f9c7-7d25-4a5d-ae2a-f9bc6e91415d,large_gap,2026-08-03T22:20:54.023000+00:00,13.876,warning,Interval exceeds the 5× normal-interval threshold of 10.080 seconds.
7232bc533c21ce408d45d473,1e11f9c7-7d25-4a5d-ae2a-f9bc6e91415d,large_gap,2026-08-03T22:21:05.320000+00:00,11.297,warning,Interval exceeds the 5× normal-interval threshold of 10.080 seconds.
7232bc533c21ce408d45d473,1e11f9c7-7d25-4a5d-ae2a-f9bc6e91415d,large_gap,2026-08-03T22:21:19.513000+00:00,10.922,warning,Interval exceeds the 5× normal-interval threshold of 10.080 seconds.
7232bc533c21ce408d45d473,1e11f9c7-7d25-4a5d-ae2a-f9bc6e91415d,large_gap,2026-08-03T22:21:30.794000+00:00,11.281,warning,Interval exceeds the 5× normal-interval threshold of 10.080 seconds.
7232bc533c21ce408d45d473,1e11f9c7-7d25-4a5d-ae2a-f9bc6e91415d,large_gap,2026-08-03T22:21:41.510000+00:00,10.716,warning,Interval exceeds the 5× normal-interval threshold of 10.080 seconds.
7232bc533c21ce408d45d473,1e11f9c7-7d25-4a5d-ae2a-f9bc6e91415d,large_gap,2026-08-03T22:21:54.165000+00:00,12.655,warning,Interval exceeds the 5× normal-interval threshold of 10.080 seconds.
7232bc533c21ce408d45d473,1e11f9c7-7d25-4a5d-ae2a-f9bc6e91415d,large_gap,2026-08-03T22:22:06.007000+00:00,11.842,warning,Interval exceeds the 5× normal-interval threshold of 10.080 seconds.
7232bc533c21ce408d45d473,1e11f9c7-7d25-4a5d-ae2a-f9bc6e91415d,large_gap,2026-08-03T22:22:17.876000+00:00,11.869,warning,Interval exceeds the 5× normal-interval threshold of 10.080 seconds.
7232bc533c21ce408d45d473,1e11f9c7-7d25-4a5d-ae2a-f9bc6e91415d,large_gap,2026-08-03T22:22:38.529000+00:00,10.603,warning,Interval exceeds the 5× normal-interval threshold of 10.080 seconds.
7232bc533c21ce408d45d473,1e11f9c7-7d25-4a5d-ae2a-f9bc6e91415d,large_gap,2026-08-03T22:22:54.076000+00:00,11.477,warning,Interval exceeds the 5× normal-interval threshold of 10.080 seconds.
7232bc533c21ce408d45d473,1e11f9c7-7d25-4a5d-ae2a-f9bc6e91415d,large_gap,2026-08-03T22:23:06.774000+00:00,12.698,warning,Interval exceeds the 5× normal-interval threshold of 10.080 seconds.
7232bc533c21ce408d45d473,1e11f9c7-7d25-4a5d-ae2a-f9bc6e91415d,large_gap,2026-08-03T22:23:17.499000+00:00,10.725,warning,Interval exceeds the 5× normal-interval threshold of 10.080 seconds.
7232bc533c21ce408d45d473,1e11f9c7-7d25-4a5d-ae2a-f9bc6e91415d,large_gap,2026-08-03T22:23:30.257000+00:00,12.758,warning,Interval exceeds the 5× normal-interval threshold of 10.080 seconds.
7232bc533c21ce408d45d473,1e11f9c7-7d25-4a5d-ae2a-f9bc6e91415d,large_gap,2026-08-03T22:23:42.436000+00:00,12.179,warning,Interval exceeds the 5× normal-interval threshold of 10.080 seconds.
7232bc533c21ce408d45d473,1e11f9c7-7d25-4a5d-ae2a-f9bc6e91415d,large_gap,2026-08-03T22:23:52.877000+00:00,10.441,warning,Interval exceeds the 5× normal-interval threshold of 10.080 seconds.
7232bc533c21ce408d45d473,1e11f9c7-7d25-4a5d-ae2a-f9bc6e91415d,large_gap,2026-08-03T22:24:08.075000+00:00,11.69,warning,Interval exceeds the 5× normal-interval threshold of 10.080 seconds.
7232bc533c21ce408d45d473,1e11f9c7-7d25-4a5d-ae2a-f9bc6e91415d,large_gap,2026-08-03T22:24:19.503000+00:00,11.428,warning,Interval exceeds the 5× normal-interval threshold of 10.080 seconds.
7232bc533c21ce408d45d473,1e11f9c7-7d25-4a5d-ae2a-f9bc6e91415d,large_gap,2026-08-03T22:24:31.744000+00:00,12.241,warning,Interval exceeds the 5× normal-interval threshold of 10.080 seconds.
7232bc533c21ce408d45d473,1e11f9c7-7d25-4a5d-ae2a-f9bc6e91415d,large_gap,2026-08-03T22:24:46.132000+00:00,14.388,warning,Interval exceeds the 5× normal-interval threshold of 10.080 seconds.
7232bc533c21ce408d45d473,1e11f9c7-7d25-4a5d-ae2a-f9bc6e91415d,large_gap,2026-08-03T22:25:00.115000+00:00,13.983,warning,Interval exceeds the 5× normal-interval threshold of 10.080 seconds.
7232bc533c21ce408d45d473,1e11f9c7-7d25-4a5d-ae2a-f9bc6e91415d,large_gap,2026-08-03T22:25:13.893000+00:00,13.778,warning,Interval exceeds the 5× normal-interval threshold of 10.080 seconds.
7232bc533c21ce408d45d473,1e11f9c7-7d25-4a5d-ae2a-f9bc6e91415d,large_gap,2026-08-03T22:25:28.695000+00:00,14.802,warning,Interval exceeds the 5× normal-interval threshold of 10.080 seconds.
7232bc533c21ce408d45d473,5bca2646-6745-4bbb-987d-ccb0a4486506,large_gap,2026-08-09T20:13:22.395000+00:00,13.926,warning,Interval exceeds the 5× normal-interval threshold of 10.080 seconds.
7232bc533c21ce408d45d473,5bca2646-6745-4bbb-987d-ccb0a4486506,large_gap,2026-08-09T20:13:34.327000+00:00,11.932,warning,Interval exceeds the 5× normal-interval threshold of 10.080 seconds.
7232bc533c21ce408d45d473,5bca2646-6745-4bbb-987d-ccb0a4486506,large_gap,2026-08-09T20:15:47.568000+00:00,10.154,warning,Interval exceeds the 5× normal-interval threshold of 10.080 seconds.
7232bc533c21ce408d45d473,5bca2646-6745-4bbb-987d-ccb0a4486506,large_gap,2026-08-09T20:25:29.219000+00:00,10.095,warning,Interval exceeds the 5× normal-interval threshold of 10.080 seconds.
7232bc533c21ce408d45d473,5bca2646-6745-4bbb-987d-ccb0a4486506,large_gap,2026-08-09T20:25:44.571000+00:00,11.719,warning,Interval exceeds the 5× normal-interval threshold of 10.080 seconds.
7232bc533c21ce408d45d473,5bca2646-6745-4bbb-987d-ccb0a4486506,large_gap,2026-08-09T20:25:56.117000+00:00,11.546,warning,Interval exceeds the 5× normal-interval threshold of 10.080 seconds.
7232bc533c21ce408d45d473,5bca2646-6745-4bbb-987d-ccb0a4486506,large_gap,2026-08-09T20:26:06.493000+00:00,10.376,warning,Interval exceeds the 5× normal-interval threshold of 10.080 seconds.
7232bc533c21ce408d45d473,5bca2646-6745-4bbb-987d-ccb0a4486506,large_gap,2026-08-09T20:26:18.272000+00:00,11.779,warning,Interval exceeds the 5× normal-interval threshold of 10.080 seconds.
7232bc533c21ce408d45d473,5bca2646-6745-4bbb-987d-ccb0a4486506,large_gap,2026-08-09T20:26:53.611000+00:00,12.916,warning,Interval exceeds the 5× normal-interval threshold of 10.080 seconds.
7232bc533c21ce408d45d473,5bca2646-6745-4bbb-987d-ccb0a4486506,large_gap,2026-08-09T20:27:04.804000+00:00,11.193,warning,Interval exceeds the 5× normal-interval threshold of 10.080 seconds.
7232bc533c21ce408d45d473,5bca2646-6745-4bbb-987d-ccb0a4486506,large_gap,2026-08-09T20:27:15.533000+00:00,10.729,warning,Interval exceeds the 5× normal-interval threshold of 10.080 seconds.
7232bc533c21ce408d45d473,5bca2646-6745-4bbb-987d-ccb0a4486506,large_gap,2026-08-09T20:27:26.336000+00:00,10.803,warning,Interval exceeds the 5× normal-interval threshold of 10.080 seconds.
7232bc533c21ce408d45d473,5bca2646-6745-4bbb-987d-ccb0a4486506,large_gap,2026-08-09T20:27:39.760000+00:00,10.632,warning,Interval exceeds the 5× normal-interval threshold of 10.080 seconds.
7232bc533c21ce408d45d473,5bca2646-6745-4bbb-987d-ccb0a4486506,large_gap,2026-08-09T20:27:51.974000+00:00,12.214,warning,Interval exceeds the 5× normal-interval threshold of 10.080 seconds.
7232bc533c21ce408d45d473,5bca2646-6745-4bbb-987d-ccb0a4486506,large_gap,2026-08-09T20:28:03.375000+00:00,11.401,warning,Interval exceeds the 5× normal-interval threshold of 10.080 seconds.
7232bc533c21ce408d45d473,5bca2646-6745-4bbb-987d-ccb0a4486506,large_gap,2026-08-09T20:28:14.431000+00:00,11.056,warning,Interval exceeds the 5× normal-interval threshold of 10.080 seconds.
7232bc533c21ce408d45d473,5bca2646-6745-4bbb-987d-ccb0a4486506,large_gap,2026-08-09T20:28:26.166000+00:00,11.735,warning,Interval exceeds the 5× normal-interval threshold of 10.080 seconds.
7232bc533c21ce408d45d473,5bca2646-6745-4bbb-987d-ccb0a4486506,large_gap,2026-08-09T20:28:51.016000+00:00,11.849,warning,Interval exceeds the 5× normal-interval threshold of 10.080 seconds.
7232bc533c21ce408d45d473,5bca2646-6745-4bbb-987d-ccb0a4486506,large_gap,2026-08-09T20:29:03.091000+00:00,12.075,warning,Interval exceeds the 5× normal-interval threshold of 10.080 seconds.
7232bc533c21ce408d45d473,5bca2646-6745-4bbb-987d-ccb0a4486506,large_gap,2026-08-09T20:29:14.503000+00:00,11.412,warning,Interval exceeds the 5× normal-interval threshold of 10.080 seconds.
7232bc533c21ce408d45d473,5bca2646-6745-4bbb-987d-ccb0a4486506,large_gap,2026-08-09T20:29:27.346000+00:00,12.843,warning,Interval exceeds the 5× normal-interval threshold of 10.080 seconds.
7232bc533c21ce408d45d473,5bca2646-6745-4bbb-987d-ccb0a4486506,large_gap,2026-08-09T20:29:38.716000+00:00,11.37,warning,Interval exceeds the 5× normal-interval threshold of 10.080 seconds.
7232bc533c21ce408d45d473,5bca2646-6745-4bbb-987d-ccb0a4486506,large_gap,2026-08-09T20:29:50.583000+00:00,11.867,warning,Interval exceeds the 5× normal-interval threshold of 10.080 seconds.
7232bc533c21ce408d45d473,5bca2646-6745-4bbb-987d-ccb0a4486506,large_gap,2026-08-09T20:30:04.321000+00:00,13.738,warning,Interval exceeds the 5× normal-interval threshold of 10.080 seconds.
7232bc533c21ce408d45d473,5bca2646-6745-4bbb-987d-ccb0a4486506,large_gap,2026-08-09T20:30:14.606000+00:00,10.285,warning,Interval exceeds the 5× normal-interval threshold of 10.080 seconds.
7232bc533c21ce408d45d473,5bca2646-6745-4bbb-987d-ccb0a4486506,large_gap,2026-08-09T21:07:37.114000+00:00,10.598,warning,Interval exceeds the 5× normal-interval threshold of 10.080 seconds.
7232bc533c21ce408d45d473,5bca2646-6745-4bbb-987d-ccb0a4486506,large_gap,2026-08-09T21:07:48.528000+00:00,11.414,warning,Interval exceeds the 5× normal-interval threshold of 10.080 seconds.
7232bc533c21ce408d45d473,5bca2646-6745-4bbb-987d-ccb0a4486506,large_gap,2026-08-09T21:07:59.585000+00:00,11.057,warning,Interval exceeds the 5× normal-interval threshold of 10.080 seconds.
7232bc533c21ce408d45d473,5bca2646-6745-4bbb-987d-ccb0a4486506,large_gap,2026-08-09T21:08:15.618000+00:00,12.879,warning,Interval exceeds the 5× normal-interval threshold of 10.080 seconds.
7232bc533c21ce408d45d473,5bca2646-6745-4bbb-987d-ccb0a4486506,large_gap,2026-08-09T21:08:26.221000+00:00,10.603,warning,Interval exceeds the 5× normal-interval threshold of 10.080 seconds.
7232bc533c21ce408d45d473,5bca2646-6745-4bbb-987d-ccb0a4486506,large_gap,2026-08-09T21:08:40.320000+00:00,11.615,warning,Interval exceeds the 5× normal-interval threshold of 10.080 seconds.
7232bc533c21ce408d45d473,5bca2646-6745-4bbb-987d-ccb0a4486506,large_gap,2026-08-09T21:09:05.070000+00:00,12.36,warning,Interval exceeds the 5× normal-interval threshold of 10.080 seconds.
7232bc533c21ce408d45d473,5bca2646-6745-4bbb-987d-ccb0a4486506,large_gap,2026-08-09T21:09:15.894000+00:00,10.824,warning,Interval exceeds the 5× normal-interval threshold of 10.080 seconds.
7232bc533c21ce408d45d473,5bca2646-6745-4bbb-987d-ccb0a4486506,large_gap,2026-08-09T21:09:37.036000+00:00,11.144,warning,Interval exceeds the 5× normal-interval threshold of 10.080 seconds.
7232bc533c21ce408d45d473,5bca2646-6745-4bbb-987d-ccb0a4486506,large_gap,2026-08-09T21:09:47.852000+00:00,10.816,warning,Interval exceeds the 5× normal-interval threshold of 10.080 seconds.
7232bc533c21ce408d45d473,5bca2646-6745-4bbb-987d-ccb0a4486506,large_gap,2026-08-09T21:09:58.640000+00:00,10.788,warning,Interval exceeds the 5× normal-interval threshold of 10.080 seconds.
7232bc533c21ce408d45d473,5bca2646-6745-4bbb-987d-ccb0a4486506,large_gap,2026-08-09T21:10:10.253000+00:00,11.613,warning,Interval exceeds the 5× normal-interval threshold of 10.080 seconds.
7232bc533c21ce408d45d473,5bca2646-6745-4bbb-987d-ccb0a4486506,large_gap,2026-08-09T21:10:21.877000+00:00,11.624,warning,Interval exceeds the 5× normal-interval threshold of 10.080 seconds.
7232bc533c21ce408d45d473,5bca2646-6745-4bbb-987d-ccb0a4486506,large_gap,2026-08-09T21:10:33.447000+00:00,11.57,warning,Interval exceeds the 5× normal-interval threshold of 10.080 seconds.
7232bc533c21ce408d45d473,5bca2646-6745-4bbb-987d-ccb0a4486506,large_gap,2026-08-09T21:10:44.402000+00:00,10.955,warning,Interval exceeds the 5× normal-interval threshold of 10.080 seconds.
7232bc533c21ce408d45d473,5bca2646-6745-4bbb-987d-ccb0a4486506,large_gap,2026-08-09T21:10:59.430000+00:00,15.028,warning,Interval exceeds the 5× normal-interval threshold of 10.080 seconds.
7232bc533c21ce408d45d473,5bca2646-6745-4bbb-987d-ccb0a4486506,large_gap,2026-08-09T21:11:23.587000+00:00,10.865,warning,Interval exceeds the 5× normal-interval threshold of 10.080 seconds.
7232bc533c21ce408d45d473,5bca2646-6745-4bbb-987d-ccb0a4486506,large_gap,2026-08-09T21:11:36.585000+00:00,12.998,warning,Interval exceeds the 5× normal-interval threshold of 10.080 seconds.
7232bc533c21ce408d45d473,5bca2646-6745-4bbb-987d-ccb0a4486506,large_gap,2026-08-09T21:11:50.372000+00:00,13.787,warning,Interval exceeds the 5× normal-interval threshold of 10.080 seconds.
7232bc533c21ce408d45d473,5bca2646-6745-4bbb-987d-ccb0a4486506,large_gap,2026-08-09T21:12:04.309000+00:00,13.937,warning,Interval exceeds the 5× normal-interval threshold of 10.080 seconds.
7232bc533c21ce408d45d473,5bca2646-6745-4bbb-987d-ccb0a4486506,large_gap,2026-08-09T21:12:16.670000+00:00,12.361,warning,Interval exceeds the 5× normal-interval threshold of 10.080 seconds.
7232bc533c21ce408d45d473,5bca2646-6745-4bbb-987d-ccb0a4486506,large_gap,2026-08-09T21:12:28.515000+00:00,11.845,warning,Interval exceeds the 5× normal-interval threshold of 10.080 seconds.
7232bc533c21ce408d45d473,5bca2646-6745-4bbb-987d-ccb0a4486506,large_gap,2026-08-09T21:12:39.878000+00:00,11.363,warning,Interval exceeds the 5× normal-interval threshold of 10.080 seconds.
7232bc533c21ce408d45d473,5bca2646-6745-4bbb-987d-ccb0a4486506,large_gap,2026-08-09T21:12:55.538000+00:00,12.634,warning,Interval exceeds the 5× normal-interval threshold of 10.080 seconds.
7232bc533c21ce408d45d473,5bca2646-6745-4bbb-987d-ccb0a4486506,large_gap,2026-08-09T21:13:05.744000+00:00,10.206,warning,Interval exceeds the 5× normal-interval threshold of 10.080 seconds.
7232bc533c21ce408d45d473,5bca2646-6745-4bbb-987d-ccb0a4486506,large_gap,2026-08-09T21:13:16.983000+00:00,11.239,warning,Interval exceeds the 5× normal-interval threshold of 10.080 seconds.
7232bc533c21ce408d45d473,5bca2646-6745-4bbb-987d-ccb0a4486506,large_gap,2026-08-09T21:13:29.934000+00:00,12.951,warning,Interval exceeds the 5× normal-interval threshold of 10.080 seconds.
7232bc533c21ce408d45d473,5bca2646-6745-4bbb-987d-ccb0a4486506,large_gap,2026-08-09T21:13:40.641000+00:00,10.707,warning,Interval exceeds the 5× normal-interval threshold of 10.080 seconds.
7232bc533c21ce408d45d473,5bca2646-6745-4bbb-987d-ccb0a4486506,large_gap,2026-08-09T21:13:52.832000+00:00,12.191,warning,Interval exceeds the 5× normal-interval threshold of 10.080 seconds.
7232bc533c21ce408d45d473,5bca2646-6745-4bbb-987d-ccb0a4486506,large_gap,2026-08-09T21:31:34.257000+00:00,10.256,warning,Interval exceeds the 5× normal-interval threshold of 10.080 seconds.
7232bc533c21ce408d45d473,5bca2646-6745-4bbb-987d-ccb0a4486506,large_gap,2026-08-09T22:14:00.272000+00:00,14.552,warning,Interval exceeds the 5× normal-interval threshold of 10.080 seconds.
7232bc533c21ce408d45d473,5bca2646-6745-4bbb-987d-ccb0a4486506,large_gap,2026-08-09T22:14:12.916000+00:00,12.644,warning,Interval exceeds the 5× normal-interval threshold of 10.080 seconds.
7232bc533c21ce408d45d473,5bca2646-6745-4bbb-987d-ccb0a4486506,large_gap,2026-08-09T22:14:24.996000+00:00,12.08,warning,Interval exceeds the 5× normal-interval threshold of 10.080 seconds.
7232bc533c21ce408d45d473,5bca2646-6745-4bbb-987d-ccb0a4486506,large_gap,2026-08-09T22:14:38.751000+00:00,13.755,warning,Interval exceeds the 5× normal-interval threshold of 10.080 seconds.
7232bc533c21ce408d45d473,5bca2646-6745-4bbb-987d-ccb0a4486506,large_gap,2026-08-09T22:14:52.233000+00:00,13.482,warning,Interval exceeds the 5× normal-interval threshold of 10.080 seconds.
7232bc533c21ce408d45d473,6c7905b0-5124-4d83-8709-a6176c981aec,large_gap,2026-08-01T22:19:25.002000+00:00,10.942,warning,Interval exceeds the 5× normal-interval threshold of 10.080 seconds.
7232bc533c21ce408d45d473,6c7905b0-5124-4d83-8709-a6176c981aec,large_gap,2026-08-01T22:29:07.417000+00:00,11.846,warning,Interval exceeds the 5× normal-interval threshold of 10.080 seconds.
7232bc533c21ce408d45d473,6c7905b0-5124-4d83-8709-a6176c981aec,large_gap,2026-08-01T22:29:31.263000+00:00,12.11,warning,Interval exceeds the 5× normal-interval threshold of 10.080 seconds.
7232bc533c21ce408d45d473,6c7905b0-5124-4d83-8709-a6176c981aec,large_gap,2026-08-01T22:29:43.440000+00:00,12.177,warning,Interval exceeds the 5× normal-interval threshold of 10.080 seconds.
7232bc533c21ce408d45d473,6c7905b0-5124-4d83-8709-a6176c981aec,large_gap,2026-08-01T22:29:54.197000+00:00,10.757,warning,Interval exceeds the 5× normal-interval threshold of 10.080 seconds.
7232bc533c21ce408d45d473,6c7905b0-5124-4d83-8709-a6176c981aec,large_gap,2026-08-01T22:31:03.597000+00:00,10.689,warning,Interval exceeds the 5× normal-interval threshold of 10.080 seconds.
7232bc533c21ce408d45d473,6c7905b0-5124-4d83-8709-a6176c981aec,large_gap,2026-08-01T22:31:14.337000+00:00,10.74,warning,Interval exceeds the 5× normal-interval threshold of 10.080 seconds.
7232bc533c21ce408d45d473,6c7905b0-5124-4d83-8709-a6176c981aec,large_gap,2026-08-01T22:31:25.771000+00:00,11.434,warning,Interval exceeds the 5× normal-interval threshold of 10.080 seconds.
7232bc533c21ce408d45d473,6c7905b0-5124-4d83-8709-a6176c981aec,large_gap,2026-08-01T22:31:36.699000+00:00,10.928,warning,Interval exceeds the 5× normal-interval threshold of 10.080 seconds.
7232bc533c21ce408d45d473,6c7905b0-5124-4d83-8709-a6176c981aec,large_gap,2026-08-01T22:32:50.239000+00:00,11.584,warning,Interval exceeds the 5× normal-interval threshold of 10.080 seconds.
7232bc533c21ce408d45d473,6c7905b0-5124-4d83-8709-a6176c981aec,large_gap,2026-08-01T22:33:02.304000+00:00,12.065,warning,Interval exceeds the 5× normal-interval threshold of 10.080 seconds.
7232bc533c21ce408d45d473,6c7905b0-5124-4d83-8709-a6176c981aec,large_gap,2026-08-01T22:33:14.237000+00:00,11.933,warning,Interval exceeds the 5× normal-interval threshold of 10.080 seconds.
7232bc533c21ce408d45d473,6c7905b0-5124-4d83-8709-a6176c981aec,large_gap,2026-08-01T22:33:26.270000+00:00,12.033,warning,Interval exceeds the 5× normal-interval threshold of 10.080 seconds.
7232bc533c21ce408d45d473,6c7905b0-5124-4d83-8709-a6176c981aec,large_gap,2026-08-01T22:33:36.795000+00:00,10.525,warning,Interval exceeds the 5× normal-interval threshold of 10.080 seconds.
7232bc533c21ce408d45d473,6c7905b0-5124-4d83-8709-a6176c981aec,large_gap,2026-08-01T22:53:08.081000+00:00,10.295,warning,Interval exceeds the 5× normal-interval threshold of 10.080 seconds.
7232bc533c21ce408d45d473,6c7905b0-5124-4d83-8709-a6176c981aec,large_gap,2026-08-01T22:54:03.886000+00:00,10.33,warning,Interval exceeds the 5× normal-interval threshold of 10.080 seconds.
7232bc533c21ce408d45d473,6c7905b0-5124-4d83-8709-a6176c981aec,large_gap,2026-08-01T22:56:31.557000+00:00,10.831,warning,Interval exceeds the 5× normal-interval threshold of 10.080 seconds.
7232bc533c21ce408d45d473,6c7905b0-5124-4d83-8709-a6176c981aec,large_gap,2026-08-01T22:56:43.700000+00:00,12.143,warning,Interval exceeds the 5× normal-interval threshold of 10.080 seconds.
7232bc533c21ce408d45d473,6c7905b0-5124-4d83-8709-a6176c981aec,large_gap,2026-08-01T22:56:54.954000+00:00,11.254,warning,Interval exceeds the 5× normal-interval threshold of 10.080 seconds.
7232bc533c21ce408d45d473,6c7905b0-5124-4d83-8709-a6176c981aec,large_gap,2026-08-01T22:57:08.189000+00:00,10.932,warning,Interval exceeds the 5× normal-interval threshold of 10.080 seconds.
7232bc533c21ce408d45d473,81d2476d-af90-434e-8518-502c7195564c,large_gap,2026-08-02T00:22:58.824000+00:00,10.569,warning,Interval exceeds the 5× normal-interval threshold of 10.080 seconds.
7232bc533c21ce408d45d473,81d2476d-af90-434e-8518-502c7195564c,large_gap,2026-08-02T00:23:35.205000+00:00,10.894,warning,Interval exceeds the 5× normal-interval threshold of 10.080 seconds.
7232bc533c21ce408d45d473,81d2476d-af90-434e-8518-502c7195564c,large_gap,2026-08-02T00:23:48.658000+00:00,10.481,warning,Interval exceeds the 5× normal-interval threshold of 10.080 seconds.
7232bc533c21ce408d45d473,81d2476d-af90-434e-8518-502c7195564c,large_gap,2026-08-02T00:24:27.072000+00:00,10.933,warning,Interval exceeds the 5× normal-interval threshold of 10.080 seconds.
7232bc533c21ce408d45d473,81d2476d-af90-434e-8518-502c7195564c,large_gap,2026-08-02T00:24:38.175000+00:00,11.103,warning,Interval exceeds the 5× normal-interval threshold of 10.080 seconds.
7232bc533c21ce408d45d473,81d2476d-af90-434e-8518-502c7195564c,large_gap,2026-08-02T00:24:49.053000+00:00,10.878,warning,Interval exceeds the 5× normal-interval threshold of 10.080 seconds.
7232bc533c21ce408d45d473,81d2476d-af90-434e-8518-502c7195564c,large_gap,2026-08-02T00:34:08.124000+00:00,11.934,warning,Interval exceeds the 5× normal-interval threshold of 10.080 seconds.
7232bc533c21ce408d45d473,81d2476d-af90-434e-8518-502c7195564c,large_gap,2026-08-02T00:34:21.301000+00:00,13.177,warning,Interval exceeds the 5× normal-interval threshold of 10.080 seconds.
7232bc533c21ce408d45d473,81d2476d-af90-434e-8518-502c7195564c,large_gap,2026-08-02T00:34:32.274000+00:00,10.973,warning,Interval exceeds the 5× normal-interval threshold of 10.080 seconds.
7232bc533c21ce408d45d473,81d2476d-af90-434e-8518-502c7195564c,large_gap,2026-08-02T00:34:42.827000+00:00,10.553,warning,Interval exceeds the 5× normal-interval threshold of 10.080 seconds.
7232bc533c21ce408d45d473,81d2476d-af90-434e-8518-502c7195564c,large_gap,2026-08-02T00:34:53.618000+00:00,10.791,warning,Interval exceeds the 5× normal-interval threshold of 10.080 seconds.
7232bc533c21ce408d45d473,93aafd38-c91e-42a7-b67f-90287b9dd6f7,large_gap,2026-08-10T14:54:38.462000+00:00,15.795,warning,Interval exceeds the 5× normal-interval threshold of 10.080 seconds.
7232bc533c21ce408d45d473,93aafd38-c91e-42a7-b67f-90287b9dd6f7,large_gap,2026-08-10T14:54:53.785000+00:00,15.323,warning,Interval exceeds the 5× normal-interval threshold of 10.080 seconds.
7232bc533c21ce408d45d473,93aafd38-c91e-42a7-b67f-90287b9dd6f7,large_gap,2026-08-10T14:55:07.600000+00:00,13.815,warning,Interval exceeds the 5× normal-interval threshold of 10.080 seconds.
7232bc533c21ce408d45d473,93aafd38-c91e-42a7-b67f-90287b9dd6f7,large_gap,2026-08-10T14:55:17.705000+00:00,10.105,warning,Interval exceeds the 5× normal-interval threshold of 10.080 seconds.
7232bc533c21ce408d45d473,93aafd38-c91e-42a7-b67f-90287b9dd6f7,large_gap,2026-08-10T14:55:31.771000+00:00,11.246,warning,Interval exceeds the 5× normal-interval threshold of 10.080 seconds.
7232bc533c21ce408d45d473,93aafd38-c91e-42a7-b67f-90287b9dd6f7,large_gap,2026-08-10T14:55:44.879000+00:00,13.108,warning,Interval exceeds the 5× normal-interval threshold of 10.080 seconds.
7232bc533c21ce408d45d473,93aafd38-c91e-42a7-b67f-90287b9dd6f7,large_gap,2026-08-10T14:55:57.554000+00:00,12.675,warning,Interval exceeds the 5× normal-interval threshold of 10.080 seconds.
7232bc533c21ce408d45d473,93aafd38-c91e-42a7-b67f-90287b9dd6f7,large_gap,2026-08-10T14:56:08.935000+00:00,11.381,warning,Interval exceeds the 5× normal-interval threshold of 10.080 seconds.
7232bc533c21ce408d45d473,93aafd38-c91e-42a7-b67f-90287b9dd6f7,large_gap,2026-08-10T14:56:22.746000+00:00,13.811,warning,Interval exceeds the 5× normal-interval threshold of 10.080 seconds.
7232bc533c21ce408d45d473,93aafd38-c91e-42a7-b67f-90287b9dd6f7,large_gap,2026-08-10T14:56:35.163000+00:00,12.417,warning,Interval exceeds the 5× normal-interval threshold of 10.080 seconds.
7232bc533c21ce408d45d473,93aafd38-c91e-42a7-b67f-90287b9dd6f7,large_gap,2026-08-10T14:56:47.758000+00:00,12.595,warning,Interval exceeds the 5× normal-interval threshold of 10.080 seconds.
7232bc533c21ce408d45d473,93aafd38-c91e-42a7-b67f-90287b9dd6f7,large_gap,2026-08-10T14:56:59.189000+00:00,11.431,warning,Interval exceeds the 5× normal-interval threshold of 10.080 seconds.
7232bc533c21ce408d45d473,93aafd38-c91e-42a7-b67f-90287b9dd6f7,large_gap,2026-08-10T14:57:13.616000+00:00,14.427,warning,Interval exceeds the 5× normal-interval threshold of 10.080 seconds.
7232bc533c21ce408d45d473,93aafd38-c91e-42a7-b67f-90287b9dd6f7,large_gap,2026-08-10T14:57:25.369000+00:00,11.753,warning,Interval exceeds the 5× normal-interval threshold of 10.080 seconds.
7232bc533c21ce408d45d473,93aafd38-c91e-42a7-b67f-90287b9dd6f7,large_gap,2026-08-10T14:57:37.924000+00:00,12.555,warning,Interval exceeds the 5× normal-interval threshold of 10.080 seconds.
7232bc533c21ce408d45d473,93aafd38-c91e-42a7-b67f-90287b9dd6f7,large_gap,2026-08-10T14:57:51.052000+00:00,13.128,warning,Interval exceeds the 5× normal-interval threshold of 10.080 seconds.
7232bc533c21ce408d45d473,93aafd38-c91e-42a7-b67f-90287b9dd6f7,large_gap,2026-08-10T14:58:03.557000+00:00,12.505,warning,Interval exceeds the 5× normal-interval threshold of 10.080 seconds.
7232bc533c21ce408d45d473,93aafd38-c91e-42a7-b67f-90287b9dd6f7,large_gap,2026-08-10T14:58:15.407000+00:00,11.85,warning,Interval exceeds the 5× normal-interval threshold of 10.080 seconds.
7232bc533c21ce408d45d473,93aafd38-c91e-42a7-b67f-90287b9dd6f7,large_gap,2026-08-10T14:58:28.525000+00:00,13.118,warning,Interval exceeds the 5× normal-interval threshold of 10.080 seconds.
7232bc533c21ce408d45d473,93aafd38-c91e-42a7-b67f-90287b9dd6f7,large_gap,2026-08-10T15:05:07.167000+00:00,12.859,warning,Interval exceeds the 5× normal-interval threshold of 10.080 seconds.
7232bc533c21ce408d45d473,93aafd38-c91e-42a7-b67f-90287b9dd6f7,large_gap,2026-08-10T15:05:17.481000+00:00,10.314,warning,Interval exceeds the 5× normal-interval threshold of 10.080 seconds.
7232bc533c21ce408d45d473,93aafd38-c91e-42a7-b67f-90287b9dd6f7,large_gap,2026-08-10T15:05:32.920000+00:00,12.302,warning,Interval exceeds the 5× normal-interval threshold of 10.080 seconds.
7232bc533c21ce408d45d473,93aafd38-c91e-42a7-b67f-90287b9dd6f7,large_gap,2026-08-10T15:05:44.945000+00:00,12.025,warning,Interval exceeds the 5× normal-interval threshold of 10.080 seconds.
7232bc533c21ce408d45d473,93aafd38-c91e-42a7-b67f-90287b9dd6f7,large_gap,2026-08-10T15:05:56.914000+00:00,11.969,warning,Interval exceeds the 5× normal-interval threshold of 10.080 seconds.
7232bc533c21ce408d45d473,93aafd38-c91e-42a7-b67f-90287b9dd6f7,large_gap,2026-08-10T15:06:07.692000+00:00,10.778,warning,Interval exceeds the 5× normal-interval threshold of 10.080 seconds.
7232bc533c21ce408d45d473,93aafd38-c91e-42a7-b67f-90287b9dd6f7,large_gap,2026-08-10T15:06:19.577000+00:00,11.885,warning,Interval exceeds the 5× normal-interval threshold of 10.080 seconds.
7232bc533c21ce408d45d473,93aafd38-c91e-42a7-b67f-90287b9dd6f7,large_gap,2026-08-10T15:06:42.832000+00:00,10.317,warning,Interval exceeds the 5× normal-interval threshold of 10.080 seconds.
7232bc533c21ce408d45d473,93aafd38-c91e-42a7-b67f-90287b9dd6f7,large_gap,2026-08-10T15:06:54.305000+00:00,11.473,warning,Interval exceeds the 5× normal-interval threshold of 10.080 seconds.
7232bc533c21ce408d45d473,93aafd38-c91e-42a7-b67f-90287b9dd6f7,large_gap,2026-08-10T15:07:06.499000+00:00,12.194,warning,Interval exceeds the 5× normal-interval threshold of 10.080 seconds.
7232bc533c21ce408d45d473,93aafd38-c91e-42a7-b67f-90287b9dd6f7,large_gap,2026-08-10T15:07:17.928000+00:00,11.429,warning,Interval exceeds the 5× normal-interval threshold of 10.080 seconds.
7232bc533c21ce408d45d473,93aafd38-c91e-42a7-b67f-90287b9dd6f7,large_gap,2026-08-10T15:07:31.206000+00:00,13.278,warning,Interval exceeds the 5× normal-interval threshold of 10.080 seconds.
7232bc533c21ce408d45d473,93aafd38-c91e-42a7-b67f-90287b9dd6f7,large_gap,2026-08-10T15:07:54.895000+00:00,10.42,warning,Interval exceeds the 5× normal-interval threshold of 10.080 seconds.
7232bc533c21ce408d45d473,93aafd38-c91e-42a7-b67f-90287b9dd6f7,large_gap,2026-08-10T15:08:05.266000+00:00,10.371,warning,Interval exceeds the 5× normal-interval threshold of 10.080 seconds.
7232bc533c21ce408d45d473,93aafd38-c91e-42a7-b67f-90287b9dd6f7,large_gap,2026-08-10T15:08:22.641000+00:00,14.351,warning,Interval exceeds the 5× normal-interval threshold of 10.080 seconds.
7232bc533c21ce408d45d473,93aafd38-c91e-42a7-b67f-90287b9dd6f7,large_gap,2026-08-10T15:08:33.068000+00:00,10.427,warning,Interval exceeds the 5× normal-interval threshold of 10.080 seconds.
7232bc533c21ce408d45d473,93aafd38-c91e-42a7-b67f-90287b9dd6f7,large_gap,2026-08-10T15:08:49.251000+00:00,12.774,warning,Interval exceeds the 5× normal-interval threshold of 10.080 seconds.
7232bc533c21ce408d45d473,93aafd38-c91e-42a7-b67f-90287b9dd6f7,large_gap,2026-08-10T15:09:03.144000+00:00,13.893,warning,Interval exceeds the 5× normal-interval threshold of 10.080 seconds.
7232bc533c21ce408d45d473,93aafd38-c91e-42a7-b67f-90287b9dd6f7,large_gap,2026-08-10T15:09:16.186000+00:00,13.042,warning,Interval exceeds the 5× normal-interval threshold of 10.080 seconds.
7232bc533c21ce408d45d473,93aafd38-c91e-42a7-b67f-90287b9dd6f7,large_gap,2026-08-10T15:14:01.449000+00:00,12.105,warning,Interval exceeds the 5× normal-interval threshold of 10.080 seconds.
7232bc533c21ce408d45d473,93aafd38-c91e-42a7-b67f-90287b9dd6f7,large_gap,2026-08-10T15:14:26.161000+00:00,11.842,warning,Interval exceeds the 5× normal-interval threshold of 10.080 seconds.
7232bc533c21ce408d45d473,93aafd38-c91e-42a7-b67f-90287b9dd6f7,large_gap,2026-08-10T15:14:38.112000+00:00,11.951,warning,Interval exceeds the 5× normal-interval threshold of 10.080 seconds.
7232bc533c21ce408d45d473,93aafd38-c91e-42a7-b67f-90287b9dd6f7,large_gap,2026-08-10T15:14:48.689000+00:00,10.577,warning,Interval exceeds the 5× normal-interval threshold of 10.080 seconds.
7232bc533c21ce408d45d473,93aafd38-c91e-42a7-b67f-90287b9dd6f7,large_gap,2026-08-10T15:14:59.018000+00:00,10.329,warning,Interval exceeds the 5× normal-interval threshold of 10.080 seconds.
7232bc533c21ce408d45d473,93aafd38-c91e-42a7-b67f-90287b9dd6f7,large_gap,2026-08-10T15:15:09.448000+00:00,10.43,warning,Interval exceeds the 5× normal-interval threshold of 10.080 seconds.
7232bc533c21ce408d45d473,93aafd38-c91e-42a7-b67f-90287b9dd6f7,large_gap,2026-08-10T15:15:22.964000+00:00,10.533,warning,Interval exceeds the 5× normal-interval threshold of 10.080 seconds.
7232bc533c21ce408d45d473,93aafd38-c91e-42a7-b67f-90287b9dd6f7,large_gap,2026-08-10T15:15:36.678000+00:00,10.37,warning,Interval exceeds the 5× normal-interval threshold of 10.080 seconds.
7232bc533c21ce408d45d473,93aafd38-c91e-42a7-b67f-90287b9dd6f7,large_gap,2026-08-10T15:15:51.856000+00:00,11.693,warning,Interval exceeds the 5× normal-interval threshold of 10.080 seconds.
7232bc533c21ce408d45d473,93aafd38-c91e-42a7-b67f-90287b9dd6f7,large_gap,2026-08-10T15:16:02.807000+00:00,10.951,warning,Interval exceeds the 5× normal-interval threshold of 10.080 seconds.
7232bc533c21ce408d45d473,93aafd38-c91e-42a7-b67f-90287b9dd6f7,large_gap,2026-08-10T15:16:17.402000+00:00,11.228,warning,Interval exceeds the 5× normal-interval threshold of 10.080 seconds.
7232bc533c21ce408d45d473,93aafd38-c91e-42a7-b67f-90287b9dd6f7,large_gap,2026-08-10T15:16:27.995000+00:00,10.593,warning,Interval exceeds the 5× normal-interval threshold of 10.080 seconds.
7232bc533c21ce408d45d473,93aafd38-c91e-42a7-b67f-90287b9dd6f7,large_gap,2026-08-10T15:16:38.524000+00:00,10.529,warning,Interval exceeds the 5× normal-interval threshold of 10.080 seconds.
7232bc533c21ce408d45d473,93aafd38-c91e-42a7-b67f-90287b9dd6f7,large_gap,2026-08-10T15:16:48.635000+00:00,10.111,warning,Interval exceeds the 5× normal-interval threshold of 10.080 seconds.
7232bc533c21ce408d45d473,93aafd38-c91e-42a7-b67f-90287b9dd6f7,large_gap,2026-08-10T15:17:03.201000+00:00,11.094,warning,Interval exceeds the 5× normal-interval threshold of 10.080 seconds.
7232bc533c21ce408d45d473,93aafd38-c91e-42a7-b67f-90287b9dd6f7,large_gap,2026-08-10T15:17:18.217000+00:00,12.243,warning,Interval exceeds the 5× normal-interval threshold of 10.080 seconds.
7232bc533c21ce408d45d473,93aafd38-c91e-42a7-b67f-90287b9dd6f7,large_gap,2026-08-10T15:17:30.617000+00:00,12.4,warning,Interval exceeds the 5× normal-interval threshold of 10.080 seconds.
7232bc533c21ce408d45d473,93aafd38-c91e-42a7-b67f-90287b9dd6f7,large_gap,2026-08-10T15:17:40.719000+00:00,10.102,warning,Interval exceeds the 5× normal-interval threshold of 10.080 seconds.
7232bc533c21ce408d45d473,93aafd38-c91e-42a7-b67f-90287b9dd6f7,large_gap,2026-08-10T15:17:50.824000+00:00,10.105,warning,Interval exceeds the 5× normal-interval threshold of 10.080 seconds.
7232bc533c21ce408d45d473,93aafd38-c91e-42a7-b67f-90287b9dd6f7,large_gap,2026-08-10T15:18:06.042000+00:00,11.343,warning,Interval exceeds the 5× normal-interval threshold of 10.080 seconds.
7232bc533c21ce408d45d473,93aafd38-c91e-42a7-b67f-90287b9dd6f7,large_gap,2026-08-10T15:18:18.066000+00:00,12.024,warning,Interval exceeds the 5× normal-interval threshold of 10.080 seconds.
7232bc533c21ce408d45d473,96f661cc-1233-4539-a814-c4c352953500,large_gap,2026-08-08T10:57:22.002000+00:00,15.474,warning,Interval exceeds the 5× normal-interval threshold of 10.080 seconds.
7232bc533c21ce408d45d473,96f661cc-1233-4539-a814-c4c352953500,large_gap,2026-08-08T10:57:45.398000+00:00,23.396,warning,Interval exceeds the 5× normal-interval threshold of 10.080 seconds.
7232bc533c21ce408d45d473,96f661cc-1233-4539-a814-c4c352953500,large_gap,2026-08-08T10:58:06.111000+00:00,20.713,warning,Interval exceeds the 5× normal-interval threshold of 10.080 seconds.
7232bc533c21ce408d45d473,96f661cc-1233-4539-a814-c4c352953500,large_gap,2026-08-08T10:58:21.301000+00:00,15.19,warning,Interval exceeds the 5× normal-interval threshold of 10.080 seconds.
7232bc533c21ce408d45d473,96f661cc-1233-4539-a814-c4c352953500,large_gap,2026-08-08T10:58:48.062000+00:00,26.761,warning,Interval exceeds the 5× normal-interval threshold of 10.080 seconds.
7232bc533c21ce408d45d473,96f661cc-1233-4539-a814-c4c352953500,large_gap,2026-08-08T10:59:13.616000+00:00,25.554,warning,Interval exceeds the 5× normal-interval threshold of 10.080 seconds.
7232bc533c21ce408d45d473,96f661cc-1233-4539-a814-c4c352953500,large_gap,2026-08-08T10:59:39.605000+00:00,25.989,warning,Interval exceeds the 5× normal-interval threshold of 10.080 seconds.
7232bc533c21ce408d45d473,96f661cc-1233-4539-a814-c4c352953500,large_gap,2026-08-08T11:00:07.788000+00:00,28.183,warning,Interval exceeds the 5× normal-interval threshold of 10.080 seconds.
7232bc533c21ce408d45d473,96f661cc-1233-4539-a814-c4c352953500,large_gap,2026-08-08T11:00:29.626000+00:00,21.838,warning,Interval exceeds the 5× normal-interval threshold of 10.080 seconds.
7232bc533c21ce408d45d473,96f661cc-1233-4539-a814-c4c352953500,large_gap,2026-08-08T11:00:48.812000+00:00,19.186,warning,Interval exceeds the 5× normal-interval threshold of 10.080 seconds.
7232bc533c21ce408d45d473,96f661cc-1233-4539-a814-c4c352953500,large_gap,2026-08-08T11:01:13.280000+00:00,24.468,warning,Interval exceeds the 5× normal-interval threshold of 10.080 seconds.
7232bc533c21ce408d45d473,96f661cc-1233-4539-a814-c4c352953500,large_gap,2026-08-08T11:01:41.056000+00:00,27.776,warning,Interval exceeds the 5× normal-interval threshold of 10.080 seconds.
7232bc533c21ce408d45d473,96f661cc-1233-4539-a814-c4c352953500,large_gap,2026-08-08T11:02:02.419000+00:00,21.363,warning,Interval exceeds the 5× normal-interval threshold of 10.080 seconds.
7232bc533c21ce408d45d473,96f661cc-1233-4539-a814-c4c352953500,large_gap,2026-08-08T11:10:11.354000+00:00,14.117,warning,Interval exceeds the 5× normal-interval threshold of 10.080 seconds.
7232bc533c21ce408d45d473,96f661cc-1233-4539-a814-c4c352953500,large_gap,2026-08-08T11:10:24.914000+00:00,13.56,warning,Interval exceeds the 5× normal-interval threshold of 10.080 seconds.
7232bc533c21ce408d45d473,96f661cc-1233-4539-a814-c4c352953500,large_gap,2026-08-08T11:10:38.790000+00:00,13.876,warning,Interval exceeds the 5× normal-interval threshold of 10.080 seconds.
7232bc533c21ce408d45d473,96f661cc-1233-4539-a814-c4c352953500,large_gap,2026-08-08T11:10:52.489000+00:00,13.699,warning,Interval exceeds the 5× normal-interval threshold of 10.080 seconds.
7232bc533c21ce408d45d473,96f661cc-1233-4539-a814-c4c352953500,large_gap,2026-08-08T11:11:07.645000+00:00,15.156,warning,Interval exceeds the 5× normal-interval threshold of 10.080 seconds.
7232bc533c21ce408d45d473,96f661cc-1233-4539-a814-c4c352953500,large_gap,2026-08-08T11:11:19.935000+00:00,12.29,warning,Interval exceeds the 5× normal-interval threshold of 10.080 seconds.
7232bc533c21ce408d45d473,96f661cc-1233-4539-a814-c4c352953500,large_gap,2026-08-08T11:11:34.248000+00:00,14.313,warning,Interval exceeds the 5× normal-interval threshold of 10.080 seconds.
7232bc533c21ce408d45d473,96f661cc-1233-4539-a814-c4c352953500,large_gap,2026-08-08T11:11:48.791000+00:00,14.543,warning,Interval exceeds the 5× normal-interval threshold of 10.080 seconds.
7232bc533c21ce408d45d473,96f661cc-1233-4539-a814-c4c352953500,large_gap,2026-08-08T11:12:02.970000+00:00,14.179,warning,Interval exceeds the 5× normal-interval threshold of 10.080 seconds.
7232bc533c21ce408d45d473,96f661cc-1233-4539-a814-c4c352953500,large_gap,2026-08-08T11:12:17.017000+00:00,14.047,warning,Interval exceeds the 5× normal-interval threshold of 10.080 seconds.
7232bc533c21ce408d45d473,96f661cc-1233-4539-a814-c4c352953500,large_gap,2026-08-08T11:12:30.874000+00:00,13.857,warning,Interval exceeds the 5× normal-interval threshold of 10.080 seconds.
7232bc533c21ce408d45d473,96f661cc-1233-4539-a814-c4c352953500,large_gap,2026-08-08T11:12:49.377000+00:00,18.503,warning,Interval exceeds the 5× normal-interval threshold of 10.080 seconds.
7232bc533c21ce408d45d473,96f661cc-1233-4539-a814-c4c352953500,large_gap,2026-08-08T11:13:03.542000+00:00,14.165,warning,Interval exceeds the 5× normal-interval threshold of 10.080 seconds.
7232bc533c21ce408d45d473,96f661cc-1233-4539-a814-c4c352953500,large_gap,2026-08-08T11:13:16.037000+00:00,12.495,warning,Interval exceeds the 5× normal-interval threshold of 10.080 seconds.
7232bc533c21ce408d45d473,96f661cc-1233-4539-a814-c4c352953500,large_gap,2026-08-08T11:13:30.017000+00:00,13.98,warning,Interval exceeds the 5× normal-interval threshold of 10.080 seconds.
7232bc533c21ce408d45d473,96f661cc-1233-4539-a814-c4c352953500,large_gap,2026-08-08T11:13:43.687000+00:00,13.67,warning,Interval exceeds the 5× normal-interval threshold of 10.080 seconds.
7232bc533c21ce408d45d473,96f661cc-1233-4539-a814-c4c352953500,large_gap,2026-08-08T11:13:56.767000+00:00,13.08,warning,Interval exceeds the 5× normal-interval threshold of 10.080 seconds.
7232bc533c21ce408d45d473,96f661cc-1233-4539-a814-c4c352953500,large_gap,2026-08-08T11:14:11.708000+00:00,14.941,warning,Interval exceeds the 5× normal-interval threshold of 10.080 seconds.
7232bc533c21ce408d45d473,96f661cc-1233-4539-a814-c4c352953500,large_gap,2026-08-08T11:14:25.509000+00:00,13.801,warning,Interval exceeds the 5× normal-interval threshold of 10.080 seconds.
7232bc533c21ce408d45d473,96f661cc-1233-4539-a814-c4c352953500,large_gap,2026-08-08T11:14:39.553000+00:00,14.044,warning,Interval exceeds the 5× normal-interval threshold of 10.080 seconds.
7232bc533c21ce408d45d473,96f661cc-1233-4539-a814-c4c352953500,large_gap,2026-08-08T11:14:53.703000+00:00,14.15,warning,Interval exceeds the 5× normal-interval threshold of 10.080 seconds.
7232bc533c21ce408d45d473,96f661cc-1233-4539-a814-c4c352953500,large_gap,2026-08-08T11:20:16.548000+00:00,12.547,warning,Interval exceeds the 5× normal-interval threshold of 10.080 seconds.
7232bc533c21ce408d45d473,96f661cc-1233-4539-a814-c4c352953500,large_gap,2026-08-08T11:20:31.700000+00:00,15.152,warning,Interval exceeds the 5× normal-interval threshold of 10.080 seconds.
7232bc533c21ce408d45d473,96f661cc-1233-4539-a814-c4c352953500,large_gap,2026-08-08T11:20:43.554000+00:00,11.854,warning,Interval exceeds the 5× normal-interval threshold of 10.080 seconds.
7232bc533c21ce408d45d473,96f661cc-1233-4539-a814-c4c352953500,large_gap,2026-08-08T11:20:54.989000+00:00,11.435,warning,Interval exceeds the 5× normal-interval threshold of 10.080 seconds.
7232bc533c21ce408d45d473,96f661cc-1233-4539-a814-c4c352953500,large_gap,2026-08-08T11:21:08.414000+00:00,13.425,warning,Interval exceeds the 5× normal-interval threshold of 10.080 seconds.
7232bc533c21ce408d45d473,96f661cc-1233-4539-a814-c4c352953500,large_gap,2026-08-08T11:21:22.731000+00:00,14.317,warning,Interval exceeds the 5× normal-interval threshold of 10.080 seconds.
7232bc533c21ce408d45d473,96f661cc-1233-4539-a814-c4c352953500,large_gap,2026-08-08T11:21:37.082000+00:00,14.351,warning,Interval exceeds the 5× normal-interval threshold of 10.080 seconds.
7232bc533c21ce408d45d473,96f661cc-1233-4539-a814-c4c352953500,large_gap,2026-08-08T11:21:50.504000+00:00,13.422,warning,Interval exceeds the 5× normal-interval threshold of 10.080 seconds.
7232bc533c21ce408d45d473,96f661cc-1233-4539-a814-c4c352953500,large_gap,2026-08-08T11:22:04.615000+00:00,14.111,warning,Interval exceeds the 5× normal-interval threshold of 10.080 seconds.
7232bc533c21ce408d45d473,96f661cc-1233-4539-a814-c4c352953500,large_gap,2026-08-08T11:22:18.391000+00:00,13.776,warning,Interval exceeds the 5× normal-interval threshold of 10.080 seconds.
7232bc533c21ce408d45d473,96f661cc-1233-4539-a814-c4c352953500,large_gap,2026-08-08T11:22:33.367000+00:00,14.976,warning,Interval exceeds the 5× normal-interval threshold of 10.080 seconds.
7232bc533c21ce408d45d473,96f661cc-1233-4539-a814-c4c352953500,large_gap,2026-08-08T11:22:49.253000+00:00,15.886,warning,Interval exceeds the 5× normal-interval threshold of 10.080 seconds.
7232bc533c21ce408d45d473,96f661cc-1233-4539-a814-c4c352953500,large_gap,2026-08-08T11:23:04.997000+00:00,15.744,warning,Interval exceeds the 5× normal-interval threshold of 10.080 seconds.
7232bc533c21ce408d45d473,96f661cc-1233-4539-a814-c4c352953500,large_gap,2026-08-08T11:23:18.577000+00:00,13.58,warning,Interval exceeds the 5× normal-interval threshold of 10.080 seconds.
7232bc533c21ce408d45d473,96f661cc-1233-4539-a814-c4c352953500,large_gap,2026-08-08T11:23:33.915000+00:00,15.338,warning,Interval exceeds the 5× normal-interval threshold of 10.080 seconds.
7232bc533c21ce408d45d473,96f661cc-1233-4539-a814-c4c352953500,large_gap,2026-08-08T11:23:46.658000+00:00,12.743,warning,Interval exceeds the 5× normal-interval threshold of 10.080 seconds.
7232bc533c21ce408d45d473,96f661cc-1233-4539-a814-c4c352953500,large_gap,2026-08-08T11:24:01.763000+00:00,15.105,warning,Interval exceeds the 5× normal-interval threshold of 10.080 seconds.
7232bc533c21ce408d45d473,96f661cc-1233-4539-a814-c4c352953500,large_gap,2026-08-08T11:24:15.552000+00:00,13.789,warning,Interval exceeds the 5× normal-interval threshold of 10.080 seconds.
7232bc533c21ce408d45d473,96f661cc-1233-4539-a814-c4c352953500,large_gap,2026-08-08T11:24:29.334000+00:00,13.782,warning,Interval exceeds the 5× normal-interval threshold of 10.080 seconds.
7232bc533c21ce408d45d473,96f661cc-1233-4539-a814-c4c352953500,large_gap,2026-08-08T11:24:44.547000+00:00,15.213,warning,Interval exceeds the 5× normal-interval threshold of 10.080 seconds.
7232bc533c21ce408d45d473,96f661cc-1233-4539-a814-c4c352953500,large_gap,2026-08-08T11:24:59.560000+00:00,15.013,warning,Interval exceeds the 5× normal-interval threshold of 10.080 seconds.
7232bc533c21ce408d45d473,adc86181-d9a4-4cf6-a8be-4be144db7799,large_gap,2026-08-11T23:26:53.591000+00:00,10807.25,warning,Interval exceeds the 5× normal-interval threshold of 10.080 seconds.
7232bc533c21ce408d45d473,adc86181-d9a4-4cf6-a8be-4be144db7799,large_gap,2026-08-12T20:20:10.459000+00:00,75196.868,warning,Interval exceeds the 5× normal-interval threshold of 10.080 seconds.
7232bc533c21ce408d45d473,b1dd3935-56dd-4497-a77e-67128988e2c9,large_gap,2026-08-09T15:56:05.978000+00:00,10.728,warning,Interval exceeds the 5× normal-interval threshold of 10.080 seconds.
7232bc533c21ce408d45d473,b1dd3935-56dd-4497-a77e-67128988e2c9,large_gap,2026-08-09T15:56:18.010000+00:00,12.032,warning,Interval exceeds the 5× normal-interval threshold of 10.080 seconds.
7232bc533c21ce408d45d473,b1dd3935-56dd-4497-a77e-67128988e2c9,large_gap,2026-08-09T15:56:28.428000+00:00,10.418,warning,Interval exceeds the 5× normal-interval threshold of 10.080 seconds.
7232bc533c21ce408d45d473,b1dd3935-56dd-4497-a77e-67128988e2c9,large_gap,2026-08-09T15:56:41.142000+00:00,12.714,warning,Interval exceeds the 5× normal-interval threshold of 10.080 seconds.
7232bc533c21ce408d45d473,b1dd3935-56dd-4497-a77e-67128988e2c9,large_gap,2026-08-09T15:56:54.221000+00:00,13.079,warning,Interval exceeds the 5× normal-interval threshold of 10.080 seconds.
7232bc533c21ce408d45d473,b1dd3935-56dd-4497-a77e-67128988e2c9,large_gap,2026-08-09T15:57:08.161000+00:00,13.94,warning,Interval exceeds the 5× normal-interval threshold of 10.080 seconds.
7232bc533c21ce408d45d473,b1dd3935-56dd-4497-a77e-67128988e2c9,large_gap,2026-08-09T15:57:21.546000+00:00,13.385,warning,Interval exceeds the 5× normal-interval threshold of 10.080 seconds.
7232bc533c21ce408d45d473,b1dd3935-56dd-4497-a77e-67128988e2c9,large_gap,2026-08-09T15:57:33.770000+00:00,12.224,warning,Interval exceeds the 5× normal-interval threshold of 10.080 seconds.
7232bc533c21ce408d45d473,b1dd3935-56dd-4497-a77e-67128988e2c9,large_gap,2026-08-09T15:57:45.631000+00:00,11.861,warning,Interval exceeds the 5× normal-interval threshold of 10.080 seconds.
7232bc533c21ce408d45d473,b1dd3935-56dd-4497-a77e-67128988e2c9,large_gap,2026-08-09T15:57:56.443000+00:00,10.812,warning,Interval exceeds the 5× normal-interval threshold of 10.080 seconds.
7232bc533c21ce408d45d473,b1dd3935-56dd-4497-a77e-67128988e2c9,large_gap,2026-08-09T15:58:07.952000+00:00,11.509,warning,Interval exceeds the 5× normal-interval threshold of 10.080 seconds.
7232bc533c21ce408d45d473,b1dd3935-56dd-4497-a77e-67128988e2c9,large_gap,2026-08-09T15:58:20.132000+00:00,12.18,warning,Interval exceeds the 5× normal-interval threshold of 10.080 seconds.
7232bc533c21ce408d45d473,b1dd3935-56dd-4497-a77e-67128988e2c9,large_gap,2026-08-09T15:58:32.251000+00:00,12.119,warning,Interval exceeds the 5× normal-interval threshold of 10.080 seconds.
7232bc533c21ce408d45d473,b1dd3935-56dd-4497-a77e-67128988e2c9,large_gap,2026-08-09T15:58:47.014000+00:00,14.763,warning,Interval exceeds the 5× normal-interval threshold of 10.080 seconds.
7232bc533c21ce408d45d473,b1dd3935-56dd-4497-a77e-67128988e2c9,large_gap,2026-08-09T15:58:59.073000+00:00,12.059,warning,Interval exceeds the 5× normal-interval threshold of 10.080 seconds.
7232bc533c21ce408d45d473,b1dd3935-56dd-4497-a77e-67128988e2c9,large_gap,2026-08-09T15:59:10.201000+00:00,11.128,warning,Interval exceeds the 5× normal-interval threshold of 10.080 seconds.
7232bc533c21ce408d45d473,b1dd3935-56dd-4497-a77e-67128988e2c9,large_gap,2026-08-09T15:59:22.013000+00:00,11.812,warning,Interval exceeds the 5× normal-interval threshold of 10.080 seconds.
7232bc533c21ce408d45d473,b1dd3935-56dd-4497-a77e-67128988e2c9,large_gap,2026-08-09T15:59:32.940000+00:00,10.927,warning,Interval exceeds the 5× normal-interval threshold of 10.080 seconds.
7232bc533c21ce408d45d473,b1dd3935-56dd-4497-a77e-67128988e2c9,large_gap,2026-08-09T15:59:45.296000+00:00,12.356,warning,Interval exceeds the 5× normal-interval threshold of 10.080 seconds.
7232bc533c21ce408d45d473,b1dd3935-56dd-4497-a77e-67128988e2c9,large_gap,2026-08-09T15:59:58.689000+00:00,13.393,warning,Interval exceeds the 5× normal-interval threshold of 10.080 seconds.
7232bc533c21ce408d45d473,b1dd3935-56dd-4497-a77e-67128988e2c9,large_gap,2026-08-09T16:00:14.677000+00:00,15.988,warning,Interval exceeds the 5× normal-interval threshold of 10.080 seconds.
7232bc533c21ce408d45d473,b1dd3935-56dd-4497-a77e-67128988e2c9,large_gap,2026-08-09T16:00:28.303000+00:00,13.626,warning,Interval exceeds the 5× normal-interval threshold of 10.080 seconds.
7232bc533c21ce408d45d473,b1dd3935-56dd-4497-a77e-67128988e2c9,large_gap,2026-08-09T16:00:41.592000+00:00,13.289,warning,Interval exceeds the 5× normal-interval threshold of 10.080 seconds.
7232bc533c21ce408d45d473,b1dd3935-56dd-4497-a77e-67128988e2c9,large_gap,2026-08-09T16:00:53.407000+00:00,11.815,warning,Interval exceeds the 5× normal-interval threshold of 10.080 seconds.
7232bc533c21ce408d45d473,d88b15dd-1915-43ca-90ef-69f31ff4d9c1,large_gap,2026-07-28T10:40:53.862000+00:00,11.367,warning,Interval exceeds the 5× normal-interval threshold of 10.080 seconds.
7232bc533c21ce408d45d473,d88b15dd-1915-43ca-90ef-69f31ff4d9c1,large_gap,2026-07-28T10:41:07.445000+00:00,10.219,warning,Interval exceeds the 5× normal-interval threshold of 10.080 seconds.
7232bc533c21ce408d45d473,d88b15dd-1915-43ca-90ef-69f31ff4d9c1,large_gap,2026-07-28T10:51:07.818000+00:00,10.361,warning,Interval exceeds the 5× normal-interval threshold of 10.080 seconds.
7232bc533c21ce408d45d473,d88b15dd-1915-43ca-90ef-69f31ff4d9c1,large_gap,2026-07-28T10:51:22.201000+00:00,12.858,warning,Interval exceeds the 5× normal-interval threshold of 10.080 seconds.
7232bc533c21ce408d45d473,d88b15dd-1915-43ca-90ef-69f31ff4d9c1,large_gap,2026-07-28T10:56:45.655000+00:00,14.154,warning,Interval exceeds the 5× normal-interval threshold of 10.080 seconds.
7232bc533c21ce408d45d473,d88b15dd-1915-43ca-90ef-69f31ff4d9c1,large_gap,2026-07-28T11:09:21.149000+00:00,12.821,warning,Interval exceeds the 5× normal-interval threshold of 10.080 seconds.
7232bc533c21ce408d45d473,d88b15dd-1915-43ca-90ef-69f31ff4d9c1,large_gap,2026-07-28T11:09:33.248000+00:00,12.099,warning,Interval exceeds the 5× normal-interval threshold of 10.080 seconds.
7232bc533c21ce408d45d473,d88b15dd-1915-43ca-90ef-69f31ff4d9c1,large_gap,2026-07-28T11:09:45.276000+00:00,12.028,warning,Interval exceeds the 5× normal-interval threshold of 10.080 seconds.
7232bc533c21ce408d45d473,d88b15dd-1915-43ca-90ef-69f31ff4d9c1,large_gap,2026-07-28T11:09:57.470000+00:00,12.194,warning,Interval exceeds the 5× normal-interval threshold of 10.080 seconds.
7232bc533c21ce408d45d473,d88b15dd-1915-43ca-90ef-69f31ff4d9c1,large_gap,2026-07-28T11:10:09.454000+00:00,11.984,warning,Interval exceeds the 5× normal-interval threshold of 10.080 seconds.
7232bc533c21ce408d45d473,d88b15dd-1915-43ca-90ef-69f31ff4d9c1,large_gap,2026-07-28T11:10:20.880000+00:00,11.426,warning,Interval exceeds the 5× normal-interval threshold of 10.080 seconds.
7232bc533c21ce408d45d473,d88b15dd-1915-43ca-90ef-69f31ff4d9c1,large_gap,2026-07-28T11:10:32.927000+00:00,12.047,warning,Interval exceeds the 5× normal-interval threshold of 10.080 seconds.
7232bc533c21ce408d45d473,d88b15dd-1915-43ca-90ef-69f31ff4d9c1,large_gap,2026-07-28T11:10:45.718000+00:00,12.791,warning,Interval exceeds the 5× normal-interval threshold of 10.080 seconds.
7232bc533c21ce408d45d473,d88b15dd-1915-43ca-90ef-69f31ff4d9c1,large_gap,2026-07-28T11:10:57.027000+00:00,11.309,warning,Interval exceeds the 5× normal-interval threshold of 10.080 seconds.
7232bc533c21ce408d45d473,d88b15dd-1915-43ca-90ef-69f31ff4d9c1,large_gap,2026-07-28T11:21:16.217000+00:00,11.228,warning,Interval exceeds the 5× normal-interval threshold of 10.080 seconds.
7232bc533c21ce408d45d473,d88b15dd-1915-43ca-90ef-69f31ff4d9c1,large_gap,2026-07-28T11:21:30.140000+00:00,13.923,warning,Interval exceeds the 5× normal-interval threshold of 10.080 seconds.
7232bc533c21ce408d45d473,d88b15dd-1915-43ca-90ef-69f31ff4d9c1,large_gap,2026-07-28T11:21:43.083000+00:00,12.943,warning,Interval exceeds the 5× normal-interval threshold of 10.080 seconds.
7232bc533c21ce408d45d473,d88b15dd-1915-43ca-90ef-69f31ff4d9c1,large_gap,2026-07-28T11:21:54.179000+00:00,11.096,warning,Interval exceeds the 5× normal-interval threshold of 10.080 seconds.
7232bc533c21ce408d45d473,d88b15dd-1915-43ca-90ef-69f31ff4d9c1,large_gap,2026-07-28T11:26:17.585000+00:00,19.579,warning,Interval exceeds the 5× normal-interval threshold of 10.080 seconds.
7232bc533c21ce408d45d473,d88b15dd-1915-43ca-90ef-69f31ff4d9c1,large_gap,2026-07-28T11:26:31.953000+00:00,14.368,warning,Interval exceeds the 5× normal-interval threshold of 10.080 seconds.
7232bc533c21ce408d45d473,d88b15dd-1915-43ca-90ef-69f31ff4d9c1,large_gap,2026-07-28T11:26:46.317000+00:00,14.364,warning,Interval exceeds the 5× normal-interval threshold of 10.080 seconds.
7232bc533c21ce408d45d473,d88b15dd-1915-43ca-90ef-69f31ff4d9c1,large_gap,2026-07-28T11:27:02.845000+00:00,16.528,warning,Interval exceeds the 5× normal-interval threshold of 10.080 seconds.
7232bc533c21ce408d45d473,d88b15dd-1915-43ca-90ef-69f31ff4d9c1,large_gap,2026-07-28T11:27:20.920000+00:00,18.075,warning,Interval exceeds the 5× normal-interval threshold of 10.080 seconds.
7232bc533c21ce408d45d473,d88b15dd-1915-43ca-90ef-69f31ff4d9c1,large_gap,2026-07-28T11:27:35.287000+00:00,14.367,warning,Interval exceeds the 5× normal-interval threshold of 10.080 seconds.
7232bc533c21ce408d45d473,d88b15dd-1915-43ca-90ef-69f31ff4d9c1,large_gap,2026-07-28T11:27:46.411000+00:00,11.124,warning,Interval exceeds the 5× normal-interval threshold of 10.080 seconds.
7232bc533c21ce408d45d473,d88b15dd-1915-43ca-90ef-69f31ff4d9c1,large_gap,2026-07-28T11:35:25.553000+00:00,11.119,warning,Interval exceeds the 5× normal-interval threshold of 10.080 seconds.
7232bc533c21ce408d45d473,d88b15dd-1915-43ca-90ef-69f31ff4d9c1,large_gap,2026-07-28T11:37:51.213000+00:00,12.303,warning,Interval exceeds the 5× normal-interval threshold of 10.080 seconds.
7232bc533c21ce408d45d473,d88b15dd-1915-43ca-90ef-69f31ff4d9c1,large_gap,2026-07-28T11:38:02.738000+00:00,11.525,warning,Interval exceeds the 5× normal-interval threshold of 10.080 seconds.
7232bc533c21ce408d45d473,d88b15dd-1915-43ca-90ef-69f31ff4d9c1,large_gap,2026-07-28T11:44:07.098000+00:00,10.236,warning,Interval exceeds the 5× normal-interval threshold of 10.080 seconds.
7232bc533c21ce408d45d473,d88b15dd-1915-43ca-90ef-69f31ff4d9c1,large_gap,2026-07-28T11:58:31.449000+00:00,11.224,warning,Interval exceeds the 5× normal-interval threshold of 10.080 seconds.
7232bc533c21ce408d45d473,d88b15dd-1915-43ca-90ef-69f31ff4d9c1,large_gap,2026-07-28T12:10:53.034000+00:00,653.195,warning,Interval exceeds the 5× normal-interval threshold of 10.080 seconds.
7232bc533c21ce408d45d473,d88b15dd-1915-43ca-90ef-69f31ff4d9c1,large_gap,2026-07-28T12:22:28.066000+00:00,13.085,warning,Interval exceeds the 5× normal-interval threshold of 10.080 seconds.
7232bc533c21ce408d45d473,d88b15dd-1915-43ca-90ef-69f31ff4d9c1,large_gap,2026-07-28T12:22:42.048000+00:00,13.982,warning,Interval exceeds the 5× normal-interval threshold of 10.080 seconds.
7232bc533c21ce408d45d473,d88b15dd-1915-43ca-90ef-69f31ff4d9c1,large_gap,2026-07-28T12:22:56.551000+00:00,14.503,warning,Interval exceeds the 5× normal-interval threshold of 10.080 seconds.
7232bc533c21ce408d45d473,d88b15dd-1915-43ca-90ef-69f31ff4d9c1,large_gap,2026-07-28T12:23:09.536000+00:00,12.985,warning,Interval exceeds the 5× normal-interval threshold of 10.080 seconds.
7232bc533c21ce408d45d473,d88b15dd-1915-43ca-90ef-69f31ff4d9c1,large_gap,2026-07-28T12:23:21.422000+00:00,11.886,warning,Interval exceeds the 5× normal-interval threshold of 10.080 seconds.
7232bc533c21ce408d45d473,d88b15dd-1915-43ca-90ef-69f31ff4d9c1,large_gap,2026-07-28T12:23:33.575000+00:00,12.153,warning,Interval exceeds the 5× normal-interval threshold of 10.080 seconds.
7232bc533c21ce408d45d473,d88b15dd-1915-43ca-90ef-69f31ff4d9c1,large_gap,2026-07-28T12:23:45.490000+00:00,11.915,warning,Interval exceeds the 5× normal-interval threshold of 10.080 seconds.
7232bc533c21ce408d45d473,d88b15dd-1915-43ca-90ef-69f31ff4d9c1,large_gap,2026-07-28T12:23:57.428000+00:00,11.938,warning,Interval exceeds the 5× normal-interval threshold of 10.080 seconds.
7232bc533c21ce408d45d473,d88b15dd-1915-43ca-90ef-69f31ff4d9c1,large_gap,2026-07-28T12:24:09.269000+00:00,11.841,warning,Interval exceeds the 5× normal-interval threshold of 10.080 seconds.
7232bc533c21ce408d45d473,d88b15dd-1915-43ca-90ef-69f31ff4d9c1,large_gap,2026-07-28T12:24:21.482000+00:00,12.213,warning,Interval exceeds the 5× normal-interval threshold of 10.080 seconds.
7232bc533c21ce408d45d473,d88b15dd-1915-43ca-90ef-69f31ff4d9c1,large_gap,2026-07-28T12:24:33.576000+00:00,12.094,warning,Interval exceeds the 5× normal-interval threshold of 10.080 seconds.
7232bc533c21ce408d45d473,d88b15dd-1915-43ca-90ef-69f31ff4d9c1,large_gap,2026-07-28T12:24:45.271000+00:00,11.695,warning,Interval exceeds the 5× normal-interval threshold of 10.080 seconds.
7232bc533c21ce408d45d473,d88b15dd-1915-43ca-90ef-69f31ff4d9c1,large_gap,2026-07-28T12:24:57.209000+00:00,11.938,warning,Interval exceeds the 5× normal-interval threshold of 10.080 seconds.
7232bc533c21ce408d45d473,d88b15dd-1915-43ca-90ef-69f31ff4d9c1,large_gap,2026-07-28T12:25:08.397000+00:00,11.188,warning,Interval exceeds the 5× normal-interval threshold of 10.080 seconds.
7232bc533c21ce408d45d473,d88b15dd-1915-43ca-90ef-69f31ff4d9c1,large_gap,2026-07-28T12:51:35.293000+00:00,1092.796,warning,Interval exceeds the 5× normal-interval threshold of 10.080 seconds.
7232bc533c21ce408d45d473,d88b15dd-1915-43ca-90ef-69f31ff4d9c1,large_gap,2026-07-28T12:51:57.943000+00:00,10.631,warning,Interval exceeds the 5× normal-interval threshold of 10.080 seconds.
7232bc533c21ce408d45d473,d88b15dd-1915-43ca-90ef-69f31ff4d9c1,large_gap,2026-07-28T12:52:09.376000+00:00,11.433,warning,Interval exceeds the 5× normal-interval threshold of 10.080 seconds.
7232bc533c21ce408d45d473,d88b15dd-1915-43ca-90ef-69f31ff4d9c1,large_gap,2026-07-28T12:52:19.515000+00:00,10.139,warning,Interval exceeds the 5× normal-interval threshold of 10.080 seconds.
7232bc533c21ce408d45d473,d88b15dd-1915-43ca-90ef-69f31ff4d9c1,large_gap,2026-07-28T12:52:31.309000+00:00,10.151,warning,Interval exceeds the 5× normal-interval threshold of 10.080 seconds.
7232bc533c21ce408d45d473,d88b15dd-1915-43ca-90ef-69f31ff4d9c1,large_gap,2026-07-28T12:52:51.416000+00:00,10.173,warning,Interval exceeds the 5× normal-interval threshold of 10.080 seconds.
7232bc533c21ce408d45d473,d88b15dd-1915-43ca-90ef-69f31ff4d9c1,large_gap,2026-07-28T12:53:03.564000+00:00,10.398,warning,Interval exceeds the 5× normal-interval threshold of 10.080 seconds.
7232bc533c21ce408d45d473,d88b15dd-1915-43ca-90ef-69f31ff4d9c1,large_gap,2026-07-28T12:53:15.346000+00:00,10.135,warning,Interval exceeds the 5× normal-interval threshold of 10.080 seconds.
7232bc533c21ce408d45d473,d88b15dd-1915-43ca-90ef-69f31ff4d9c1,large_gap,2026-07-28T12:53:35.436000+00:00,10.363,warning,Interval exceeds the 5× normal-interval threshold of 10.080 seconds.
7232bc533c21ce408d45d473,d88b15dd-1915-43ca-90ef-69f31ff4d9c1,large_gap,2026-07-28T13:01:07.489000+00:00,10.208,warning,Interval exceeds the 5× normal-interval threshold of 10.080 seconds.
7232bc533c21ce408d45d473,d88b15dd-1915-43ca-90ef-69f31ff4d9c1,large_gap,2026-07-28T13:01:19.624000+00:00,10.411,warning,Interval exceeds the 5× normal-interval threshold of 10.080 seconds.
7232bc533c21ce408d45d473,d88b15dd-1915-43ca-90ef-69f31ff4d9c1,large_gap,2026-07-28T13:01:53.426000+00:00,10.248,warning,Interval exceeds the 5× normal-interval threshold of 10.080 seconds.
7232bc533c21ce408d45d473,d88b15dd-1915-43ca-90ef-69f31ff4d9c1,large_gap,2026-07-28T13:02:03.528000+00:00,10.102,warning,Interval exceeds the 5× normal-interval threshold of 10.080 seconds.
7232bc533c21ce408d45d473,d88b15dd-1915-43ca-90ef-69f31ff4d9c1,large_gap,2026-07-28T13:02:27.393000+00:00,10.181,warning,Interval exceeds the 5× normal-interval threshold of 10.080 seconds.
7232bc533c21ce408d45d473,d88b15dd-1915-43ca-90ef-69f31ff4d9c1,large_gap,2026-07-28T13:03:01.419000+00:00,10.309,warning,Interval exceeds the 5× normal-interval threshold of 10.080 seconds.
7232bc533c21ce408d45d473,d88b15dd-1915-43ca-90ef-69f31ff4d9c1,large_gap,2026-07-28T13:03:21.457000+00:00,10.506,warning,Interval exceeds the 5× normal-interval threshold of 10.080 seconds.
7232bc533c21ce408d45d473,ec61755d-b5be-42ac-875d-3123e92add7a,large_gap,2026-07-28T15:17:48.093000+00:00,10.182,warning,Interval exceeds the 5× normal-interval threshold of 10.080 seconds.
7232bc533c21ce408d45d473,ec61755d-b5be-42ac-875d-3123e92add7a,large_gap,2026-07-28T15:18:01.387000+00:00,10.427,warning,Interval exceeds the 5× normal-interval threshold of 10.080 seconds.
7232bc533c21ce408d45d473,ec61755d-b5be-42ac-875d-3123e92add7a,large_gap,2026-07-28T15:20:56.833000+00:00,10.111,warning,Interval exceeds the 5× normal-interval threshold of 10.080 seconds.
7232bc533c21ce408d45d473,ec61755d-b5be-42ac-875d-3123e92add7a,large_gap,2026-07-28T15:21:38.122000+00:00,10.365,warning,Interval exceeds the 5× normal-interval threshold of 10.080 seconds.
7232bc533c21ce408d45d473,ec61755d-b5be-42ac-875d-3123e92add7a,large_gap,2026-07-28T15:21:49.070000+00:00,10.948,warning,Interval exceeds the 5× normal-interval threshold of 10.080 seconds.
7232bc533c21ce408d45d473,ec61755d-b5be-42ac-875d-3123e92add7a,large_gap,2026-07-28T15:22:01.014000+00:00,10.089,warning,Interval exceeds the 5× normal-interval threshold of 10.080 seconds.
7232bc533c21ce408d45d473,ec61755d-b5be-42ac-875d-3123e92add7a,large_gap,2026-07-28T15:25:18.800000+00:00,12.338,warning,Interval exceeds the 5× normal-interval threshold of 10.080 seconds.
7232bc533c21ce408d45d473,ec61755d-b5be-42ac-875d-3123e92add7a,large_gap,2026-07-28T15:25:31.653000+00:00,12.853,warning,Interval exceeds the 5× normal-interval threshold of 10.080 seconds.
7232bc533c21ce408d45d473,ec61755d-b5be-42ac-875d-3123e92add7a,large_gap,2026-07-28T15:25:43.065000+00:00,11.412,warning,Interval exceeds the 5× normal-interval threshold of 10.080 seconds.
7232bc533c21ce408d45d473,ec61755d-b5be-42ac-875d-3123e92add7a,large_gap,2026-07-28T15:25:55.207000+00:00,12.142,warning,Interval exceeds the 5× normal-interval threshold of 10.080 seconds.
7232bc533c21ce408d45d473,ec61755d-b5be-42ac-875d-3123e92add7a,large_gap,2026-07-28T15:26:07.151000+00:00,11.944,warning,Interval exceeds the 5× normal-interval threshold of 10.080 seconds.
7232bc533c21ce408d45d473,ec61755d-b5be-42ac-875d-3123e92add7a,large_gap,2026-07-28T15:26:20.885000+00:00,13.734,warning,Interval exceeds the 5× normal-interval threshold of 10.080 seconds.
7232bc533c21ce408d45d473,ec61755d-b5be-42ac-875d-3123e92add7a,large_gap,2026-07-28T15:26:33.292000+00:00,12.407,warning,Interval exceeds the 5× normal-interval threshold of 10.080 seconds.
7232bc533c21ce408d45d473,ec61755d-b5be-42ac-875d-3123e92add7a,large_gap,2026-07-28T15:26:45.041000+00:00,11.749,warning,Interval exceeds the 5× normal-interval threshold of 10.080 seconds.
7232bc533c21ce408d45d473,ec61755d-b5be-42ac-875d-3123e92add7a,large_gap,2026-07-28T15:26:56.811000+00:00,11.77,warning,Interval exceeds the 5× normal-interval threshold of 10.080 seconds.
7232bc533c21ce408d45d473,ec61755d-b5be-42ac-875d-3123e92add7a,large_gap,2026-07-28T15:27:09.099000+00:00,12.288,warning,Interval exceeds the 5× normal-interval threshold of 10.080 seconds.
7232bc533c21ce408d45d473,ec61755d-b5be-42ac-875d-3123e92add7a,large_gap,2026-07-28T15:27:20.781000+00:00,11.682,warning,Interval exceeds the 5× normal-interval threshold of 10.080 seconds.
7232bc533c21ce408d45d473,ec61755d-b5be-42ac-875d-3123e92add7a,large_gap,2026-07-28T15:27:32.096000+00:00,11.315,warning,Interval exceeds the 5× normal-interval threshold of 10.080 seconds.
7232bc533c21ce408d45d473,ec61755d-b5be-42ac-875d-3123e92add7a,large_gap,2026-07-28T15:27:43.062000+00:00,10.966,warning,Interval exceeds the 5× normal-interval threshold of 10.080 seconds.
7232bc533c21ce408d45d473,ec61755d-b5be-42ac-875d-3123e92add7a,large_gap,2026-07-28T15:31:25.333000+00:00,10.496,warning,Interval exceeds the 5× normal-interval threshold of 10.080 seconds.
7232bc533c21ce408d45d473,ec61755d-b5be-42ac-875d-3123e92add7a,large_gap,2026-07-28T15:31:35.473000+00:00,10.14,warning,Interval exceeds the 5× normal-interval threshold of 10.080 seconds.
7232bc533c21ce408d45d473,ec61755d-b5be-42ac-875d-3123e92add7a,large_gap,2026-07-28T15:31:45.647000+00:00,10.174,warning,Interval exceeds the 5× normal-interval threshold of 10.080 seconds.
7232bc533c21ce408d45d473,ec61755d-b5be-42ac-875d-3123e92add7a,large_gap,2026-07-28T15:32:16.851000+00:00,10.565,warning,Interval exceeds the 5× normal-interval threshold of 10.080 seconds.
7232bc533c21ce408d45d473,ec61755d-b5be-42ac-875d-3123e92add7a,large_gap,2026-07-28T15:32:38.171000+00:00,10.16,warning,Interval exceeds the 5× normal-interval threshold of 10.080 seconds.
7232bc533c21ce408d45d473,ec61755d-b5be-42ac-875d-3123e92add7a,large_gap,2026-07-28T15:36:41.786000+00:00,13.189,warning,Interval exceeds the 5× normal-interval threshold of 10.080 seconds.
7232bc533c21ce408d45d473,ec61755d-b5be-42ac-875d-3123e92add7a,large_gap,2026-07-28T15:36:55.571000+00:00,13.785,warning,Interval exceeds the 5× normal-interval threshold of 10.080 seconds.
7232bc533c21ce408d45d473,ec61755d-b5be-42ac-875d-3123e92add7a,large_gap,2026-07-28T15:37:07.180000+00:00,11.609,warning,Interval exceeds the 5× normal-interval threshold of 10.080 seconds.
7232bc533c21ce408d45d473,ec61755d-b5be-42ac-875d-3123e92add7a,large_gap,2026-07-28T15:37:19.222000+00:00,12.042,warning,Interval exceeds the 5× normal-interval threshold of 10.080 seconds.
7232bc533c21ce408d45d473,ec61755d-b5be-42ac-875d-3123e92add7a,large_gap,2026-07-28T15:37:31.092000+00:00,11.87,warning,Interval exceeds the 5× normal-interval threshold of 10.080 seconds.
7232bc533c21ce408d45d473,ec61755d-b5be-42ac-875d-3123e92add7a,large_gap,2026-07-28T15:37:43.388000+00:00,12.296,warning,Interval exceeds the 5× normal-interval threshold of 10.080 seconds.
7232bc533c21ce408d45d473,ec61755d-b5be-42ac-875d-3123e92add7a,large_gap,2026-07-28T15:37:55.258000+00:00,11.87,warning,Interval exceeds the 5× normal-interval threshold of 10.080 seconds.
7232bc533c21ce408d45d473,ec61755d-b5be-42ac-875d-3123e92add7a,large_gap,2026-07-28T15:38:07.219000+00:00,11.961,warning,Interval exceeds the 5× normal-interval threshold of 10.080 seconds.
7232bc533c21ce408d45d473,ec61755d-b5be-42ac-875d-3123e92add7a,large_gap,2026-07-28T15:38:20.462000+00:00,13.243,warning,Interval exceeds the 5× normal-interval threshold of 10.080 seconds.
7232bc533c21ce408d45d473,ec61755d-b5be-42ac-875d-3123e92add7a,large_gap,2026-07-28T15:38:33.383000+00:00,12.921,warning,Interval exceeds the 5× normal-interval threshold of 10.080 seconds.
7232bc533c21ce408d45d473,ec61755d-b5be-42ac-875d-3123e92add7a,large_gap,2026-07-28T15:38:45.062000+00:00,11.679,warning,Interval exceeds the 5× normal-interval threshold of 10.080 seconds.
7232bc533c21ce408d45d473,ec61755d-b5be-42ac-875d-3123e92add7a,large_gap,2026-07-28T15:38:57.025000+00:00,11.963,warning,Interval exceeds the 5× normal-interval threshold of 10.080 seconds.
7232bc533c21ce408d45d473,ec61755d-b5be-42ac-875d-3123e92add7a,large_gap,2026-07-28T15:39:09.715000+00:00,12.69,warning,Interval exceeds the 5× normal-interval threshold of 10.080 seconds.
7232bc533c21ce408d45d473,ec61755d-b5be-42ac-875d-3123e92add7a,large_gap,2026-07-28T15:39:23.721000+00:00,14.006,warning,Interval exceeds the 5× normal-interval threshold of 10.080 seconds.
7232bc533c21ce408d45d473,ec61755d-b5be-42ac-875d-3123e92add7a,large_gap,2026-07-28T15:47:54.687000+00:00,10.262,warning,Interval exceeds the 5× normal-interval threshold of 10.080 seconds.
7232bc533c21ce408d45d473,ec61755d-b5be-42ac-875d-3123e92add7a,large_gap,2026-07-28T15:54:35.347000+00:00,12.347,warning,Interval exceeds the 5× normal-interval threshold of 10.080 seconds.
7232bc533c21ce408d45d473,ec61755d-b5be-42ac-875d-3123e92add7a,large_gap,2026-07-28T15:54:47.859000+00:00,12.512,warning,Interval exceeds the 5× normal-interval threshold of 10.080 seconds.
7232bc533c21ce408d45d473,ec61755d-b5be-42ac-875d-3123e92add7a,large_gap,2026-07-28T15:55:01.657000+00:00,13.798,warning,Interval exceeds the 5× normal-interval threshold of 10.080 seconds.
7232bc533c21ce408d45d473,ec61755d-b5be-42ac-875d-3123e92add7a,large_gap,2026-07-28T15:55:15.046000+00:00,13.389,warning,Interval exceeds the 5× normal-interval threshold of 10.080 seconds.
7232bc533c21ce408d45d473,ec61755d-b5be-42ac-875d-3123e92add7a,large_gap,2026-07-28T15:55:27.540000+00:00,12.494,warning,Interval exceeds the 5× normal-interval threshold of 10.080 seconds.
7232bc533c21ce408d45d473,ec61755d-b5be-42ac-875d-3123e92add7a,large_gap,2026-07-28T15:55:40.546000+00:00,13.006,warning,Interval exceeds the 5× normal-interval threshold of 10.080 seconds.
7232bc533c21ce408d45d473,ec61755d-b5be-42ac-875d-3123e92add7a,large_gap,2026-07-28T15:55:53.260000+00:00,12.714,warning,Interval exceeds the 5× normal-interval threshold of 10.080 seconds.
7232bc533c21ce408d45d473,ec61755d-b5be-42ac-875d-3123e92add7a,large_gap,2026-07-28T15:56:05.108000+00:00,11.848,warning,Interval exceeds the 5× normal-interval threshold of 10.080 seconds.
7232bc533c21ce408d45d473,ec61755d-b5be-42ac-875d-3123e92add7a,large_gap,2026-07-28T15:56:17.041000+00:00,11.933,warning,Interval exceeds the 5× normal-interval threshold of 10.080 seconds.
7232bc533c21ce408d45d473,ec61755d-b5be-42ac-875d-3123e92add7a,large_gap,2026-07-28T15:56:29.380000+00:00,12.339,warning,Interval exceeds the 5× normal-interval threshold of 10.080 seconds.
7232bc533c21ce408d45d473,ec61755d-b5be-42ac-875d-3123e92add7a,large_gap,2026-07-28T15:56:41.138000+00:00,11.758,warning,Interval exceeds the 5× normal-interval threshold of 10.080 seconds.
7232bc533c21ce408d45d473,ec61755d-b5be-42ac-875d-3123e92add7a,large_gap,2026-07-28T15:56:53.124000+00:00,11.986,warning,Interval exceeds the 5× normal-interval threshold of 10.080 seconds.
7232bc533c21ce408d45d473,ec61755d-b5be-42ac-875d-3123e92add7a,large_gap,2026-07-28T15:57:04.947000+00:00,11.823,warning,Interval exceeds the 5× normal-interval threshold of 10.080 seconds.
7232bc533c21ce408d45d473,ec61755d-b5be-42ac-875d-3123e92add7a,large_gap,2026-07-28T15:57:16.997000+00:00,12.05,warning,Interval exceeds the 5× normal-interval threshold of 10.080 seconds.
7232bc533c21ce408d45d473,ec61755d-b5be-42ac-875d-3123e92add7a,large_gap,2026-07-28T15:57:29.135000+00:00,12.138,warning,Interval exceeds the 5× normal-interval threshold of 10.080 seconds.
7232bc533c21ce408d45d473,ec61755d-b5be-42ac-875d-3123e92add7a,large_gap,2026-07-28T15:57:41.158000+00:00,12.023,warning,Interval exceeds the 5× normal-interval threshold of 10.080 seconds.
7232bc533c21ce408d45d473,ec61755d-b5be-42ac-875d-3123e92add7a,large_gap,2026-07-28T15:57:53.370000+00:00,12.212,warning,Interval exceeds the 5× normal-interval threshold of 10.080 seconds.
7232bc533c21ce408d45d473,ec61755d-b5be-42ac-875d-3123e92add7a,large_gap,2026-07-28T15:58:05.049000+00:00,11.679,warning,Interval exceeds the 5× normal-interval threshold of 10.080 seconds.
7232bc533c21ce408d45d473,ec61755d-b5be-42ac-875d-3123e92add7a,large_gap,2026-07-28T15:58:17.049000+00:00,12.0,warning,Interval exceeds the 5× normal-interval threshold of 10.080 seconds.
7232bc533c21ce408d45d473,ec61755d-b5be-42ac-875d-3123e92add7a,large_gap,2026-07-28T15:58:30.310000+00:00,13.261,warning,Interval exceeds the 5× normal-interval threshold of 10.080 seconds.
7232bc533c21ce408d45d473,ec61755d-b5be-42ac-875d-3123e92add7a,large_gap,2026-07-28T15:58:43.669000+00:00,13.359,warning,Interval exceeds the 5× normal-interval threshold of 10.080 seconds.
7232bc533c21ce408d45d473,ec61755d-b5be-42ac-875d-3123e92add7a,large_gap,2026-07-28T15:58:57.535000+00:00,13.866,warning,Interval exceeds the 5× normal-interval threshold of 10.080 seconds.
7232bc533c21ce408d45d473,ec61755d-b5be-42ac-875d-3123e92add7a,large_gap,2026-07-28T15:59:09.091000+00:00,11.556,warning,Interval exceeds the 5× normal-interval threshold of 10.080 seconds.
7232bc533c21ce408d45d473,ec61755d-b5be-42ac-875d-3123e92add7a,large_gap,2026-07-28T15:59:21.959000+00:00,12.868,warning,Interval exceeds the 5× normal-interval threshold of 10.080 seconds.
7232bc533c21ce408d45d473,ec61755d-b5be-42ac-875d-3123e92add7a,large_gap,2026-07-28T15:59:35.534000+00:00,13.575,warning,Interval exceeds the 5× normal-interval threshold of 10.080 seconds.
7232bc533c21ce408d45d473,ec61755d-b5be-42ac-875d-3123e92add7a,large_gap,2026-07-28T15:59:47.256000+00:00,11.722,warning,Interval exceeds the 5× normal-interval threshold of 10.080 seconds.
7232bc533c21ce408d45d473,ec61755d-b5be-42ac-875d-3123e92add7a,large_gap,2026-07-28T15:59:59.083000+00:00,11.827,warning,Interval exceeds the 5× normal-interval threshold of 10.080 seconds.
7232bc533c21ce408d45d473,ec61755d-b5be-42ac-875d-3123e92add7a,large_gap,2026-07-28T16:00:12.291000+00:00,13.208,warning,Interval exceeds the 5× normal-interval threshold of 10.080 seconds.
7232bc533c21ce408d45d473,ec61755d-b5be-42ac-875d-3123e92add7a,large_gap,2026-07-28T16:00:22.919000+00:00,10.628,warning,Interval exceeds the 5× normal-interval threshold of 10.080 seconds.
7232bc533c21ce408d45d473,ec61755d-b5be-42ac-875d-3123e92add7a,large_gap,2026-07-28T16:04:02.719000+00:00,10.247,warning,Interval exceeds the 5× normal-interval threshold of 10.080 seconds.
7232bc533c21ce408d45d473,ec61755d-b5be-42ac-875d-3123e92add7a,large_gap,2026-07-28T16:16:51.077000+00:00,12.608,warning,Interval exceeds the 5× normal-interval threshold of 10.080 seconds.
7232bc533c21ce408d45d473,ec61755d-b5be-42ac-875d-3123e92add7a,large_gap,2026-07-28T16:17:03.337000+00:00,12.26,warning,Interval exceeds the 5× normal-interval threshold of 10.080 seconds.
7232bc533c21ce408d45d473,ec61755d-b5be-42ac-875d-3123e92add7a,large_gap,2026-07-28T16:17:14.896000+00:00,11.559,warning,Interval exceeds the 5× normal-interval threshold of 10.080 seconds.
7232bc533c21ce408d45d473,ec61755d-b5be-42ac-875d-3123e92add7a,large_gap,2026-07-28T16:17:26.956000+00:00,12.06,warning,Interval exceeds the 5× normal-interval threshold of 10.080 seconds.
7232bc533c21ce408d45d473,ec61755d-b5be-42ac-875d-3123e92add7a,large_gap,2026-07-28T16:17:39.174000+00:00,12.218,warning,Interval exceeds the 5× normal-interval threshold of 10.080 seconds.
7232bc533c21ce408d45d473,ec61755d-b5be-42ac-875d-3123e92add7a,large_gap,2026-07-28T16:17:51.597000+00:00,12.423,warning,Interval exceeds the 5× normal-interval threshold of 10.080 seconds.
7232bc533c21ce408d45d473,ec61755d-b5be-42ac-875d-3123e92add7a,large_gap,2026-07-28T16:18:03.431000+00:00,11.834,warning,Interval exceeds the 5× normal-interval threshold of 10.080 seconds.
7232bc533c21ce408d45d473,ec61755d-b5be-42ac-875d-3123e92add7a,large_gap,2026-07-28T16:18:14.937000+00:00,11.506,warning,Interval exceeds the 5× normal-interval threshold of 10.080 seconds.
7232bc533c21ce408d45d473,ec61755d-b5be-42ac-875d-3123e92add7a,large_gap,2026-07-28T16:18:27.097000+00:00,12.16,warning,Interval exceeds the 5× normal-interval threshold of 10.080 seconds.
7232bc533c21ce408d45d473,ec61755d-b5be-42ac-875d-3123e92add7a,large_gap,2026-07-28T16:18:39.201000+00:00,12.104,warning,Interval exceeds the 5× normal-interval threshold of 10.080 seconds.
7232bc533c21ce408d45d473,ec61755d-b5be-42ac-875d-3123e92add7a,large_gap,2026-07-28T16:18:51.036000+00:00,11.835,warning,Interval exceeds the 5× normal-interval threshold of 10.080 seconds.
7232bc533c21ce408d45d473,ec61755d-b5be-42ac-875d-3123e92add7a,large_gap,2026-07-28T16:19:04.171000+00:00,13.135,warning,Interval exceeds the 5× normal-interval threshold of 10.080 seconds.
7232bc533c21ce408d45d473,ec61755d-b5be-42ac-875d-3123e92add7a,large_gap,2026-07-28T16:19:17.115000+00:00,12.944,warning,Interval exceeds the 5× normal-interval threshold of 10.080 seconds.
7232bc533c21ce408d45d473,ec61755d-b5be-42ac-875d-3123e92add7a,large_gap,2026-07-28T16:19:28.758000+00:00,11.643,warning,Interval exceeds the 5× normal-interval threshold of 10.080 seconds.
7232bc533c21ce408d45d473,ec61755d-b5be-42ac-875d-3123e92add7a,large_gap,2026-07-28T16:19:41.442000+00:00,12.684,warning,Interval exceeds the 5× normal-interval threshold of 10.080 seconds.
7232bc533c21ce408d45d473,ec61755d-b5be-42ac-875d-3123e92add7a,large_gap,2026-07-28T16:19:53.125000+00:00,11.683,warning,Interval exceeds the 5× normal-interval threshold of 10.080 seconds.
7232bc533c21ce408d45d473,ec61755d-b5be-42ac-875d-3123e92add7a,large_gap,2026-07-28T16:20:04.729000+00:00,11.604,warning,Interval exceeds the 5× normal-interval threshold of 10.080 seconds.
7232bc533c21ce408d45d473,ec61755d-b5be-42ac-875d-3123e92add7a,large_gap,2026-07-28T16:20:16.878000+00:00,12.149,warning,Interval exceeds the 5× normal-interval threshold of 10.080 seconds.
7232bc533c21ce408d45d473,ec61755d-b5be-42ac-875d-3123e92add7a,large_gap,2026-07-28T16:20:28.964000+00:00,12.086,warning,Interval exceeds the 5× normal-interval threshold of 10.080 seconds.
7232bc533c21ce408d45d473,ec61755d-b5be-42ac-875d-3123e92add7a,large_gap,2026-07-28T16:20:41.520000+00:00,12.556,warning,Interval exceeds the 5× normal-interval threshold of 10.080 seconds.
7232bc533c21ce408d45d473,ec61755d-b5be-42ac-875d-3123e92add7a,large_gap,2026-07-28T16:20:55.284000+00:00,13.764,warning,Interval exceeds the 5× normal-interval threshold of 10.080 seconds.
7232bc533c21ce408d45d473,ec61755d-b5be-42ac-875d-3123e92add7a,large_gap,2026-07-28T16:21:08.613000+00:00,13.329,warning,Interval exceeds the 5× normal-interval threshold of 10.080 seconds.
7232bc533c21ce408d45d473,ec61755d-b5be-42ac-875d-3123e92add7a,large_gap,2026-07-28T16:21:21.714000+00:00,13.101,warning,Interval exceeds the 5× normal-interval threshold of 10.080 seconds.
7232bc533c21ce408d45d473,ec61755d-b5be-42ac-875d-3123e92add7a,large_gap,2026-07-28T16:21:35.158000+00:00,13.444,warning,Interval exceeds the 5× normal-interval threshold of 10.080 seconds.
7232bc533c21ce408d45d473,ec61755d-b5be-42ac-875d-3123e92add7a,large_gap,2026-07-28T16:31:33.380000+00:00,13.693,warning,Interval exceeds the 5× normal-interval threshold of 10.080 seconds.
7232bc533c21ce408d45d473,ec61755d-b5be-42ac-875d-3123e92add7a,large_gap,2026-07-28T16:31:45.027000+00:00,11.647,warning,Interval exceeds the 5× normal-interval threshold of 10.080 seconds.
7232bc533c21ce408d45d473,ec61755d-b5be-42ac-875d-3123e92add7a,large_gap,2026-07-28T16:31:58.456000+00:00,13.429,warning,Interval exceeds the 5× normal-interval threshold of 10.080 seconds.
7232bc533c21ce408d45d473,ec61755d-b5be-42ac-875d-3123e92add7a,large_gap,2026-07-28T16:32:11.065000+00:00,12.609,warning,Interval exceeds the 5× normal-interval threshold of 10.080 seconds.
7232bc533c21ce408d45d473,ec61755d-b5be-42ac-875d-3123e92add7a,large_gap,2026-07-28T16:32:23.376000+00:00,12.311,warning,Interval exceeds the 5× normal-interval threshold of 10.080 seconds.
7232bc533c21ce408d45d473,ec61755d-b5be-42ac-875d-3123e92add7a,large_gap,2026-07-28T16:32:35.021000+00:00,11.645,warning,Interval exceeds the 5× normal-interval threshold of 10.080 seconds.
7232bc533c21ce408d45d473,ec61755d-b5be-42ac-875d-3123e92add7a,large_gap,2026-07-28T16:32:47.079000+00:00,12.058,warning,Interval exceeds the 5× normal-interval threshold of 10.080 seconds.
7232bc533c21ce408d45d473,ec61755d-b5be-42ac-875d-3123e92add7a,large_gap,2026-07-28T16:32:58.950000+00:00,11.871,warning,Interval exceeds the 5× normal-interval threshold of 10.080 seconds.
7232bc533c21ce408d45d473,ec61755d-b5be-42ac-875d-3123e92add7a,large_gap,2026-07-28T16:33:10.778000+00:00,11.828,warning,Interval exceeds the 5× normal-interval threshold of 10.080 seconds.
7232bc533c21ce408d45d473,ec61755d-b5be-42ac-875d-3123e92add7a,large_gap,2026-07-28T16:33:22.767000+00:00,11.989,warning,Interval exceeds the 5× normal-interval threshold of 10.080 seconds.
7232bc533c21ce408d45d473,ec61755d-b5be-42ac-875d-3123e92add7a,large_gap,2026-07-28T16:33:35.291000+00:00,12.524,warning,Interval exceeds the 5× normal-interval threshold of 10.080 seconds.
7232bc533c21ce408d45d473,ec61755d-b5be-42ac-875d-3123e92add7a,large_gap,2026-07-28T16:33:47.554000+00:00,12.263,warning,Interval exceeds the 5× normal-interval threshold of 10.080 seconds.
7232bc533c21ce408d45d473,ec61755d-b5be-42ac-875d-3123e92add7a,large_gap,2026-07-28T16:33:59.262000+00:00,11.708,warning,Interval exceeds the 5× normal-interval threshold of 10.080 seconds.
7232bc533c21ce408d45d473,ec61755d-b5be-42ac-875d-3123e92add7a,large_gap,2026-07-28T16:34:11.110000+00:00,11.848,warning,Interval exceeds the 5× normal-interval threshold of 10.080 seconds.
7232bc533c21ce408d45d473,ec61755d-b5be-42ac-875d-3123e92add7a,large_gap,2026-07-28T16:34:24.717000+00:00,13.607,warning,Interval exceeds the 5× normal-interval threshold of 10.080 seconds.
7232bc533c21ce408d45d473,ec61755d-b5be-42ac-875d-3123e92add7a,large_gap,2026-07-28T16:34:37.253000+00:00,12.536,warning,Interval exceeds the 5× normal-interval threshold of 10.080 seconds.
7232bc533c21ce408d45d473,ec61755d-b5be-42ac-875d-3123e92add7a,large_gap,2026-07-28T16:34:49.054000+00:00,11.801,warning,Interval exceeds the 5× normal-interval threshold of 10.080 seconds.
7232bc533c21ce408d45d473,ec61755d-b5be-42ac-875d-3123e92add7a,large_gap,2026-07-28T16:35:01.317000+00:00,12.263,warning,Interval exceeds the 5× normal-interval threshold of 10.080 seconds.
7232bc533c21ce408d45d473,ec61755d-b5be-42ac-875d-3123e92add7a,large_gap,2026-07-28T16:35:13.030000+00:00,11.713,warning,Interval exceeds the 5× normal-interval threshold of 10.080 seconds.
7232bc533c21ce408d45d473,ec61755d-b5be-42ac-875d-3123e92add7a,large_gap,2026-07-28T16:35:25.579000+00:00,12.549,warning,Interval exceeds the 5× normal-interval threshold of 10.080 seconds.
7232bc533c21ce408d45d473,ec61755d-b5be-42ac-875d-3123e92add7a,large_gap,2026-07-28T16:35:37.736000+00:00,12.157,warning,Interval exceeds the 5× normal-interval threshold of 10.080 seconds.
7232bc533c21ce408d45d473,ec61755d-b5be-42ac-875d-3123e92add7a,large_gap,2026-07-28T16:35:51.591000+00:00,13.855,warning,Interval exceeds the 5× normal-interval threshold of 10.080 seconds.
7232bc533c21ce408d45d473,ec61755d-b5be-42ac-875d-3123e92add7a,large_gap,2026-07-28T16:36:03.904000+00:00,12.313,warning,Interval exceeds the 5× normal-interval threshold of 10.080 seconds.
7232bc533c21ce408d45d473,ec61755d-b5be-42ac-875d-3123e92add7a,large_gap,2026-07-28T16:36:17.774000+00:00,13.87,warning,Interval exceeds the 5× normal-interval threshold of 10.080 seconds.
7232bc533c21ce408d45d473,ec61755d-b5be-42ac-875d-3123e92add7a,large_gap,2026-07-28T16:37:58.661000+00:00,10.171,warning,Interval exceeds the 5× normal-interval threshold of 10.080 seconds.
7232bc533c21ce408d45d473,ec61755d-b5be-42ac-875d-3123e92add7a,large_gap,2026-07-28T16:41:17.089000+00:00,12.293,warning,Interval exceeds the 5× normal-interval threshold of 10.080 seconds.
7232bc533c21ce408d45d473,ec61755d-b5be-42ac-875d-3123e92add7a,large_gap,2026-07-28T16:41:29.819000+00:00,12.73,warning,Interval exceeds the 5× normal-interval threshold of 10.080 seconds.
7232bc533c21ce408d45d473,ec61755d-b5be-42ac-875d-3123e92add7a,large_gap,2026-07-28T16:41:43.158000+00:00,13.339,warning,Interval exceeds the 5× normal-interval threshold of 10.080 seconds.
7232bc533c21ce408d45d473,ec61755d-b5be-42ac-875d-3123e92add7a,large_gap,2026-07-28T16:41:56.556000+00:00,13.398,warning,Interval exceeds the 5× normal-interval threshold of 10.080 seconds.
7232bc533c21ce408d45d473,ec61755d-b5be-42ac-875d-3123e92add7a,large_gap,2026-07-28T16:42:09.456000+00:00,12.9,warning,Interval exceeds the 5× normal-interval threshold of 10.080 seconds.
7232bc533c21ce408d45d473,ec61755d-b5be-42ac-875d-3123e92add7a,large_gap,2026-07-28T16:42:21.484000+00:00,12.028,warning,Interval exceeds the 5× normal-interval threshold of 10.080 seconds.
7232bc533c21ce408d45d473,ec61755d-b5be-42ac-875d-3123e92add7a,large_gap,2026-07-28T16:42:33.399000+00:00,11.915,warning,Interval exceeds the 5× normal-interval threshold of 10.080 seconds.
7232bc533c21ce408d45d473,ec61755d-b5be-42ac-875d-3123e92add7a,large_gap,2026-07-28T16:42:45.085000+00:00,11.686,warning,Interval exceeds the 5× normal-interval threshold of 10.080 seconds.
7232bc533c21ce408d45d473,ec61755d-b5be-42ac-875d-3123e92add7a,large_gap,2026-07-28T16:42:56.968000+00:00,11.883,warning,Interval exceeds the 5× normal-interval threshold of 10.080 seconds.
7232bc533c21ce408d45d473,ec61755d-b5be-42ac-875d-3123e92add7a,large_gap,2026-07-28T16:43:08.958000+00:00,11.99,warning,Interval exceeds the 5× normal-interval threshold of 10.080 seconds.
7232bc533c21ce408d45d473,ec61755d-b5be-42ac-875d-3123e92add7a,large_gap,2026-07-28T16:43:21.084000+00:00,12.126,warning,Interval exceeds the 5× normal-interval threshold of 10.080 seconds.
7232bc533c21ce408d45d473,ec61755d-b5be-42ac-875d-3123e92add7a,large_gap,2026-07-28T16:43:33.195000+00:00,12.111,warning,Interval exceeds the 5× normal-interval threshold of 10.080 seconds.
7232bc533c21ce408d45d473,ec61755d-b5be-42ac-875d-3123e92add7a,large_gap,2026-07-28T16:43:45.254000+00:00,12.059,warning,Interval exceeds the 5× normal-interval threshold of 10.080 seconds.
7232bc533c21ce408d45d473,ec61755d-b5be-42ac-875d-3123e92add7a,large_gap,2026-07-28T16:43:57.202000+00:00,11.948,warning,Interval exceeds the 5× normal-interval threshold of 10.080 seconds.
7232bc533c21ce408d45d473,ec61755d-b5be-42ac-875d-3123e92add7a,large_gap,2026-07-28T16:44:09.759000+00:00,12.557,warning,Interval exceeds the 5× normal-interval threshold of 10.080 seconds.
7232bc533c21ce408d45d473,ec61755d-b5be-42ac-875d-3123e92add7a,large_gap,2026-07-28T16:44:23.094000+00:00,13.335,warning,Interval exceeds the 5× normal-interval threshold of 10.080 seconds.
7232bc533c21ce408d45d473,ec61755d-b5be-42ac-875d-3123e92add7a,large_gap,2026-07-28T16:44:36.572000+00:00,13.478,warning,Interval exceeds the 5× normal-interval threshold of 10.080 seconds.
7232bc533c21ce408d45d473,ec61755d-b5be-42ac-875d-3123e92add7a,large_gap,2026-07-28T16:44:50.126000+00:00,13.554,warning,Interval exceeds the 5× normal-interval threshold of 10.080 seconds.
7232bc533c21ce408d45d473,ec61755d-b5be-42ac-875d-3123e92add7a,large_gap,2026-07-28T16:45:03.897000+00:00,13.771,warning,Interval exceeds the 5× normal-interval threshold of 10.080 seconds.
7232bc533c21ce408d45d473,ec61755d-b5be-42ac-875d-3123e92add7a,large_gap,2026-07-28T16:45:18.069000+00:00,14.172,warning,Interval exceeds the 5× normal-interval threshold of 10.080 seconds.
7232bc533c21ce408d45d473,ec61755d-b5be-42ac-875d-3123e92add7a,large_gap,2026-07-28T16:45:32.641000+00:00,14.572,warning,Interval exceeds the 5× normal-interval threshold of 10.080 seconds.
7232bc533c21ce408d45d473,ec61755d-b5be-42ac-875d-3123e92add7a,large_gap,2026-07-28T16:45:46.157000+00:00,13.516,warning,Interval exceeds the 5× normal-interval threshold of 10.080 seconds.
7232bc533c21ce408d45d473,ec61755d-b5be-42ac-875d-3123e92add7a,large_gap,2026-07-28T16:45:59.091000+00:00,12.934,warning,Interval exceeds the 5× normal-interval threshold of 10.080 seconds.
7232bc533c21ce408d45d473,ec61755d-b5be-42ac-875d-3123e92add7a,large_gap,2026-07-28T16:52:16.528000+00:00,12.381,warning,Interval exceeds the 5× normal-interval threshold of 10.080 seconds.
7232bc533c21ce408d45d473,ec61755d-b5be-42ac-875d-3123e92add7a,large_gap,2026-07-28T16:52:30.266000+00:00,13.738,warning,Interval exceeds the 5× normal-interval threshold of 10.080 seconds.
7232bc533c21ce408d45d473,ec61755d-b5be-42ac-875d-3123e92add7a,large_gap,2026-07-28T16:52:42.784000+00:00,12.518,warning,Interval exceeds the 5× normal-interval threshold of 10.080 seconds.
7232bc533c21ce408d45d473,ec61755d-b5be-42ac-875d-3123e92add7a,large_gap,2026-07-28T16:52:56.360000+00:00,13.576,warning,Interval exceeds the 5× normal-interval threshold of 10.080 seconds.
7232bc533c21ce408d45d473,ec61755d-b5be-42ac-875d-3123e92add7a,large_gap,2026-07-28T16:53:09.017000+00:00,12.657,warning,Interval exceeds the 5× normal-interval threshold of 10.080 seconds.
7232bc533c21ce408d45d473,ec61755d-b5be-42ac-875d-3123e92add7a,large_gap,2026-07-28T16:53:20.961000+00:00,11.944,warning,Interval exceeds the 5× normal-interval threshold of 10.080 seconds.
7232bc533c21ce408d45d473,ec61755d-b5be-42ac-875d-3123e92add7a,large_gap,2026-07-28T16:53:32.886000+00:00,11.925,warning,Interval exceeds the 5× normal-interval threshold of 10.080 seconds.
7232bc533c21ce408d45d473,ec61755d-b5be-42ac-875d-3123e92add7a,large_gap,2026-07-28T16:53:45.126000+00:00,12.24,warning,Interval exceeds the 5× normal-interval threshold of 10.080 seconds.
7232bc533c21ce408d45d473,ec61755d-b5be-42ac-875d-3123e92add7a,large_gap,2026-07-28T16:53:57.856000+00:00,12.73,warning,Interval exceeds the 5× normal-interval threshold of 10.080 seconds.
7232bc533c21ce408d45d473,ec61755d-b5be-42ac-875d-3123e92add7a,large_gap,2026-07-28T16:54:11.030000+00:00,13.174,warning,Interval exceeds the 5× normal-interval threshold of 10.080 seconds.
7232bc533c21ce408d45d473,ec61755d-b5be-42ac-875d-3123e92add7a,large_gap,2026-07-28T16:54:23.075000+00:00,12.045,warning,Interval exceeds the 5× normal-interval threshold of 10.080 seconds.
7232bc533c21ce408d45d473,ec61755d-b5be-42ac-875d-3123e92add7a,large_gap,2026-07-28T16:54:35.059000+00:00,11.984,warning,Interval exceeds the 5× normal-interval threshold of 10.080 seconds.
7232bc533c21ce408d45d473,ec61755d-b5be-42ac-875d-3123e92add7a,large_gap,2026-07-28T16:54:47.073000+00:00,12.014,warning,Interval exceeds the 5× normal-interval threshold of 10.080 seconds.
7232bc533c21ce408d45d473,ec61755d-b5be-42ac-875d-3123e92add7a,large_gap,2026-07-28T16:54:59.026000+00:00,11.953,warning,Interval exceeds the 5× normal-interval threshold of 10.080 seconds.
7232bc533c21ce408d45d473,ec61755d-b5be-42ac-875d-3123e92add7a,large_gap,2026-07-28T16:55:10.896000+00:00,11.87,warning,Interval exceeds the 5× normal-interval threshold of 10.080 seconds.
7232bc533c21ce408d45d473,ec61755d-b5be-42ac-875d-3123e92add7a,large_gap,2026-07-28T16:55:23.363000+00:00,12.467,warning,Interval exceeds the 5× normal-interval threshold of 10.080 seconds.
7232bc533c21ce408d45d473,ec61755d-b5be-42ac-875d-3123e92add7a,large_gap,2026-07-28T16:55:34.838000+00:00,11.475,warning,Interval exceeds the 5× normal-interval threshold of 10.080 seconds.
7232bc533c21ce408d45d473,ec61755d-b5be-42ac-875d-3123e92add7a,large_gap,2026-07-28T16:55:47.267000+00:00,12.429,warning,Interval exceeds the 5× normal-interval threshold of 10.080 seconds.
7232bc533c21ce408d45d473,ec61755d-b5be-42ac-875d-3123e92add7a,large_gap,2026-07-28T16:55:59.164000+00:00,11.897,warning,Interval exceeds the 5× normal-interval threshold of 10.080 seconds.
7232bc533c21ce408d45d473,ec61755d-b5be-42ac-875d-3123e92add7a,large_gap,2026-07-28T16:56:11.988000+00:00,12.824,warning,Interval exceeds the 5× normal-interval threshold of 10.080 seconds.
7232bc533c21ce408d45d473,ec61755d-b5be-42ac-875d-3123e92add7a,large_gap,2026-07-28T16:56:26.451000+00:00,14.463,warning,Interval exceeds the 5× normal-interval threshold of 10.080 seconds.
7232bc533c21ce408d45d473,ec61755d-b5be-42ac-875d-3123e92add7a,large_gap,2026-07-28T16:56:42.217000+00:00,15.766,warning,Interval exceeds the 5× normal-interval threshold of 10.080 seconds.
7232bc533c21ce408d45d473,ec61755d-b5be-42ac-875d-3123e92add7a,large_gap,2026-07-28T16:56:56.059000+00:00,13.842,warning,Interval exceeds the 5× normal-interval threshold of 10.080 seconds.
7232bc533c21ce408d45d473,ec61755d-b5be-42ac-875d-3123e92add7a,large_gap,2026-07-28T16:57:07.086000+00:00,11.027,warning,Interval exceeds the 5× normal-interval threshold of 10.080 seconds.
7232bc533c21ce408d45d473,ec61755d-b5be-42ac-875d-3123e92add7a,large_gap,2026-07-28T17:01:46.129000+00:00,13.821,warning,Interval exceeds the 5× normal-interval threshold of 10.080 seconds.
7232bc533c21ce408d45d473,ec61755d-b5be-42ac-875d-3123e92add7a,large_gap,2026-07-28T17:02:00.121000+00:00,13.992,warning,Interval exceeds the 5× normal-interval threshold of 10.080 seconds.
7232bc533c21ce408d45d473,ec61755d-b5be-42ac-875d-3123e92add7a,large_gap,2026-07-28T17:02:13.347000+00:00,13.226,warning,Interval exceeds the 5× normal-interval threshold of 10.080 seconds.
7232bc533c21ce408d45d473,ec61755d-b5be-42ac-875d-3123e92add7a,large_gap,2026-07-28T17:02:25.251000+00:00,11.904,warning,Interval exceeds the 5× normal-interval threshold of 10.080 seconds.
7232bc533c21ce408d45d473,ec61755d-b5be-42ac-875d-3123e92add7a,large_gap,2026-07-28T17:02:37.252000+00:00,12.001,warning,Interval exceeds the 5× normal-interval threshold of 10.080 seconds.
7232bc533c21ce408d45d473,ec61755d-b5be-42ac-875d-3123e92add7a,large_gap,2026-07-28T17:02:49.272000+00:00,12.02,warning,Interval exceeds the 5× normal-interval threshold of 10.080 seconds.
7232bc533c21ce408d45d473,ec61755d-b5be-42ac-875d-3123e92add7a,large_gap,2026-07-28T17:03:01.544000+00:00,12.272,warning,Interval exceeds the 5× normal-interval threshold of 10.080 seconds.
7232bc533c21ce408d45d473,ec61755d-b5be-42ac-875d-3123e92add7a,large_gap,2026-07-28T17:03:13.452000+00:00,11.908,warning,Interval exceeds the 5× normal-interval threshold of 10.080 seconds.
7232bc533c21ce408d45d473,ec61755d-b5be-42ac-875d-3123e92add7a,large_gap,2026-07-28T17:03:24.931000+00:00,11.479,warning,Interval exceeds the 5× normal-interval threshold of 10.080 seconds.
7232bc533c21ce408d45d473,ec61755d-b5be-42ac-875d-3123e92add7a,large_gap,2026-07-28T17:03:36.827000+00:00,11.896,warning,Interval exceeds the 5× normal-interval threshold of 10.080 seconds.
7232bc533c21ce408d45d473,ec61755d-b5be-42ac-875d-3123e92add7a,large_gap,2026-07-28T17:03:48.975000+00:00,12.148,warning,Interval exceeds the 5× normal-interval threshold of 10.080 seconds.
7232bc533c21ce408d45d473,ec61755d-b5be-42ac-875d-3123e92add7a,large_gap,2026-07-28T17:04:00.875000+00:00,11.9,warning,Interval exceeds the 5× normal-interval threshold of 10.080 seconds.
7232bc533c21ce408d45d473,ec61755d-b5be-42ac-875d-3123e92add7a,large_gap,2026-07-28T17:04:13.600000+00:00,12.725,warning,Interval exceeds the 5× normal-interval threshold of 10.080 seconds.
7232bc533c21ce408d45d473,ec61755d-b5be-42ac-875d-3123e92add7a,large_gap,2026-07-28T17:04:24.941000+00:00,11.341,warning,Interval exceeds the 5× normal-interval threshold of 10.080 seconds.
7232bc533c21ce408d45d473,ec61755d-b5be-42ac-875d-3123e92add7a,large_gap,2026-07-28T17:04:37.342000+00:00,12.401,warning,Interval exceeds the 5× normal-interval threshold of 10.080 seconds.
7232bc533c21ce408d45d473,ec61755d-b5be-42ac-875d-3123e92add7a,large_gap,2026-07-28T17:04:49.009000+00:00,11.667,warning,Interval exceeds the 5× normal-interval threshold of 10.080 seconds.
7232bc533c21ce408d45d473,ec61755d-b5be-42ac-875d-3123e92add7a,large_gap,2026-07-28T17:05:01.028000+00:00,12.019,warning,Interval exceeds the 5× normal-interval threshold of 10.080 seconds.
7232bc533c21ce408d45d473,ec61755d-b5be-42ac-875d-3123e92add7a,large_gap,2026-07-28T17:05:12.914000+00:00,11.886,warning,Interval exceeds the 5× normal-interval threshold of 10.080 seconds.
7232bc533c21ce408d45d473,ec61755d-b5be-42ac-875d-3123e92add7a,large_gap,2026-07-28T17:05:25.439000+00:00,12.525,warning,Interval exceeds the 5× normal-interval threshold of 10.080 seconds.
7232bc533c21ce408d45d473,ec61755d-b5be-42ac-875d-3123e92add7a,large_gap,2026-07-28T17:05:37.374000+00:00,11.935,warning,Interval exceeds the 5× normal-interval threshold of 10.080 seconds.
7232bc533c21ce408d45d473,ec61755d-b5be-42ac-875d-3123e92add7a,large_gap,2026-07-28T17:05:51.565000+00:00,14.191,warning,Interval exceeds the 5× normal-interval threshold of 10.080 seconds.
7232bc533c21ce408d45d473,ec61755d-b5be-42ac-875d-3123e92add7a,large_gap,2026-07-28T17:06:05.085000+00:00,13.52,warning,Interval exceeds the 5× normal-interval threshold of 10.080 seconds.
7232bc533c21ce408d45d473,ec61755d-b5be-42ac-875d-3123e92add7a,large_gap,2026-07-28T17:06:18.962000+00:00,13.877,warning,Interval exceeds the 5× normal-interval threshold of 10.080 seconds.
7232bc533c21ce408d45d473,ec61755d-b5be-42ac-875d-3123e92add7a,large_gap,2026-07-28T17:31:31.181000+00:00,12.318,warning,Interval exceeds the 5× normal-interval threshold of 10.080 seconds.
7232bc533c21ce408d45d473,ec61755d-b5be-42ac-875d-3123e92add7a,large_gap,2026-07-28T17:31:43.122000+00:00,11.941,warning,Interval exceeds the 5× normal-interval threshold of 10.080 seconds.
7232bc533c21ce408d45d473,ec61755d-b5be-42ac-875d-3123e92add7a,large_gap,2026-07-28T17:31:57.633000+00:00,14.511,warning,Interval exceeds the 5× normal-interval threshold of 10.080 seconds.
7232bc533c21ce408d45d473,ec61755d-b5be-42ac-875d-3123e92add7a,large_gap,2026-07-28T17:32:09.847000+00:00,12.214,warning,Interval exceeds the 5× normal-interval threshold of 10.080 seconds.
7232bc533c21ce408d45d473,ec61755d-b5be-42ac-875d-3123e92add7a,large_gap,2026-07-28T17:32:23.860000+00:00,14.013,warning,Interval exceeds the 5× normal-interval threshold of 10.080 seconds.
7232bc533c21ce408d45d473,ec61755d-b5be-42ac-875d-3123e92add7a,large_gap,2026-07-28T17:32:37.031000+00:00,13.171,warning,Interval exceeds the 5× normal-interval threshold of 10.080 seconds.
7232bc533c21ce408d45d473,ec61755d-b5be-42ac-875d-3123e92add7a,large_gap,2026-07-28T17:32:49.517000+00:00,12.486,warning,Interval exceeds the 5× normal-interval threshold of 10.080 seconds.
7232bc533c21ce408d45d473,ec61755d-b5be-42ac-875d-3123e92add7a,large_gap,2026-07-28T17:33:02.315000+00:00,12.798,warning,Interval exceeds the 5× normal-interval threshold of 10.080 seconds.
7232bc533c21ce408d45d473,ec61755d-b5be-42ac-875d-3123e92add7a,large_gap,2026-07-28T17:33:15.288000+00:00,12.973,warning,Interval exceeds the 5× normal-interval threshold of 10.080 seconds.
7232bc533c21ce408d45d473,ec61755d-b5be-42ac-875d-3123e92add7a,large_gap,2026-07-28T17:33:27.390000+00:00,12.102,warning,Interval exceeds the 5× normal-interval threshold of 10.080 seconds.
7232bc533c21ce408d45d473,ec61755d-b5be-42ac-875d-3123e92add7a,large_gap,2026-07-28T17:33:39.231000+00:00,11.841,warning,Interval exceeds the 5× normal-interval threshold of 10.080 seconds.
7232bc533c21ce408d45d473,ec61755d-b5be-42ac-875d-3123e92add7a,large_gap,2026-07-28T17:33:51.466000+00:00,12.235,warning,Interval exceeds the 5× normal-interval threshold of 10.080 seconds.
7232bc533c21ce408d45d473,ec61755d-b5be-42ac-875d-3123e92add7a,large_gap,2026-07-28T17:34:04.056000+00:00,12.59,warning,Interval exceeds the 5× normal-interval threshold of 10.080 seconds.
7232bc533c21ce408d45d473,ec61755d-b5be-42ac-875d-3123e92add7a,large_gap,2026-07-28T17:34:16.682000+00:00,12.626,warning,Interval exceeds the 5× normal-interval threshold of 10.080 seconds.
7232bc533c21ce408d45d473,ec61755d-b5be-42ac-875d-3123e92add7a,large_gap,2026-07-28T17:34:28.897000+00:00,12.215,warning,Interval exceeds the 5× normal-interval threshold of 10.080 seconds.
7232bc533c21ce408d45d473,ec61755d-b5be-42ac-875d-3123e92add7a,large_gap,2026-07-28T17:34:41.045000+00:00,12.148,warning,Interval exceeds the 5× normal-interval threshold of 10.080 seconds.
7232bc533c21ce408d45d473,ec61755d-b5be-42ac-875d-3123e92add7a,large_gap,2026-07-28T17:34:53.282000+00:00,12.237,warning,Interval exceeds the 5× normal-interval threshold of 10.080 seconds.
7232bc533c21ce408d45d473,ec61755d-b5be-42ac-875d-3123e92add7a,large_gap,2026-07-28T17:35:05.180000+00:00,11.898,warning,Interval exceeds the 5× normal-interval threshold of 10.080 seconds.
7232bc533c21ce408d45d473,ec61755d-b5be-42ac-875d-3123e92add7a,large_gap,2026-07-28T17:35:18.329000+00:00,13.149,warning,Interval exceeds the 5× normal-interval threshold of 10.080 seconds.
7232bc533c21ce408d45d473,ec61755d-b5be-42ac-875d-3123e92add7a,large_gap,2026-07-28T17:35:34.397000+00:00,16.068,warning,Interval exceeds the 5× normal-interval threshold of 10.080 seconds.
7232bc533c21ce408d45d473,ec61755d-b5be-42ac-875d-3123e92add7a,large_gap,2026-07-28T17:35:48.697000+00:00,14.3,warning,Interval exceeds the 5× normal-interval threshold of 10.080 seconds.
7232bc533c21ce408d45d473,ec61755d-b5be-42ac-875d-3123e92add7a,large_gap,2026-07-28T17:36:02.041000+00:00,13.344,warning,Interval exceeds the 5× normal-interval threshold of 10.080 seconds.
7232bc533c21ce408d45d473,ec61755d-b5be-42ac-875d-3123e92add7a,large_gap,2026-07-28T17:36:14.296000+00:00,12.255,warning,Interval exceeds the 5× normal-interval threshold of 10.080 seconds.
7232bc533c21ce408d45d473,f3c83d3f-0563-4e35-aa47-2e79402b0105,large_gap,2026-08-05T00:17:57.797000+00:00,12.027,warning,Interval exceeds the 5× normal-interval threshold of 10.080 seconds.
7232bc533c21ce408d45d473,f3c83d3f-0563-4e35-aa47-2e79402b0105,large_gap,2026-08-05T00:18:08.517000+00:00,10.72,warning,Interval exceeds the 5× normal-interval threshold of 10.080 seconds.
7232bc533c21ce408d45d473,f3c83d3f-0563-4e35-aa47-2e79402b0105,large_gap,2026-08-05T00:18:22.803000+00:00,10.866,warning,Interval exceeds the 5× normal-interval threshold of 10.080 seconds.
7232bc533c21ce408d45d473,f3c83d3f-0563-4e35-aa47-2e79402b0105,large_gap,2026-08-05T00:18:36.771000+00:00,10.815,warning,Interval exceeds the 5× normal-interval threshold of 10.080 seconds.
7232bc533c21ce408d45d473,f3c83d3f-0563-4e35-aa47-2e79402b0105,large_gap,2026-08-05T00:18:51.420000+00:00,10.343,warning,Interval exceeds the 5× normal-interval threshold of 10.080 seconds.
7232bc533c21ce408d45d473,f3c83d3f-0563-4e35-aa47-2e79402b0105,large_gap,2026-08-05T00:19:03.620000+00:00,12.2,warning,Interval exceeds the 5× normal-interval threshold of 10.080 seconds.
7232bc533c21ce408d45d473,f3c83d3f-0563-4e35-aa47-2e79402b0105,large_gap,2026-08-05T00:19:15.280000+00:00,11.66,warning,Interval exceeds the 5× normal-interval threshold of 10.080 seconds.
7232bc533c21ce408d45d473,f3c83d3f-0563-4e35-aa47-2e79402b0105,large_gap,2026-08-05T00:19:29.109000+00:00,13.829,warning,Interval exceeds the 5× normal-interval threshold of 10.080 seconds.
7232bc533c21ce408d45d473,f3c83d3f-0563-4e35-aa47-2e79402b0105,large_gap,2026-08-05T00:19:39.809000+00:00,10.7,warning,Interval exceeds the 5× normal-interval threshold of 10.080 seconds.
7232bc533c21ce408d45d473,f3c83d3f-0563-4e35-aa47-2e79402b0105,large_gap,2026-08-05T00:19:52.398000+00:00,12.589,warning,Interval exceeds the 5× normal-interval threshold of 10.080 seconds.
7232bc533c21ce408d45d473,f3c83d3f-0563-4e35-aa47-2e79402b0105,large_gap,2026-08-05T00:20:04.023000+00:00,11.625,warning,Interval exceeds the 5× normal-interval threshold of 10.080 seconds.
7232bc533c21ce408d45d473,f3c83d3f-0563-4e35-aa47-2e79402b0105,large_gap,2026-08-05T00:20:14.954000+00:00,10.931,warning,Interval exceeds the 5× normal-interval threshold of 10.080 seconds.
7232bc533c21ce408d45d473,f3c83d3f-0563-4e35-aa47-2e79402b0105,large_gap,2026-08-05T00:20:26.617000+00:00,11.663,warning,Interval exceeds the 5× normal-interval threshold of 10.080 seconds.
7232bc533c21ce408d45d473,f3c83d3f-0563-4e35-aa47-2e79402b0105,large_gap,2026-08-05T00:20:38.355000+00:00,11.738,warning,Interval exceeds the 5× normal-interval threshold of 10.080 seconds.
7232bc533c21ce408d45d473,f3c83d3f-0563-4e35-aa47-2e79402b0105,large_gap,2026-08-05T00:20:49.446000+00:00,11.091,warning,Interval exceeds the 5× normal-interval threshold of 10.080 seconds.
7232bc533c21ce408d45d473,f3c83d3f-0563-4e35-aa47-2e79402b0105,large_gap,2026-08-05T00:21:00.814000+00:00,11.368,warning,Interval exceeds the 5× normal-interval threshold of 10.080 seconds.
7232bc533c21ce408d45d473,f3c83d3f-0563-4e35-aa47-2e79402b0105,large_gap,2026-08-05T00:21:12.086000+00:00,11.272,warning,Interval exceeds the 5× normal-interval threshold of 10.080 seconds.
7232bc533c21ce408d45d473,f3c83d3f-0563-4e35-aa47-2e79402b0105,large_gap,2026-08-05T00:21:24.238000+00:00,12.152,warning,Interval exceeds the 5× normal-interval threshold of 10.080 seconds.
7232bc533c21ce408d45d473,f3c83d3f-0563-4e35-aa47-2e79402b0105,large_gap,2026-08-05T00:21:36.574000+00:00,12.336,warning,Interval exceeds the 5× normal-interval threshold of 10.080 seconds.
7232bc533c21ce408d45d473,f3c83d3f-0563-4e35-aa47-2e79402b0105,large_gap,2026-08-05T00:21:47.617000+00:00,11.043,warning,Interval exceeds the 5× normal-interval threshold of 10.080 seconds.
7232bc533c21ce408d45d473,f3c83d3f-0563-4e35-aa47-2e79402b0105,large_gap,2026-08-05T00:21:59.739000+00:00,12.122,warning,Interval exceeds the 5× normal-interval threshold of 10.080 seconds.
7232bc533c21ce408d45d473,f3c83d3f-0563-4e35-aa47-2e79402b0105,large_gap,2026-08-05T00:22:11.733000+00:00,11.994,warning,Interval exceeds the 5× normal-interval threshold of 10.080 seconds.
7232bc533c21ce408d45d473,f3c83d3f-0563-4e35-aa47-2e79402b0105,large_gap,2026-08-05T00:40:21.803000+00:00,14.014,warning,Interval exceeds the 5× normal-interval threshold of 10.080 seconds.
7232bc533c21ce408d45d473,f3c83d3f-0563-4e35-aa47-2e79402b0105,large_gap,2026-08-05T00:40:46.216000+00:00,24.413,warning,Interval exceeds the 5× normal-interval threshold of 10.080 seconds.
7232bc533c21ce408d45d473,f3c83d3f-0563-4e35-aa47-2e79402b0105,large_gap,2026-08-05T00:41:09.071000+00:00,22.855,warning,Interval exceeds the 5× normal-interval threshold of 10.080 seconds.
7232bc533c21ce408d45d473,f3c83d3f-0563-4e35-aa47-2e79402b0105,large_gap,2026-08-05T00:41:27.551000+00:00,18.48,warning,Interval exceeds the 5× normal-interval threshold of 10.080 seconds.
7232bc533c21ce408d45d473,f3c83d3f-0563-4e35-aa47-2e79402b0105,large_gap,2026-08-05T00:41:43.503000+00:00,15.952,warning,Interval exceeds the 5× normal-interval threshold of 10.080 seconds.
7232bc533c21ce408d45d473,f3c83d3f-0563-4e35-aa47-2e79402b0105,large_gap,2026-08-05T00:42:00.696000+00:00,17.193,warning,Interval exceeds the 5× normal-interval threshold of 10.080 seconds.
7232bc533c21ce408d45d473,f3c83d3f-0563-4e35-aa47-2e79402b0105,large_gap,2026-08-05T00:42:13.021000+00:00,12.325,warning,Interval exceeds the 5× normal-interval threshold of 10.080 seconds.
7232bc533c21ce408d45d473,f3c83d3f-0563-4e35-aa47-2e79402b0105,large_gap,2026-08-05T00:42:24.354000+00:00,11.333,warning,Interval exceeds the 5× normal-interval threshold of 10.080 seconds.
7232bc533c21ce408d45d473,f3c83d3f-0563-4e35-aa47-2e79402b0105,large_gap,2026-08-05T00:42:36.409000+00:00,12.055,warning,Interval exceeds the 5× normal-interval threshold of 10.080 seconds.
7232bc533c21ce408d45d473,f3c83d3f-0563-4e35-aa47-2e79402b0105,large_gap,2026-08-05T00:42:48.768000+00:00,12.359,warning,Interval exceeds the 5× normal-interval threshold of 10.080 seconds.
7232bc533c21ce408d45d473,f3c83d3f-0563-4e35-aa47-2e79402b0105,large_gap,2026-08-05T00:43:00.535000+00:00,11.767,warning,Interval exceeds the 5× normal-interval threshold of 10.080 seconds.
7232bc533c21ce408d45d473,f3c83d3f-0563-4e35-aa47-2e79402b0105,large_gap,2026-08-05T00:43:11.837000+00:00,11.302,warning,Interval exceeds the 5× normal-interval threshold of 10.080 seconds.
7232bc533c21ce408d45d473,f3c83d3f-0563-4e35-aa47-2e79402b0105,large_gap,2026-08-05T00:43:23.372000+00:00,11.535,warning,Interval exceeds the 5× normal-interval threshold of 10.080 seconds.
7232bc533c21ce408d45d473,f3c83d3f-0563-4e35-aa47-2e79402b0105,large_gap,2026-08-05T00:43:36.428000+00:00,13.056,warning,Interval exceeds the 5× normal-interval threshold of 10.080 seconds.
7232bc533c21ce408d45d473,f3c83d3f-0563-4e35-aa47-2e79402b0105,large_gap,2026-08-05T00:43:48.202000+00:00,11.774,warning,Interval exceeds the 5× normal-interval threshold of 10.080 seconds.
7232bc533c21ce408d45d473,f3c83d3f-0563-4e35-aa47-2e79402b0105,large_gap,2026-08-05T00:43:59.418000+00:00,11.216,warning,Interval exceeds the 5× normal-interval threshold of 10.080 seconds.
7232bc533c21ce408d45d473,f3c83d3f-0563-4e35-aa47-2e79402b0105,large_gap,2026-08-05T00:44:14.054000+00:00,14.636,warning,Interval exceeds the 5× normal-interval threshold of 10.080 seconds.
7232bc533c21ce408d45d473,f3c83d3f-0563-4e35-aa47-2e79402b0105,large_gap,2026-08-05T00:44:27.350000+00:00,13.296,warning,Interval exceeds the 5× normal-interval threshold of 10.080 seconds.
7232bc533c21ce408d45d473,f3c83d3f-0563-4e35-aa47-2e79402b0105,large_gap,2026-08-05T00:44:43.595000+00:00,16.245,warning,Interval exceeds the 5× normal-interval threshold of 10.080 seconds.
7232bc533c21ce408d45d473,f3c83d3f-0563-4e35-aa47-2e79402b0105,large_gap,2026-08-05T00:44:58.012000+00:00,14.417,warning,Interval exceeds the 5× normal-interval threshold of 10.080 seconds.
7232bc533c21ce408d45d473,f3c83d3f-0563-4e35-aa47-2e79402b0105,large_gap,2026-08-05T00:51:06.974000+00:00,11.143,warning,Interval exceeds the 5× normal-interval threshold of 10.080 seconds.
7232bc533c21ce408d45d473,f3c83d3f-0563-4e35-aa47-2e79402b0105,large_gap,2026-08-05T00:51:33.966000+00:00,14.084,warning,Interval exceeds the 5× normal-interval threshold of 10.080 seconds.
7232bc533c21ce408d45d473,f3c83d3f-0563-4e35-aa47-2e79402b0105,large_gap,2026-08-05T00:51:47.399000+00:00,13.433,warning,Interval exceeds the 5× normal-interval threshold of 10.080 seconds.
7232bc533c21ce408d45d473,f3c83d3f-0563-4e35-aa47-2e79402b0105,large_gap,2026-08-05T00:51:59.672000+00:00,12.273,warning,Interval exceeds the 5× normal-interval threshold of 10.080 seconds.
7232bc533c21ce408d45d473,f3c83d3f-0563-4e35-aa47-2e79402b0105,large_gap,2026-08-05T00:52:11.721000+00:00,12.049,warning,Interval exceeds the 5× normal-interval threshold of 10.080 seconds.
7232bc533c21ce408d45d473,f3c83d3f-0563-4e35-aa47-2e79402b0105,large_gap,2026-08-05T00:52:23.491000+00:00,11.77,warning,Interval exceeds the 5× normal-interval threshold of 10.080 seconds.
7232bc533c21ce408d45d473,f3c83d3f-0563-4e35-aa47-2e79402b0105,large_gap,2026-08-05T00:52:36.238000+00:00,12.747,warning,Interval exceeds the 5× normal-interval threshold of 10.080 seconds.
7232bc533c21ce408d45d473,f3c83d3f-0563-4e35-aa47-2e79402b0105,large_gap,2026-08-05T00:52:48.120000+00:00,11.882,warning,Interval exceeds the 5× normal-interval threshold of 10.080 seconds.
7232bc533c21ce408d45d473,f3c83d3f-0563-4e35-aa47-2e79402b0105,large_gap,2026-08-05T00:53:00.212000+00:00,12.092,warning,Interval exceeds the 5× normal-interval threshold of 10.080 seconds.
7232bc533c21ce408d45d473,f3c83d3f-0563-4e35-aa47-2e79402b0105,large_gap,2026-08-05T00:53:12.989000+00:00,12.777,warning,Interval exceeds the 5× normal-interval threshold of 10.080 seconds.
7232bc533c21ce408d45d473,f3c83d3f-0563-4e35-aa47-2e79402b0105,large_gap,2026-08-05T00:53:25.513000+00:00,12.524,warning,Interval exceeds the 5× normal-interval threshold of 10.080 seconds.
7232bc533c21ce408d45d473,f3c83d3f-0563-4e35-aa47-2e79402b0105,large_gap,2026-08-05T00:53:37.551000+00:00,12.038,warning,Interval exceeds the 5× normal-interval threshold of 10.080 seconds.
7232bc533c21ce408d45d473,f3c83d3f-0563-4e35-aa47-2e79402b0105,large_gap,2026-08-05T00:53:50.707000+00:00,13.156,warning,Interval exceeds the 5× normal-interval threshold of 10.080 seconds.
7232bc533c21ce408d45d473,f3c83d3f-0563-4e35-aa47-2e79402b0105,large_gap,2026-08-05T00:54:02.268000+00:00,11.561,warning,Interval exceeds the 5× normal-interval threshold of 10.080 seconds.
7232bc533c21ce408d45d473,f3c83d3f-0563-4e35-aa47-2e79402b0105,large_gap,2026-08-05T00:54:14.263000+00:00,11.995,warning,Interval exceeds the 5× normal-interval threshold of 10.080 seconds.
7232bc533c21ce408d45d473,f3c83d3f-0563-4e35-aa47-2e79402b0105,large_gap,2026-08-05T00:54:25.084000+00:00,10.821,warning,Interval exceeds the 5× normal-interval threshold of 10.080 seconds.
7232bc533c21ce408d45d473,f3c83d3f-0563-4e35-aa47-2e79402b0105,large_gap,2026-08-05T00:54:42.068000+00:00,13.997,warning,Interval exceeds the 5× normal-interval threshold of 10.080 seconds.
7232bc533c21ce408d45d473,f3c83d3f-0563-4e35-aa47-2e79402b0105,large_gap,2026-08-05T00:54:55.642000+00:00,13.574,warning,Interval exceeds the 5× normal-interval threshold of 10.080 seconds.
7232bc533c21ce408d45d473,f3c83d3f-0563-4e35-aa47-2e79402b0105,large_gap,2026-08-05T00:55:09.821000+00:00,14.179,warning,Interval exceeds the 5× normal-interval threshold of 10.080 seconds.
7232bc533c21ce408d45d473,f3c83d3f-0563-4e35-aa47-2e79402b0105,large_gap,2026-08-05T00:55:23.161000+00:00,13.34,warning,Interval exceeds the 5× normal-interval threshold of 10.080 seconds.
7232bc533c21ce408d45d473,f3c83d3f-0563-4e35-aa47-2e79402b0105,large_gap,2026-08-05T00:55:35.093000+00:00,11.932,warning,Interval exceeds the 5× normal-interval threshold of 10.080 seconds.
7232bc533c21ce408d45d473,f3c83d3f-0563-4e35-aa47-2e79402b0105,large_gap,2026-08-05T01:08:37.325000+00:00,11.068,warning,Interval exceeds the 5× normal-interval threshold of 10.080 seconds.
7232bc533c21ce408d45d473,f3c83d3f-0563-4e35-aa47-2e79402b0105,large_gap,2026-08-05T01:08:50.222000+00:00,12.897,warning,Interval exceeds the 5× normal-interval threshold of 10.080 seconds.
7232bc533c21ce408d45d473,f3c83d3f-0563-4e35-aa47-2e79402b0105,large_gap,2026-08-05T01:09:01.939000+00:00,11.717,warning,Interval exceeds the 5× normal-interval threshold of 10.080 seconds.
7232bc533c21ce408d45d473,f3c83d3f-0563-4e35-aa47-2e79402b0105,large_gap,2026-08-05T01:09:13.625000+00:00,11.686,warning,Interval exceeds the 5× normal-interval threshold of 10.080 seconds.
7232bc533c21ce408d45d473,f3c83d3f-0563-4e35-aa47-2e79402b0105,large_gap,2026-08-05T01:09:25.282000+00:00,11.657,warning,Interval exceeds the 5× normal-interval threshold of 10.080 seconds.
7232bc533c21ce408d45d473,f3c83d3f-0563-4e35-aa47-2e79402b0105,large_gap,2026-08-05T01:09:37.816000+00:00,12.534,warning,Interval exceeds the 5× normal-interval threshold of 10.080 seconds.
7232bc533c21ce408d45d473,f3c83d3f-0563-4e35-aa47-2e79402b0105,large_gap,2026-08-05T01:09:49.396000+00:00,11.58,warning,Interval exceeds the 5× normal-interval threshold of 10.080 seconds.
7232bc533c21ce408d45d473,f3c83d3f-0563-4e35-aa47-2e79402b0105,large_gap,2026-08-05T01:10:02.554000+00:00,13.158,warning,Interval exceeds the 5× normal-interval threshold of 10.080 seconds.
7232bc533c21ce408d45d473,f3c83d3f-0563-4e35-aa47-2e79402b0105,large_gap,2026-08-05T01:10:28.584000+00:00,12.779,warning,Interval exceeds the 5× normal-interval threshold of 10.080 seconds.
7232bc533c21ce408d45d473,f3c83d3f-0563-4e35-aa47-2e79402b0105,large_gap,2026-08-05T01:10:43.548000+00:00,14.964,warning,Interval exceeds the 5× normal-interval threshold of 10.080 seconds.
7232bc533c21ce408d45d473,f3c83d3f-0563-4e35-aa47-2e79402b0105,large_gap,2026-08-05T01:10:58.158000+00:00,14.61,warning,Interval exceeds the 5× normal-interval threshold of 10.080 seconds.
7232bc533c21ce408d45d473,f3c83d3f-0563-4e35-aa47-2e79402b0105,large_gap,2026-08-05T01:11:15.114000+00:00,16.956,warning,Interval exceeds the 5× normal-interval threshold of 10.080 seconds.
7232bc533c21ce408d45d473,f3c83d3f-0563-4e35-aa47-2e79402b0105,large_gap,2026-08-05T01:11:27.278000+00:00,12.164,warning,Interval exceeds the 5× normal-interval threshold of 10.080 seconds.
7232bc533c21ce408d45d473,f3c83d3f-0563-4e35-aa47-2e79402b0105,large_gap,2026-08-05T01:11:41.561000+00:00,14.283,warning,Interval exceeds the 5× normal-interval threshold of 10.080 seconds.
7232bc533c21ce408d45d473,f3c83d3f-0563-4e35-aa47-2e79402b0105,large_gap,2026-08-05T01:11:53.015000+00:00,11.454,warning,Interval exceeds the 5× normal-interval threshold of 10.080 seconds.
7232bc533c21ce408d45d473,f3c83d3f-0563-4e35-aa47-2e79402b0105,large_gap,2026-08-05T01:12:04.675000+00:00,11.66,warning,Interval exceeds the 5× normal-interval threshold of 10.080 seconds.
7232bc533c21ce408d45d473,f3c83d3f-0563-4e35-aa47-2e79402b0105,large_gap,2026-08-05T01:12:16.202000+00:00,11.527,warning,Interval exceeds the 5× normal-interval threshold of 10.080 seconds.
7232bc533c21ce408d45d473,f3c83d3f-0563-4e35-aa47-2e79402b0105,large_gap,2026-08-05T01:12:32.800000+00:00,16.598,warning,Interval exceeds the 5× normal-interval threshold of 10.080 seconds.
7232bc533c21ce408d45d473,f3c83d3f-0563-4e35-aa47-2e79402b0105,large_gap,2026-08-05T01:12:45.853000+00:00,13.053,warning,Interval exceeds the 5× normal-interval threshold of 10.080 seconds.
7232bc533c21ce408d45d473,f3c83d3f-0563-4e35-aa47-2e79402b0105,large_gap,2026-08-05T01:12:59.341000+00:00,13.488,warning,Interval exceeds the 5× normal-interval threshold of 10.080 seconds.
7232bc533c21ce408d45d473,f3c83d3f-0563-4e35-aa47-2e79402b0105,large_gap,2026-08-05T01:13:12.847000+00:00,13.506,warning,Interval exceeds the 5× normal-interval threshold of 10.080 seconds.
7232bc533c21ce408d45d473,f3c83d3f-0563-4e35-aa47-2e79402b0105,large_gap,2026-08-05T01:13:23.478000+00:00,10.631,warning,Interval exceeds the 5× normal-interval threshold of 10.080 seconds.
7232bc533c21ce408d45d473,f81f7ffe-2f6d-4479-937f-cc82e574c286,large_gap,2026-08-01T00:02:46.912000+00:00,10.833,warning,Interval exceeds the 5× normal-interval threshold of 10.080 seconds.
7232bc533c21ce408d45d473,f81f7ffe-2f6d-4479-937f-cc82e574c286,large_gap,2026-08-01T00:10:05.200000+00:00,14.143,warning,Interval exceeds the 5× normal-interval threshold of 10.080 seconds.
7232bc533c21ce408d45d473,f81f7ffe-2f6d-4479-937f-cc82e574c286,large_gap,2026-08-01T00:55:24.405000+00:00,10.632,warning,Interval exceeds the 5× normal-interval threshold of 10.080 seconds.
7232bc533c21ce408d45d473,fac82c2e-545a-402a-80f8-3d1fccb72c68,large_gap,2026-07-29T07:35:10.013000+00:00,15.226,warning,Interval exceeds the 5× normal-interval threshold of 10.080 seconds.
7232bc533c21ce408d45d473,fac82c2e-545a-402a-80f8-3d1fccb72c68,large_gap,2026-07-29T07:36:34.402000+00:00,17.11,warning,Interval exceeds the 5× normal-interval threshold of 10.080 seconds.
7232bc533c21ce408d45d473,fac82c2e-545a-402a-80f8-3d1fccb72c68,large_gap,2026-07-29T07:36:52.547000+00:00,18.145,warning,Interval exceeds the 5× normal-interval threshold of 10.080 seconds.
7232bc533c21ce408d45d473,fac82c2e-545a-402a-80f8-3d1fccb72c68,large_gap,2026-07-29T07:37:07.176000+00:00,14.629,warning,Interval exceeds the 5× normal-interval threshold of 10.080 seconds.
7232bc533c21ce408d45d473,fac82c2e-545a-402a-80f8-3d1fccb72c68,large_gap,2026-07-29T07:37:21.151000+00:00,13.975,warning,Interval exceeds the 5× normal-interval threshold of 10.080 seconds.
7232bc533c21ce408d45d473,fac82c2e-545a-402a-80f8-3d1fccb72c68,large_gap,2026-07-29T07:37:37.004000+00:00,15.853,warning,Interval exceeds the 5× normal-interval threshold of 10.080 seconds.
7232bc533c21ce408d45d473,fac82c2e-545a-402a-80f8-3d1fccb72c68,large_gap,2026-07-29T07:37:50.946000+00:00,13.942,warning,Interval exceeds the 5× normal-interval threshold of 10.080 seconds.
7232bc533c21ce408d45d473,fac82c2e-545a-402a-80f8-3d1fccb72c68,large_gap,2026-07-29T07:38:03.904000+00:00,12.958,warning,Interval exceeds the 5× normal-interval threshold of 10.080 seconds.
7232bc533c21ce408d45d473,fac82c2e-545a-402a-80f8-3d1fccb72c68,large_gap,2026-07-29T07:38:14.890000+00:00,10.986,warning,Interval exceeds the 5× normal-interval threshold of 10.080 seconds.
7232bc533c21ce408d45d473,fac82c2e-545a-402a-80f8-3d1fccb72c68,large_gap,2026-07-29T07:38:27.645000+00:00,12.755,warning,Interval exceeds the 5× normal-interval threshold of 10.080 seconds.
7232bc533c21ce408d45d473,fac82c2e-545a-402a-80f8-3d1fccb72c68,large_gap,2026-07-29T07:39:24.540000+00:00,10.135,warning,Interval exceeds the 5× normal-interval threshold of 10.080 seconds.
7232bc533c21ce408d45d473,fac82c2e-545a-402a-80f8-3d1fccb72c68,large_gap,2026-07-29T07:39:50.103000+00:00,11.662,warning,Interval exceeds the 5× normal-interval threshold of 10.080 seconds.
7232bc533c21ce408d45d473,fac82c2e-545a-402a-80f8-3d1fccb72c68,large_gap,2026-07-29T07:50:44.330000+00:00,11.305,warning,Interval exceeds the 5× normal-interval threshold of 10.080 seconds.
7232bc533c21ce408d45d473,fac82c2e-545a-402a-80f8-3d1fccb72c68,large_gap,2026-07-29T07:50:55.659000+00:00,11.329,warning,Interval exceeds the 5× normal-interval threshold of 10.080 seconds.
7232bc533c21ce408d45d473,fac82c2e-545a-402a-80f8-3d1fccb72c68,large_gap,2026-07-29T07:51:53.289000+00:00,12.021,warning,Interval exceeds the 5× normal-interval threshold of 10.080 seconds.
7232bc533c21ce408d45d473,fac82c2e-545a-402a-80f8-3d1fccb72c68,large_gap,2026-07-29T07:57:47.475000+00:00,13.014,warning,Interval exceeds the 5× normal-interval threshold of 10.080 seconds.
7232bc533c21ce408d45d473,fac82c2e-545a-402a-80f8-3d1fccb72c68,large_gap,2026-07-29T07:57:58.213000+00:00,10.738,warning,Interval exceeds the 5× normal-interval threshold of 10.080 seconds.
7232bc533c21ce408d45d473,fac82c2e-545a-402a-80f8-3d1fccb72c68,large_gap,2026-07-29T07:58:08.719000+00:00,10.506,warning,Interval exceeds the 5× normal-interval threshold of 10.080 seconds.
7232bc533c21ce408d45d473,fac82c2e-545a-402a-80f8-3d1fccb72c68,large_gap,2026-07-29T08:12:14.111000+00:00,11.381,warning,Interval exceeds the 5× normal-interval threshold of 10.080 seconds.
7232bc533c21ce408d45d473,fac82c2e-545a-402a-80f8-3d1fccb72c68,large_gap,2026-07-29T08:18:20.432000+00:00,11.538,warning,Interval exceeds the 5× normal-interval threshold of 10.080 seconds.
7232bc533c21ce408d45d473,fac82c2e-545a-402a-80f8-3d1fccb72c68,large_gap,2026-07-29T08:19:06.090000+00:00,10.366,warning,Interval exceeds the 5× normal-interval threshold of 10.080 seconds.
7232bc533c21ce408d45d473,fac82c2e-545a-402a-80f8-3d1fccb72c68,large_gap,2026-07-29T08:20:14.241000+00:00,11.133,warning,Interval exceeds the 5× normal-interval threshold of 10.080 seconds.
7232bc533c21ce408d45d473,fac82c2e-545a-402a-80f8-3d1fccb72c68,large_gap,2026-07-29T08:21:42.442000+00:00,10.214,warning,Interval exceeds the 5× normal-interval threshold of 10.080 seconds.
7232bc533c21ce408d45d473,fac82c2e-545a-402a-80f8-3d1fccb72c68,large_gap,2026-07-29T08:29:41.802000+00:00,15.095,warning,Interval exceeds the 5× normal-interval threshold of 10.080 seconds.
7232bc533c21ce408d45d473,fac82c2e-545a-402a-80f8-3d1fccb72c68,large_gap,2026-07-29T08:29:53.907000+00:00,12.105,warning,Interval exceeds the 5× normal-interval threshold of 10.080 seconds.
7232bc533c21ce408d45d473,fac82c2e-545a-402a-80f8-3d1fccb72c68,large_gap,2026-07-29T08:30:05.620000+00:00,11.713,warning,Interval exceeds the 5× normal-interval threshold of 10.080 seconds.
7232bc533c21ce408d45d473,fac82c2e-545a-402a-80f8-3d1fccb72c68,large_gap,2026-07-29T08:30:18.158000+00:00,12.538,warning,Interval exceeds the 5× normal-interval threshold of 10.080 seconds.
7232bc533c21ce408d45d473,fac82c2e-545a-402a-80f8-3d1fccb72c68,large_gap,2026-07-29T08:30:32.207000+00:00,14.049,warning,Interval exceeds the 5× normal-interval threshold of 10.080 seconds.
7232bc533c21ce408d45d473,fac82c2e-545a-402a-80f8-3d1fccb72c68,large_gap,2026-07-29T08:30:45.968000+00:00,13.761,warning,Interval exceeds the 5× normal-interval threshold of 10.080 seconds.
7232bc533c21ce408d45d473,fac82c2e-545a-402a-80f8-3d1fccb72c68,large_gap,2026-07-29T08:30:57.461000+00:00,11.493,warning,Interval exceeds the 5× normal-interval threshold of 10.080 seconds.
7232bc533c21ce408d45d473,fac82c2e-545a-402a-80f8-3d1fccb72c68,large_gap,2026-07-29T08:31:08.982000+00:00,11.521,warning,Interval exceeds the 5× normal-interval threshold of 10.080 seconds.
7232bc533c21ce408d45d473,fac82c2e-545a-402a-80f8-3d1fccb72c68,large_gap,2026-07-29T08:31:21.318000+00:00,12.336,warning,Interval exceeds the 5× normal-interval threshold of 10.080 seconds.
7232bc533c21ce408d45d473,fac82c2e-545a-402a-80f8-3d1fccb72c68,large_gap,2026-07-29T08:31:33.306000+00:00,11.988,warning,Interval exceeds the 5× normal-interval threshold of 10.080 seconds.
7232bc533c21ce408d45d473,fac82c2e-545a-402a-80f8-3d1fccb72c68,large_gap,2026-07-29T08:31:45.133000+00:00,11.827,warning,Interval exceeds the 5× normal-interval threshold of 10.080 seconds.
7232bc533c21ce408d45d473,fac82c2e-545a-402a-80f8-3d1fccb72c68,large_gap,2026-07-29T08:31:56.919000+00:00,11.786,warning,Interval exceeds the 5× normal-interval threshold of 10.080 seconds.
7232bc533c21ce408d45d473,fac82c2e-545a-402a-80f8-3d1fccb72c68,large_gap,2026-07-29T08:32:10.225000+00:00,13.306,warning,Interval exceeds the 5× normal-interval threshold of 10.080 seconds.
7232bc533c21ce408d45d473,fac82c2e-545a-402a-80f8-3d1fccb72c68,large_gap,2026-07-29T08:32:23.274000+00:00,13.049,warning,Interval exceeds the 5× normal-interval threshold of 10.080 seconds.
7232bc533c21ce408d45d473,fac82c2e-545a-402a-80f8-3d1fccb72c68,large_gap,2026-07-29T08:32:35.114000+00:00,11.84,warning,Interval exceeds the 5× normal-interval threshold of 10.080 seconds.
7232bc533c21ce408d45d473,fac82c2e-545a-402a-80f8-3d1fccb72c68,large_gap,2026-07-29T08:32:47.039000+00:00,11.925,warning,Interval exceeds the 5× normal-interval threshold of 10.080 seconds.
7232bc533c21ce408d45d473,fac82c2e-545a-402a-80f8-3d1fccb72c68,large_gap,2026-07-29T08:32:59.126000+00:00,12.087,warning,Interval exceeds the 5× normal-interval threshold of 10.080 seconds.
7232bc533c21ce408d45d473,fac82c2e-545a-402a-80f8-3d1fccb72c68,large_gap,2026-07-29T08:33:11.235000+00:00,12.109,warning,Interval exceeds the 5× normal-interval threshold of 10.080 seconds.
7232bc533c21ce408d45d473,fac82c2e-545a-402a-80f8-3d1fccb72c68,large_gap,2026-07-29T08:33:23.520000+00:00,12.285,warning,Interval exceeds the 5× normal-interval threshold of 10.080 seconds.
7232bc533c21ce408d45d473,fac82c2e-545a-402a-80f8-3d1fccb72c68,large_gap,2026-07-29T08:33:35.006000+00:00,11.486,warning,Interval exceeds the 5× normal-interval threshold of 10.080 seconds.
7232bc533c21ce408d45d473,fac82c2e-545a-402a-80f8-3d1fccb72c68,large_gap,2026-07-29T08:33:47.105000+00:00,12.099,warning,Interval exceeds the 5× normal-interval threshold of 10.080 seconds.
7232bc533c21ce408d45d473,fac82c2e-545a-402a-80f8-3d1fccb72c68,large_gap,2026-07-29T08:33:59.503000+00:00,12.398,warning,Interval exceeds the 5× normal-interval threshold of 10.080 seconds.
7232bc533c21ce408d45d473,fac82c2e-545a-402a-80f8-3d1fccb72c68,large_gap,2026-07-29T08:34:12.350000+00:00,12.847,warning,Interval exceeds the 5× normal-interval threshold of 10.080 seconds.
7232bc533c21ce408d45d473,fac82c2e-545a-402a-80f8-3d1fccb72c68,large_gap,2026-07-29T08:34:23.025000+00:00,10.675,warning,Interval exceeds the 5× normal-interval threshold of 10.080 seconds.
7232bc533c21ce408d45d473,fac82c2e-545a-402a-80f8-3d1fccb72c68,large_gap,2026-07-29T09:29:51.138000+00:00,12.207,warning,Interval exceeds the 5× normal-interval threshold of 10.080 seconds.
7232bc533c21ce408d45d473,fac82c2e-545a-402a-80f8-3d1fccb72c68,large_gap,2026-07-29T09:30:03.594000+00:00,12.456,warning,Interval exceeds the 5× normal-interval threshold of 10.080 seconds.
7232bc533c21ce408d45d473,fac82c2e-545a-402a-80f8-3d1fccb72c68,large_gap,2026-07-29T09:30:15.431000+00:00,11.837,warning,Interval exceeds the 5× normal-interval threshold of 10.080 seconds.
7232bc533c21ce408d45d473,fac82c2e-545a-402a-80f8-3d1fccb72c68,large_gap,2026-07-29T09:30:27.578000+00:00,12.147,warning,Interval exceeds the 5× normal-interval threshold of 10.080 seconds.
7232bc533c21ce408d45d473,fac82c2e-545a-402a-80f8-3d1fccb72c68,large_gap,2026-07-29T09:30:39.584000+00:00,12.006,warning,Interval exceeds the 5× normal-interval threshold of 10.080 seconds.
7232bc533c21ce408d45d473,fac82c2e-545a-402a-80f8-3d1fccb72c68,large_gap,2026-07-29T09:30:51.620000+00:00,12.036,warning,Interval exceeds the 5× normal-interval threshold of 10.080 seconds.
7232bc533c21ce408d45d473,fac82c2e-545a-402a-80f8-3d1fccb72c68,large_gap,2026-07-29T09:31:03.710000+00:00,12.09,warning,Interval exceeds the 5× normal-interval threshold of 10.080 seconds.
7232bc533c21ce408d45d473,fac82c2e-545a-402a-80f8-3d1fccb72c68,large_gap,2026-07-29T09:31:15.296000+00:00,11.586,warning,Interval exceeds the 5× normal-interval threshold of 10.080 seconds.
7232bc533c21ce408d45d473,fac82c2e-545a-402a-80f8-3d1fccb72c68,large_gap,2026-07-29T09:31:27.493000+00:00,12.197,warning,Interval exceeds the 5× normal-interval threshold of 10.080 seconds.
7232bc533c21ce408d45d473,fac82c2e-545a-402a-80f8-3d1fccb72c68,large_gap,2026-07-29T09:31:39.735000+00:00,12.242,warning,Interval exceeds the 5× normal-interval threshold of 10.080 seconds.
7232bc533c21ce408d45d473,fac82c2e-545a-402a-80f8-3d1fccb72c68,large_gap,2026-07-29T09:31:51.715000+00:00,11.98,warning,Interval exceeds the 5× normal-interval threshold of 10.080 seconds.
7232bc533c21ce408d45d473,fac82c2e-545a-402a-80f8-3d1fccb72c68,large_gap,2026-07-29T09:32:03.611000+00:00,11.896,warning,Interval exceeds the 5× normal-interval threshold of 10.080 seconds.
7232bc533c21ce408d45d473,fac82c2e-545a-402a-80f8-3d1fccb72c68,large_gap,2026-07-29T09:32:16.668000+00:00,13.057,warning,Interval exceeds the 5× normal-interval threshold of 10.080 seconds.
7232bc533c21ce408d45d473,fac82c2e-545a-402a-80f8-3d1fccb72c68,large_gap,2026-07-29T09:32:29.499000+00:00,12.831,warning,Interval exceeds the 5× normal-interval threshold of 10.080 seconds.
7232bc533c21ce408d45d473,fac82c2e-545a-402a-80f8-3d1fccb72c68,large_gap,2026-07-29T09:32:41.297000+00:00,11.798,warning,Interval exceeds the 5× normal-interval threshold of 10.080 seconds.
7232bc533c21ce408d45d473,fac82c2e-545a-402a-80f8-3d1fccb72c68,large_gap,2026-07-29T09:32:53.171000+00:00,11.874,warning,Interval exceeds the 5× normal-interval threshold of 10.080 seconds.
7232bc533c21ce408d45d473,fac82c2e-545a-402a-80f8-3d1fccb72c68,large_gap,2026-07-29T09:33:06.378000+00:00,13.207,warning,Interval exceeds the 5× normal-interval threshold of 10.080 seconds.
7232bc533c21ce408d45d473,fac82c2e-545a-402a-80f8-3d1fccb72c68,large_gap,2026-07-29T09:33:19.377000+00:00,12.999,warning,Interval exceeds the 5× normal-interval threshold of 10.080 seconds.
7232bc533c21ce408d45d473,fac82c2e-545a-402a-80f8-3d1fccb72c68,large_gap,2026-07-29T09:33:31.331000+00:00,11.954,warning,Interval exceeds the 5× normal-interval threshold of 10.080 seconds.
7232bc533c21ce408d45d473,fac82c2e-545a-402a-80f8-3d1fccb72c68,large_gap,2026-07-29T09:33:43.585000+00:00,12.254,warning,Interval exceeds the 5× normal-interval threshold of 10.080 seconds.
7232bc533c21ce408d45d473,fac82c2e-545a-402a-80f8-3d1fccb72c68,large_gap,2026-07-29T09:33:56.535000+00:00,12.95,warning,Interval exceeds the 5× normal-interval threshold of 10.080 seconds.
7232bc533c21ce408d45d473,fac82c2e-545a-402a-80f8-3d1fccb72c68,large_gap,2026-07-29T09:34:07.862000+00:00,11.327,warning,Interval exceeds the 5× normal-interval threshold of 10.080 seconds.
a0f8c86097e55fbfa506d057,0fc9db54-83d3-456a-b9ea-1aa8a6f66cf9,large_gap,2026-08-08T13:01:44.711000+00:00,10.395,warning,Interval exceeds the 5× normal-interval threshold of 10.080 seconds.
a0f8c86097e55fbfa506d057,0fc9db54-83d3-456a-b9ea-1aa8a6f66cf9,large_gap,2026-08-08T13:02:05.069000+00:00,11.817,warning,Interval exceeds the 5× normal-interval threshold of 10.080 seconds.
a0f8c86097e55fbfa506d057,0fc9db54-83d3-456a-b9ea-1aa8a6f66cf9,large_gap,2026-08-08T13:02:23.270000+00:00,10.096,warning,Interval exceeds the 5× normal-interval threshold of 10.080 seconds.
a0f8c86097e55fbfa506d057,0fc9db54-83d3-456a-b9ea-1aa8a6f66cf9,large_gap,2026-08-08T13:02:43.502000+00:00,10.462,warning,Interval exceeds the 5× normal-interval threshold of 10.080 seconds.
a0f8c86097e55fbfa506d057,0fc9db54-83d3-456a-b9ea-1aa8a6f66cf9,large_gap,2026-08-08T13:02:53.815000+00:00,10.313,warning,Interval exceeds the 5× normal-interval threshold of 10.080 seconds.
a0f8c86097e55fbfa506d057,0fc9db54-83d3-456a-b9ea-1aa8a6f66cf9,large_gap,2026-08-08T13:03:04.671000+00:00,10.856,warning,Interval exceeds the 5× normal-interval threshold of 10.080 seconds.
a0f8c86097e55fbfa506d057,0fc9db54-83d3-456a-b9ea-1aa8a6f66cf9,large_gap,2026-08-08T13:03:14.831000+00:00,10.16,warning,Interval exceeds the 5× normal-interval threshold of 10.080 seconds.
a0f8c86097e55fbfa506d057,0fc9db54-83d3-456a-b9ea-1aa8a6f66cf9,large_gap,2026-08-08T13:05:20.468000+00:00,10.204,warning,Interval exceeds the 5× normal-interval threshold of 10.080 seconds.
a0f8c86097e55fbfa506d057,0fc9db54-83d3-456a-b9ea-1aa8a6f66cf9,large_gap,2026-08-08T13:05:31.135000+00:00,10.667,warning,Interval exceeds the 5× normal-interval threshold of 10.080 seconds.
a0f8c86097e55fbfa506d057,0fc9db54-83d3-456a-b9ea-1aa8a6f66cf9,large_gap,2026-08-08T13:05:42.621000+00:00,11.486,warning,Interval exceeds the 5× normal-interval threshold of 10.080 seconds.
a0f8c86097e55fbfa506d057,0fc9db54-83d3-456a-b9ea-1aa8a6f66cf9,large_gap,2026-08-08T13:05:56.998000+00:00,14.377,warning,Interval exceeds the 5× normal-interval threshold of 10.080 seconds.
a0f8c86097e55fbfa506d057,0fc9db54-83d3-456a-b9ea-1aa8a6f66cf9,large_gap,2026-08-08T13:06:40.900000+00:00,10.275,warning,Interval exceeds the 5× normal-interval threshold of 10.080 seconds.
a0f8c86097e55fbfa506d057,0fc9db54-83d3-456a-b9ea-1aa8a6f66cf9,large_gap,2026-08-08T13:06:55.616000+00:00,14.716,warning,Interval exceeds the 5× normal-interval threshold of 10.080 seconds.
a0f8c86097e55fbfa506d057,28ca5ae9-faed-4da3-8350-e2605f94aa88,large_gap,2026-08-03T11:55:45.067000+00:00,11.45,warning,Interval exceeds the 5× normal-interval threshold of 10.080 seconds.
a0f8c86097e55fbfa506d057,28ca5ae9-faed-4da3-8350-e2605f94aa88,large_gap,2026-08-03T11:56:57.078000+00:00,12.711,warning,Interval exceeds the 5× normal-interval threshold of 10.080 seconds.
a0f8c86097e55fbfa506d057,28ca5ae9-faed-4da3-8350-e2605f94aa88,large_gap,2026-08-03T11:57:12.125000+00:00,15.047,warning,Interval exceeds the 5× normal-interval threshold of 10.080 seconds.
a0f8c86097e55fbfa506d057,28ca5ae9-faed-4da3-8350-e2605f94aa88,large_gap,2026-08-03T11:57:33.839000+00:00,13.094,warning,Interval exceeds the 5× normal-interval threshold of 10.080 seconds.
a0f8c86097e55fbfa506d057,28ca5ae9-faed-4da3-8350-e2605f94aa88,large_gap,2026-08-03T11:57:44.611000+00:00,10.772,warning,Interval exceeds the 5× normal-interval threshold of 10.080 seconds.
a0f8c86097e55fbfa506d057,28ca5ae9-faed-4da3-8350-e2605f94aa88,large_gap,2026-08-03T12:02:58.221000+00:00,10.145,warning,Interval exceeds the 5× normal-interval threshold of 10.080 seconds.
a0f8c86097e55fbfa506d057,28ca5ae9-faed-4da3-8350-e2605f94aa88,large_gap,2026-08-03T12:03:08.867000+00:00,10.646,warning,Interval exceeds the 5× normal-interval threshold of 10.080 seconds.
a0f8c86097e55fbfa506d057,28ca5ae9-faed-4da3-8350-e2605f94aa88,large_gap,2026-08-03T12:04:26.062000+00:00,12.394,warning,Interval exceeds the 5× normal-interval threshold of 10.080 seconds.
a0f8c86097e55fbfa506d057,28ca5ae9-faed-4da3-8350-e2605f94aa88,large_gap,2026-08-03T12:05:35.055000+00:00,11.998,warning,Interval exceeds the 5× normal-interval threshold of 10.080 seconds.
a0f8c86097e55fbfa506d057,28ca5ae9-faed-4da3-8350-e2605f94aa88,large_gap,2026-08-03T12:07:09.400000+00:00,10.305,warning,Interval exceeds the 5× normal-interval threshold of 10.080 seconds.
a0f8c86097e55fbfa506d057,28ca5ae9-faed-4da3-8350-e2605f94aa88,large_gap,2026-08-03T15:30:04.883000+00:00,10.412,warning,Interval exceeds the 5× normal-interval threshold of 10.080 seconds.
a0f8c86097e55fbfa506d057,28ca5ae9-faed-4da3-8350-e2605f94aa88,large_gap,2026-08-03T15:30:17.909000+00:00,13.026,warning,Interval exceeds the 5× normal-interval threshold of 10.080 seconds.
a0f8c86097e55fbfa506d057,28ca5ae9-faed-4da3-8350-e2605f94aa88,large_gap,2026-08-03T15:30:35.973000+00:00,18.064,warning,Interval exceeds the 5× normal-interval threshold of 10.080 seconds.
a0f8c86097e55fbfa506d057,28ca5ae9-faed-4da3-8350-e2605f94aa88,large_gap,2026-08-03T15:30:49.961000+00:00,13.988,warning,Interval exceeds the 5× normal-interval threshold of 10.080 seconds.
a0f8c86097e55fbfa506d057,28ca5ae9-faed-4da3-8350-e2605f94aa88,large_gap,2026-08-03T15:31:05.695000+00:00,15.734,warning,Interval exceeds the 5× normal-interval threshold of 10.080 seconds.
a0f8c86097e55fbfa506d057,28ca5ae9-faed-4da3-8350-e2605f94aa88,large_gap,2026-08-03T15:31:40.433000+00:00,10.37,warning,Interval exceeds the 5× normal-interval threshold of 10.080 seconds.
a0f8c86097e55fbfa506d057,28ca5ae9-faed-4da3-8350-e2605f94aa88,large_gap,2026-08-03T15:31:51.216000+00:00,10.783,warning,Interval exceeds the 5× normal-interval threshold of 10.080 seconds.
a0f8c86097e55fbfa506d057,28ca5ae9-faed-4da3-8350-e2605f94aa88,large_gap,2026-08-03T15:32:01.356000+00:00,10.14,warning,Interval exceeds the 5× normal-interval threshold of 10.080 seconds.
a0f8c86097e55fbfa506d057,28ca5ae9-faed-4da3-8350-e2605f94aa88,large_gap,2026-08-03T15:32:12.451000+00:00,11.095,warning,Interval exceeds the 5× normal-interval threshold of 10.080 seconds.
a0f8c86097e55fbfa506d057,28ca5ae9-faed-4da3-8350-e2605f94aa88,large_gap,2026-08-03T15:33:54.735000+00:00,11.526,warning,Interval exceeds the 5× normal-interval threshold of 10.080 seconds.
a0f8c86097e55fbfa506d057,28ca5ae9-faed-4da3-8350-e2605f94aa88,large_gap,2026-08-03T15:34:23.237000+00:00,28.502,warning,Interval exceeds the 5× normal-interval threshold of 10.080 seconds.
a0f8c86097e55fbfa506d057,28ca5ae9-faed-4da3-8350-e2605f94aa88,large_gap,2026-08-03T15:34:44.967000+00:00,21.73,warning,Interval exceeds the 5× normal-interval threshold of 10.080 seconds.
a0f8c86097e55fbfa506d057,28ca5ae9-faed-4da3-8350-e2605f94aa88,large_gap,2026-08-03T15:34:58.507000+00:00,13.54,warning,Interval exceeds the 5× normal-interval threshold of 10.080 seconds.
a0f8c86097e55fbfa506d057,28ca5ae9-faed-4da3-8350-e2605f94aa88,large_gap,2026-08-03T15:35:13.836000+00:00,15.329,warning,Interval exceeds the 5× normal-interval threshold of 10.080 seconds.
a0f8c86097e55fbfa506d057,28ca5ae9-faed-4da3-8350-e2605f94aa88,large_gap,2026-08-03T15:35:24.815000+00:00,10.979,warning,Interval exceeds the 5× normal-interval threshold of 10.080 seconds.
a0f8c86097e55fbfa506d057,28ca5ae9-faed-4da3-8350-e2605f94aa88,large_gap,2026-08-03T15:35:43.770000+00:00,18.955,warning,Interval exceeds the 5× normal-interval threshold of 10.080 seconds.
a0f8c86097e55fbfa506d057,28ca5ae9-faed-4da3-8350-e2605f94aa88,large_gap,2026-08-03T15:38:18.458000+00:00,10.578,warning,Interval exceeds the 5× normal-interval threshold of 10.080 seconds.
a0f8c86097e55fbfa506d057,28ca5ae9-faed-4da3-8350-e2605f94aa88,large_gap,2026-08-03T15:38:39.670000+00:00,11.403,warning,Interval exceeds the 5× normal-interval threshold of 10.080 seconds.
a0f8c86097e55fbfa506d057,28ca5ae9-faed-4da3-8350-e2605f94aa88,large_gap,2026-08-03T15:38:54.489000+00:00,14.819,warning,Interval exceeds the 5× normal-interval threshold of 10.080 seconds.
a0f8c86097e55fbfa506d057,28ca5ae9-faed-4da3-8350-e2605f94aa88,large_gap,2026-08-03T15:39:06.127000+00:00,11.638,warning,Interval exceeds the 5× normal-interval threshold of 10.080 seconds.
a0f8c86097e55fbfa506d057,28ca5ae9-faed-4da3-8350-e2605f94aa88,large_gap,2026-08-03T15:39:46.410000+00:00,11.812,warning,Interval exceeds the 5× normal-interval threshold of 10.080 seconds.
a0f8c86097e55fbfa506d057,28ca5ae9-faed-4da3-8350-e2605f94aa88,large_gap,2026-08-03T15:41:31.251000+00:00,10.476,warning,Interval exceeds the 5× normal-interval threshold of 10.080 seconds.
a0f8c86097e55fbfa506d057,28ca5ae9-faed-4da3-8350-e2605f94aa88,large_gap,2026-08-03T15:42:00.672000+00:00,10.192,warning,Interval exceeds the 5× normal-interval threshold of 10.080 seconds.
a0f8c86097e55fbfa506d057,28ca5ae9-faed-4da3-8350-e2605f94aa88,large_gap,2026-08-03T15:42:12.347000+00:00,11.675,warning,Interval exceeds the 5× normal-interval threshold of 10.080 seconds.
a0f8c86097e55fbfa506d057,28ca5ae9-faed-4da3-8350-e2605f94aa88,large_gap,2026-08-03T15:42:42.984000+00:00,11.945,warning,Interval exceeds the 5× normal-interval threshold of 10.080 seconds.
a0f8c86097e55fbfa506d057,2e9f4457-2a7f-4647-87ed-b86ac6343d33,large_gap,2026-07-27T12:46:40.239000+00:00,740.989,warning,Interval exceeds the 5× normal-interval threshold of 10.080 seconds.
a0f8c86097e55fbfa506d057,373070d1-ba59-4244-88ab-2d44a21f4983,large_gap,2026-07-27T23:11:31.309000+00:00,15.765,warning,Interval exceeds the 5× normal-interval threshold of 10.080 seconds.
a0f8c86097e55fbfa506d057,4c9f7e66-830f-4c54-bfd5-f4d898f5464e,large_gap,2026-08-04T13:02:04.381000+00:00,11.39,warning,Interval exceeds the 5× normal-interval threshold of 10.080 seconds.
a0f8c86097e55fbfa506d057,4c9f7e66-830f-4c54-bfd5-f4d898f5464e,large_gap,2026-08-04T13:02:15.391000+00:00,11.01,warning,Interval exceeds the 5× normal-interval threshold of 10.080 seconds.
a0f8c86097e55fbfa506d057,4c9f7e66-830f-4c54-bfd5-f4d898f5464e,large_gap,2026-08-04T13:02:26.558000+00:00,11.167,warning,Interval exceeds the 5× normal-interval threshold of 10.080 seconds.
a0f8c86097e55fbfa506d057,4c9f7e66-830f-4c54-bfd5-f4d898f5464e,large_gap,2026-08-04T13:02:48.014000+00:00,11.882,warning,Interval exceeds the 5× normal-interval threshold of 10.080 seconds.
a0f8c86097e55fbfa506d057,4c9f7e66-830f-4c54-bfd5-f4d898f5464e,large_gap,2026-08-04T18:13:15.325000+00:00,10806.326,warning,Interval exceeds the 5× normal-interval threshold of 10.080 seconds.
a0f8c86097e55fbfa506d057,4c9f7e66-830f-4c54-bfd5-f4d898f5464e,large_gap,2026-08-04T19:08:15.649000+00:00,3300.324,warning,Interval exceeds the 5× normal-interval threshold of 10.080 seconds.
a0f8c86097e55fbfa506d057,4c9f7e66-830f-4c54-bfd5-f4d898f5464e,large_gap,2026-08-04T20:17:55.854000+00:00,10.137,warning,Interval exceeds the 5× normal-interval threshold of 10.080 seconds.
a0f8c86097e55fbfa506d057,4c9f7e66-830f-4c54-bfd5-f4d898f5464e,large_gap,2026-08-04T20:19:20.501000+00:00,10.157,warning,Interval exceeds the 5× normal-interval threshold of 10.080 seconds.
a0f8c86097e55fbfa506d057,4c9f7e66-830f-4c54-bfd5-f4d898f5464e,large_gap,2026-08-04T20:20:54.569000+00:00,13.505,warning,Interval exceeds the 5× normal-interval threshold of 10.080 seconds.
a0f8c86097e55fbfa506d057,4c9f7e66-830f-4c54-bfd5-f4d898f5464e,large_gap,2026-08-04T20:21:28.593000+00:00,10.265,warning,Interval exceeds the 5× normal-interval threshold of 10.080 seconds.
a0f8c86097e55fbfa506d057,67c192c0-13a4-427a-b8e3-193c8fd99883,large_gap,2026-08-02T23:55:37.456000+00:00,10.327,warning,Interval exceeds the 5× normal-interval threshold of 10.080 seconds.
a0f8c86097e55fbfa506d057,67c192c0-13a4-427a-b8e3-193c8fd99883,large_gap,2026-08-02T23:55:48.070000+00:00,10.614,warning,Interval exceeds the 5× normal-interval threshold of 10.080 seconds.
a0f8c86097e55fbfa506d057,67c192c0-13a4-427a-b8e3-193c8fd99883,large_gap,2026-08-03T01:44:52.801000+00:00,266.089,warning,Interval exceeds the 5× normal-interval threshold of 10.080 seconds.
a0f8c86097e55fbfa506d057,70577f8e-1430-4489-8602-2096521ab84e,large_gap,2026-07-28T19:45:33.907000+00:00,12.547,warning,Interval exceeds the 5× normal-interval threshold of 10.080 seconds.
a0f8c86097e55fbfa506d057,70577f8e-1430-4489-8602-2096521ab84e,large_gap,2026-07-28T19:45:48.326000+00:00,14.419,warning,Interval exceeds the 5× normal-interval threshold of 10.080 seconds.
a0f8c86097e55fbfa506d057,70577f8e-1430-4489-8602-2096521ab84e,large_gap,2026-07-28T19:46:28.445000+00:00,11.315,warning,Interval exceeds the 5× normal-interval threshold of 10.080 seconds.
a0f8c86097e55fbfa506d057,70577f8e-1430-4489-8602-2096521ab84e,large_gap,2026-07-28T19:46:38.865000+00:00,10.42,warning,Interval exceeds the 5× normal-interval threshold of 10.080 seconds.
a0f8c86097e55fbfa506d057,70577f8e-1430-4489-8602-2096521ab84e,large_gap,2026-07-28T19:47:27.139000+00:00,12.411,warning,Interval exceeds the 5× normal-interval threshold of 10.080 seconds.
a0f8c86097e55fbfa506d057,70577f8e-1430-4489-8602-2096521ab84e,large_gap,2026-07-28T19:47:55.434000+00:00,10.387,warning,Interval exceeds the 5× normal-interval threshold of 10.080 seconds.
a0f8c86097e55fbfa506d057,70577f8e-1430-4489-8602-2096521ab84e,large_gap,2026-07-28T19:48:06.720000+00:00,11.286,warning,Interval exceeds the 5× normal-interval threshold of 10.080 seconds.
a0f8c86097e55fbfa506d057,70577f8e-1430-4489-8602-2096521ab84e,large_gap,2026-07-28T19:49:08.093000+00:00,10.242,warning,Interval exceeds the 5× normal-interval threshold of 10.080 seconds.
a0f8c86097e55fbfa506d057,70577f8e-1430-4489-8602-2096521ab84e,large_gap,2026-07-28T19:49:21.044000+00:00,12.951,warning,Interval exceeds the 5× normal-interval threshold of 10.080 seconds.
a0f8c86097e55fbfa506d057,70577f8e-1430-4489-8602-2096521ab84e,large_gap,2026-07-28T19:49:36.993000+00:00,15.949,warning,Interval exceeds the 5× normal-interval threshold of 10.080 seconds.
a0f8c86097e55fbfa506d057,70577f8e-1430-4489-8602-2096521ab84e,large_gap,2026-07-28T19:49:48.577000+00:00,11.584,warning,Interval exceeds the 5× normal-interval threshold of 10.080 seconds.
a0f8c86097e55fbfa506d057,70577f8e-1430-4489-8602-2096521ab84e,large_gap,2026-07-28T19:49:58.896000+00:00,10.319,warning,Interval exceeds the 5× normal-interval threshold of 10.080 seconds.
a0f8c86097e55fbfa506d057,70577f8e-1430-4489-8602-2096521ab84e,large_gap,2026-07-28T19:50:09.587000+00:00,10.691,warning,Interval exceeds the 5× normal-interval threshold of 10.080 seconds.
a0f8c86097e55fbfa506d057,70577f8e-1430-4489-8602-2096521ab84e,large_gap,2026-07-28T19:50:22.923000+00:00,13.336,warning,Interval exceeds the 5× normal-interval threshold of 10.080 seconds.
a0f8c86097e55fbfa506d057,70577f8e-1430-4489-8602-2096521ab84e,large_gap,2026-07-28T19:50:33.024000+00:00,10.101,warning,Interval exceeds the 5× normal-interval threshold of 10.080 seconds.
a0f8c86097e55fbfa506d057,70577f8e-1430-4489-8602-2096521ab84e,large_gap,2026-07-28T19:50:45.639000+00:00,12.615,warning,Interval exceeds the 5× normal-interval threshold of 10.080 seconds.
a0f8c86097e55fbfa506d057,70577f8e-1430-4489-8602-2096521ab84e,large_gap,2026-07-28T19:50:58.536000+00:00,12.897,warning,Interval exceeds the 5× normal-interval threshold of 10.080 seconds.
a0f8c86097e55fbfa506d057,70577f8e-1430-4489-8602-2096521ab84e,large_gap,2026-07-28T19:53:00.865000+00:00,13.12,warning,Interval exceeds the 5× normal-interval threshold of 10.080 seconds.
a0f8c86097e55fbfa506d057,70577f8e-1430-4489-8602-2096521ab84e,large_gap,2026-07-28T19:53:14.208000+00:00,13.343,warning,Interval exceeds the 5× normal-interval threshold of 10.080 seconds.
a0f8c86097e55fbfa506d057,70577f8e-1430-4489-8602-2096521ab84e,large_gap,2026-07-28T19:53:28.470000+00:00,14.262,warning,Interval exceeds the 5× normal-interval threshold of 10.080 seconds.
a0f8c86097e55fbfa506d057,70577f8e-1430-4489-8602-2096521ab84e,large_gap,2026-07-28T19:53:40.747000+00:00,12.277,warning,Interval exceeds the 5× normal-interval threshold of 10.080 seconds.
a0f8c86097e55fbfa506d057,70577f8e-1430-4489-8602-2096521ab84e,large_gap,2026-07-28T19:53:57.477000+00:00,16.73,warning,Interval exceeds the 5× normal-interval threshold of 10.080 seconds.
a0f8c86097e55fbfa506d057,70577f8e-1430-4489-8602-2096521ab84e,large_gap,2026-07-28T19:54:12.582000+00:00,15.105,warning,Interval exceeds the 5× normal-interval threshold of 10.080 seconds.
a0f8c86097e55fbfa506d057,70577f8e-1430-4489-8602-2096521ab84e,large_gap,2026-07-28T19:54:22.927000+00:00,10.345,warning,Interval exceeds the 5× normal-interval threshold of 10.080 seconds.
a0f8c86097e55fbfa506d057,70577f8e-1430-4489-8602-2096521ab84e,large_gap,2026-07-28T19:54:42.938000+00:00,10.654,warning,Interval exceeds the 5× normal-interval threshold of 10.080 seconds.
a0f8c86097e55fbfa506d057,70577f8e-1430-4489-8602-2096521ab84e,large_gap,2026-07-28T19:55:03.437000+00:00,11.664,warning,Interval exceeds the 5× normal-interval threshold of 10.080 seconds.
a0f8c86097e55fbfa506d057,70577f8e-1430-4489-8602-2096521ab84e,large_gap,2026-07-28T19:55:33.245000+00:00,10.762,warning,Interval exceeds the 5× normal-interval threshold of 10.080 seconds.
a0f8c86097e55fbfa506d057,70577f8e-1430-4489-8602-2096521ab84e,large_gap,2026-07-28T19:55:56.342000+00:00,13.754,warning,Interval exceeds the 5× normal-interval threshold of 10.080 seconds.
a0f8c86097e55fbfa506d057,70577f8e-1430-4489-8602-2096521ab84e,large_gap,2026-07-28T19:56:07.380000+00:00,11.038,warning,Interval exceeds the 5× normal-interval threshold of 10.080 seconds.
a0f8c86097e55fbfa506d057,70577f8e-1430-4489-8602-2096521ab84e,large_gap,2026-07-28T19:56:25.925000+00:00,10.398,warning,Interval exceeds the 5× normal-interval threshold of 10.080 seconds.
a0f8c86097e55fbfa506d057,70577f8e-1430-4489-8602-2096521ab84e,large_gap,2026-07-28T19:56:46.020000+00:00,10.35,warning,Interval exceeds the 5× normal-interval threshold of 10.080 seconds.
a0f8c86097e55fbfa506d057,70577f8e-1430-4489-8602-2096521ab84e,large_gap,2026-07-28T19:56:56.404000+00:00,10.384,warning,Interval exceeds the 5× normal-interval threshold of 10.080 seconds.
a0f8c86097e55fbfa506d057,70577f8e-1430-4489-8602-2096521ab84e,large_gap,2026-07-28T19:57:06.872000+00:00,10.468,warning,Interval exceeds the 5× normal-interval threshold of 10.080 seconds.
a0f8c86097e55fbfa506d057,70577f8e-1430-4489-8602-2096521ab84e,large_gap,2026-07-28T19:57:26.866000+00:00,10.163,warning,Interval exceeds the 5× normal-interval threshold of 10.080 seconds.
a0f8c86097e55fbfa506d057,70577f8e-1430-4489-8602-2096521ab84e,large_gap,2026-07-28T19:57:38.942000+00:00,12.076,warning,Interval exceeds the 5× normal-interval threshold of 10.080 seconds.
a0f8c86097e55fbfa506d057,baa2a6f4-7121-4bce-9c80-611ebc22ceaf,large_gap,2026-08-09T13:41:07.784000+00:00,10.633,warning,Interval exceeds the 5× normal-interval threshold of 10.080 seconds.
a0f8c86097e55fbfa506d057,baa2a6f4-7121-4bce-9c80-611ebc22ceaf,large_gap,2026-08-09T15:31:13.821000+00:00,271.464,warning,Interval exceeds the 5× normal-interval threshold of 10.080 seconds.
a0f8c86097e55fbfa506d057,baa2a6f4-7121-4bce-9c80-611ebc22ceaf,large_gap,2026-08-09T18:08:48.513000+00:00,4314.133,warning,Interval exceeds the 5× normal-interval threshold of 10.080 seconds.
a0f8c86097e55fbfa506d057,baa2a6f4-7121-4bce-9c80-611ebc22ceaf,large_gap,2026-08-09T19:52:15.857000+00:00,27.378,warning,Interval exceeds the 5× normal-interval threshold of 10.080 seconds.
a0f8c86097e55fbfa506d057,baa2a6f4-7121-4bce-9c80-611ebc22ceaf,large_gap,2026-08-09T19:52:48.274000+00:00,32.417,warning,Interval exceeds the 5× normal-interval threshold of 10.080 seconds.
a0f8c86097e55fbfa506d057,baa2a6f4-7121-4bce-9c80-611ebc22ceaf,large_gap,2026-08-09T19:53:20.027000+00:00,31.753,warning,Interval exceeds the 5× normal-interval threshold of 10.080 seconds.
a0f8c86097e55fbfa506d057,baa2a6f4-7121-4bce-9c80-611ebc22ceaf,overlapping_runs,2026-08-09T19:57:07.431000+00:00,,error,Run overlaps run_id 0d3afc7b-49b0-4614-acf1-9c81f3880c3e on the same machine for 0.000 seconds.
a0f8c86097e55fbfa506d057,baa2a6f4-7121-4bce-9c80-611ebc22ceaf,large_gap,2026-08-09T21:40:00.984000+00:00,4521.461,warning,Interval exceeds the 5× normal-interval threshold of 10.080 seconds.
a0f8c86097e55fbfa506d057,c89dd147-c631-4848-a604-72c697e9da2b,large_gap,2026-08-06T15:22:13.248000+00:00,10.453,warning,Interval exceeds the 5× normal-interval threshold of 10.080 seconds.
a0f8c86097e55fbfa506d057,c89dd147-c631-4848-a604-72c697e9da2b,large_gap,2026-08-06T15:23:27.546000+00:00,11.908,warning,Interval exceeds the 5× normal-interval threshold of 10.080 seconds.
a0f8c86097e55fbfa506d057,c89dd147-c631-4848-a604-72c697e9da2b,large_gap,2026-08-06T15:23:43.518000+00:00,15.972,warning,Interval exceeds the 5× normal-interval threshold of 10.080 seconds.
a0f8c86097e55fbfa506d057,c89dd147-c631-4848-a604-72c697e9da2b,large_gap,2026-08-06T15:23:53.937000+00:00,10.419,warning,Interval exceeds the 5× normal-interval threshold of 10.080 seconds.
a0f8c86097e55fbfa506d057,c89dd147-c631-4848-a604-72c697e9da2b,large_gap,2026-08-06T15:24:14.487000+00:00,11.159,warning,Interval exceeds the 5× normal-interval threshold of 10.080 seconds.
a0f8c86097e55fbfa506d057,c89dd147-c631-4848-a604-72c697e9da2b,large_gap,2026-08-06T15:25:08.026000+00:00,10.482,warning,Interval exceeds the 5× normal-interval threshold of 10.080 seconds.
a0f8c86097e55fbfa506d057,c89dd147-c631-4848-a604-72c697e9da2b,large_gap,2026-08-06T15:25:18.917000+00:00,10.891,warning,Interval exceeds the 5× normal-interval threshold of 10.080 seconds.
a0f8c86097e55fbfa506d057,c89dd147-c631-4848-a604-72c697e9da2b,large_gap,2026-08-06T15:25:39.105000+00:00,12.717,warning,Interval exceeds the 5× normal-interval threshold of 10.080 seconds.
a0f8c86097e55fbfa506d057,c89dd147-c631-4848-a604-72c697e9da2b,large_gap,2026-08-06T15:25:50.414000+00:00,11.309,warning,Interval exceeds the 5× normal-interval threshold of 10.080 seconds.
a0f8c86097e55fbfa506d057,c89dd147-c631-4848-a604-72c697e9da2b,large_gap,2026-08-06T15:26:01.574000+00:00,11.16,warning,Interval exceeds the 5× normal-interval threshold of 10.080 seconds.
a0f8c86097e55fbfa506d057,c89dd147-c631-4848-a604-72c697e9da2b,large_gap,2026-08-06T15:26:14.470000+00:00,12.896,warning,Interval exceeds the 5× normal-interval threshold of 10.080 seconds.
a0f8c86097e55fbfa506d057,c89dd147-c631-4848-a604-72c697e9da2b,large_gap,2026-08-06T15:27:40.418000+00:00,12.78,warning,Interval exceeds the 5× normal-interval threshold of 10.080 seconds.
a0f8c86097e55fbfa506d057,c89dd147-c631-4848-a604-72c697e9da2b,large_gap,2026-08-06T15:27:51.302000+00:00,10.884,warning,Interval exceeds the 5× normal-interval threshold of 10.080 seconds.
a0f8c86097e55fbfa506d057,c89dd147-c631-4848-a604-72c697e9da2b,large_gap,2026-08-06T15:28:03.013000+00:00,11.711,warning,Interval exceeds the 5× normal-interval threshold of 10.080 seconds.
a0f8c86097e55fbfa506d057,c89dd147-c631-4848-a604-72c697e9da2b,large_gap,2026-08-06T15:29:09.615000+00:00,11.383,warning,Interval exceeds the 5× normal-interval threshold of 10.080 seconds.
a0f8c86097e55fbfa506d057,c89dd147-c631-4848-a604-72c697e9da2b,large_gap,2026-08-06T15:29:24.543000+00:00,14.928,warning,Interval exceeds the 5× normal-interval threshold of 10.080 seconds.
a0f8c86097e55fbfa506d057,c89dd147-c631-4848-a604-72c697e9da2b,large_gap,2026-08-06T15:29:53.783000+00:00,11.729,warning,Interval exceeds the 5× normal-interval threshold of 10.080 seconds.
a0f8c86097e55fbfa506d057,c89dd147-c631-4848-a604-72c697e9da2b,large_gap,2026-08-06T15:30:58.941000+00:00,12.249,warning,Interval exceeds the 5× normal-interval threshold of 10.080 seconds.
a0f8c86097e55fbfa506d057,c89dd147-c631-4848-a604-72c697e9da2b,large_gap,2026-08-06T15:31:14.887000+00:00,15.946,warning,Interval exceeds the 5× normal-interval threshold of 10.080 seconds.
a0f8c86097e55fbfa506d057,c89dd147-c631-4848-a604-72c697e9da2b,large_gap,2026-08-06T15:31:34.705000+00:00,10.133,warning,Interval exceeds the 5× normal-interval threshold of 10.080 seconds.
a0f8c86097e55fbfa506d057,c89dd147-c631-4848-a604-72c697e9da2b,large_gap,2026-08-06T15:35:56.576000+00:00,10.879,warning,Interval exceeds the 5× normal-interval threshold of 10.080 seconds.
a0f8c86097e55fbfa506d057,c89dd147-c631-4848-a604-72c697e9da2b,large_gap,2026-08-06T15:37:49.714000+00:00,10.16,warning,Interval exceeds the 5× normal-interval threshold of 10.080 seconds.
a0f8c86097e55fbfa506d057,c89dd147-c631-4848-a604-72c697e9da2b,large_gap,2026-08-06T15:38:01.679000+00:00,11.965,warning,Interval exceeds the 5× normal-interval threshold of 10.080 seconds.
a0f8c86097e55fbfa506d057,c89dd147-c631-4848-a604-72c697e9da2b,large_gap,2026-08-06T15:38:22.062000+00:00,10.55,warning,Interval exceeds the 5× normal-interval threshold of 10.080 seconds.
a0f8c86097e55fbfa506d057,c89dd147-c631-4848-a604-72c697e9da2b,large_gap,2026-08-06T15:42:33.470000+00:00,10.462,warning,Interval exceeds the 5× normal-interval threshold of 10.080 seconds.
a0f8c86097e55fbfa506d057,c89dd147-c631-4848-a604-72c697e9da2b,large_gap,2026-08-06T15:44:58.609000+00:00,10.447,warning,Interval exceeds the 5× normal-interval threshold of 10.080 seconds.
a0f8c86097e55fbfa506d057,c89dd147-c631-4848-a604-72c697e9da2b,large_gap,2026-08-06T15:45:57.587000+00:00,10.747,warning,Interval exceeds the 5× normal-interval threshold of 10.080 seconds.
a0f8c86097e55fbfa506d057,c89dd147-c631-4848-a604-72c697e9da2b,large_gap,2026-08-06T15:46:08.936000+00:00,11.349,warning,Interval exceeds the 5× normal-interval threshold of 10.080 seconds.
a0f8c86097e55fbfa506d057,c89dd147-c631-4848-a604-72c697e9da2b,large_gap,2026-08-06T15:48:01.800000+00:00,112.864,warning,Interval exceeds the 5× normal-interval threshold of 10.080 seconds.
a0f8c86097e55fbfa506d057,e4e219be-13ba-4874-aad6-93d0b6f5f289,large_gap,2026-08-01T16:29:44.746000+00:00,11.856,warning,Interval exceeds the 5× normal-interval threshold of 10.080 seconds.
a0f8c86097e55fbfa506d057,e4e219be-13ba-4874-aad6-93d0b6f5f289,large_gap,2026-08-01T16:34:02.633000+00:00,11.715,warning,Interval exceeds the 5× normal-interval threshold of 10.080 seconds.
a0f8c86097e55fbfa506d057,e4e219be-13ba-4874-aad6-93d0b6f5f289,large_gap,2026-08-01T16:34:15.985000+00:00,13.352,warning,Interval exceeds the 5× normal-interval threshold of 10.080 seconds.
a0f8c86097e55fbfa506d057,e4e219be-13ba-4874-aad6-93d0b6f5f289,large_gap,2026-08-01T16:34:28.588000+00:00,12.603,warning,Interval exceeds the 5× normal-interval threshold of 10.080 seconds.
a0f8c86097e55fbfa506d057,e4e219be-13ba-4874-aad6-93d0b6f5f289,large_gap,2026-08-01T16:34:41.625000+00:00,13.037,warning,Interval exceeds the 5× normal-interval threshold of 10.080 seconds.
a0f8c86097e55fbfa506d057,e4e219be-13ba-4874-aad6-93d0b6f5f289,large_gap,2026-08-01T16:34:51.954000+00:00,10.329,warning,Interval exceeds the 5× normal-interval threshold of 10.080 seconds.
a0f8c86097e55fbfa506d057,e4e219be-13ba-4874-aad6-93d0b6f5f289,large_gap,2026-08-01T16:35:03.743000+00:00,11.789,warning,Interval exceeds the 5× normal-interval threshold of 10.080 seconds.
a0f8c86097e55fbfa506d057,e4e219be-13ba-4874-aad6-93d0b6f5f289,large_gap,2026-08-01T16:35:15.065000+00:00,11.322,warning,Interval exceeds the 5× normal-interval threshold of 10.080 seconds.
a0f8c86097e55fbfa506d057,e4e219be-13ba-4874-aad6-93d0b6f5f289,large_gap,2026-08-01T16:35:26.062000+00:00,10.997,warning,Interval exceeds the 5× normal-interval threshold of 10.080 seconds.
a0f8c86097e55fbfa506d057,e4e219be-13ba-4874-aad6-93d0b6f5f289,large_gap,2026-08-01T16:35:37.693000+00:00,11.631,warning,Interval exceeds the 5× normal-interval threshold of 10.080 seconds.
a0f8c86097e55fbfa506d057,e4e219be-13ba-4874-aad6-93d0b6f5f289,large_gap,2026-08-01T16:35:52.069000+00:00,14.376,warning,Interval exceeds the 5× normal-interval threshold of 10.080 seconds.
a0f8c86097e55fbfa506d057,e4e219be-13ba-4874-aad6-93d0b6f5f289,large_gap,2026-08-01T16:36:03.723000+00:00,11.654,warning,Interval exceeds the 5× normal-interval threshold of 10.080 seconds.
a0f8c86097e55fbfa506d057,e4e219be-13ba-4874-aad6-93d0b6f5f289,large_gap,2026-08-01T16:36:24.915000+00:00,11.563,warning,Interval exceeds the 5× normal-interval threshold of 10.080 seconds.
a0f8c86097e55fbfa506d057,e4e219be-13ba-4874-aad6-93d0b6f5f289,large_gap,2026-08-01T16:36:37.047000+00:00,12.132,warning,Interval exceeds the 5× normal-interval threshold of 10.080 seconds.
a0f8c86097e55fbfa506d057,e4e219be-13ba-4874-aad6-93d0b6f5f289,large_gap,2026-08-01T16:49:37.379000+00:00,10.487,warning,Interval exceeds the 5× normal-interval threshold of 10.080 seconds.
a0f8c86097e55fbfa506d057,e4e219be-13ba-4874-aad6-93d0b6f5f289,large_gap,2026-08-01T16:51:15.806000+00:00,10.894,warning,Interval exceeds the 5× normal-interval threshold of 10.080 seconds.
a0f8c86097e55fbfa506d057,e4e219be-13ba-4874-aad6-93d0b6f5f289,large_gap,2026-08-01T16:51:42.190000+00:00,10.328,warning,Interval exceeds the 5× normal-interval threshold of 10.080 seconds.
a0f8c86097e55fbfa506d057,e4e219be-13ba-4874-aad6-93d0b6f5f289,large_gap,2026-08-01T16:52:02.547000+00:00,11.019,warning,Interval exceeds the 5× normal-interval threshold of 10.080 seconds.
a0f8c86097e55fbfa506d057,e4e219be-13ba-4874-aad6-93d0b6f5f289,large_gap,2026-08-01T16:52:20.779000+00:00,10.149,warning,Interval exceeds the 5× normal-interval threshold of 10.080 seconds.
a0f8c86097e55fbfa506d057,ea7c3f9f-8a45-4892-8f21-a77488321622,large_gap,2026-08-04T21:58:47.528000+00:00,54.582,warning,Interval exceeds the 5× normal-interval threshold of 10.080 seconds.
a0f8c86097e55fbfa506d057,ea7c3f9f-8a45-4892-8f21-a77488321622,large_gap,2026-08-04T22:06:18.108000+00:00,10.094,warning,Interval exceeds the 5× normal-interval threshold of 10.080 seconds.
a0f8c86097e55fbfa506d057,ea7c3f9f-8a45-4892-8f21-a77488321622,large_gap,2026-08-04T22:17:09.175000+00:00,11.121,warning,Interval exceeds the 5× normal-interval threshold of 10.080 seconds.
a0f8c86097e55fbfa506d057,ea7c3f9f-8a45-4892-8f21-a77488321622,large_gap,2026-08-04T22:18:16.419000+00:00,10.416,warning,Interval exceeds the 5× normal-interval threshold of 10.080 seconds.
a0f8c86097e55fbfa506d057,ea7c3f9f-8a45-4892-8f21-a77488321622,large_gap,2026-08-04T22:18:54.117000+00:00,10.897,warning,Interval exceeds the 5× normal-interval threshold of 10.080 seconds.
a0f8c86097e55fbfa506d057,ea7c3f9f-8a45-4892-8f21-a77488321622,large_gap,2026-08-04T22:20:04.904000+00:00,10.986,warning,Interval exceeds the 5× normal-interval threshold of 10.080 seconds.
a0f8c86097e55fbfa506d057,ea7c3f9f-8a45-4892-8f21-a77488321622,large_gap,2026-08-04T22:20:15.332000+00:00,10.428,warning,Interval exceeds the 5× normal-interval threshold of 10.080 seconds.
a0f8c86097e55fbfa506d057,ea7c3f9f-8a45-4892-8f21-a77488321622,large_gap,2026-08-04T22:20:34.877000+00:00,10.338,warning,Interval exceeds the 5× normal-interval threshold of 10.080 seconds.
a0f8c86097e55fbfa506d057,ee6b8dde-602e-4c14-b533-43bcfcba11ea,large_gap,2026-08-12T14:37:33.782000+00:00,10.263,warning,Interval exceeds the 5× normal-interval threshold of 10.080 seconds.
a0f8c86097e55fbfa506d057,ee6b8dde-602e-4c14-b533-43bcfcba11ea,large_gap,2026-08-12T14:37:54.660000+00:00,11.647,warning,Interval exceeds the 5× normal-interval threshold of 10.080 seconds.
a0f8c86097e55fbfa506d057,ee6b8dde-602e-4c14-b533-43bcfcba11ea,large_gap,2026-08-12T14:38:05.961000+00:00,11.301,warning,Interval exceeds the 5× normal-interval threshold of 10.080 seconds.
a0f8c86097e55fbfa506d057,ee6b8dde-602e-4c14-b533-43bcfcba11ea,large_gap,2026-08-12T15:22:57.177000+00:00,11.312,warning,Interval exceeds the 5× normal-interval threshold of 10.080 seconds.
a0f8c86097e55fbfa506d057,ee6b8dde-602e-4c14-b533-43bcfcba11ea,large_gap,2026-08-12T15:23:09.036000+00:00,11.859,warning,Interval exceeds the 5× normal-interval threshold of 10.080 seconds.
a0f8c86097e55fbfa506d057,ee6b8dde-602e-4c14-b533-43bcfcba11ea,large_gap,2026-08-12T15:23:19.211000+00:00,10.175,warning,Interval exceeds the 5× normal-interval threshold of 10.080 seconds.
a0f8c86097e55fbfa506d057,ee6b8dde-602e-4c14-b533-43bcfcba11ea,large_gap,2026-08-12T15:23:29.514000+00:00,10.303,warning,Interval exceeds the 5× normal-interval threshold of 10.080 seconds.
a0f8c86097e55fbfa506d057,ee6b8dde-602e-4c14-b533-43bcfcba11ea,large_gap,2026-08-12T15:23:58.710000+00:00,11.541,warning,Interval exceeds the 5× normal-interval threshold of 10.080 seconds.
a0f8c86097e55fbfa506d057,ee6b8dde-602e-4c14-b533-43bcfcba11ea,large_gap,2026-08-12T15:24:11.336000+00:00,12.626,warning,Interval exceeds the 5× normal-interval threshold of 10.080 seconds.
a0f8c86097e55fbfa506d057,ee6b8dde-602e-4c14-b533-43bcfcba11ea,large_gap,2026-08-12T15:24:31.341000+00:00,10.1,warning,Interval exceeds the 5× normal-interval threshold of 10.080 seconds.
a0f8c86097e55fbfa506d057,ee6b8dde-602e-4c14-b533-43bcfcba11ea,large_gap,2026-08-12T15:24:41.704000+00:00,10.363,warning,Interval exceeds the 5× normal-interval threshold of 10.080 seconds.
a0f8c86097e55fbfa506d057,ee6b8dde-602e-4c14-b533-43bcfcba11ea,large_gap,2026-08-12T15:25:20.787000+00:00,10.973,warning,Interval exceeds the 5× normal-interval threshold of 10.080 seconds.
a0f8c86097e55fbfa506d057,ee6b8dde-602e-4c14-b533-43bcfcba11ea,large_gap,2026-08-12T15:26:04.208000+00:00,12.412,warning,Interval exceeds the 5× normal-interval threshold of 10.080 seconds.
a0f8c86097e55fbfa506d057,ee6b8dde-602e-4c14-b533-43bcfcba11ea,large_gap,2026-08-12T15:26:17.743000+00:00,13.535,warning,Interval exceeds the 5× normal-interval threshold of 10.080 seconds.
a0f8c86097e55fbfa506d057,ee6b8dde-602e-4c14-b533-43bcfcba11ea,large_gap,2026-08-12T15:26:31.584000+00:00,13.841,warning,Interval exceeds the 5× normal-interval threshold of 10.080 seconds.
a0f8c86097e55fbfa506d057,ee6b8dde-602e-4c14-b533-43bcfcba11ea,large_gap,2026-08-12T15:26:46.449000+00:00,14.865,warning,Interval exceeds the 5× normal-interval threshold of 10.080 seconds.
a0f8c86097e55fbfa506d057,ee6b8dde-602e-4c14-b533-43bcfcba11ea,large_gap,2026-08-12T15:26:58.215000+00:00,11.766,warning,Interval exceeds the 5× normal-interval threshold of 10.080 seconds.
a0f8c86097e55fbfa506d057,ee6b8dde-602e-4c14-b533-43bcfcba11ea,large_gap,2026-08-12T15:27:14.019000+00:00,15.804,warning,Interval exceeds the 5× normal-interval threshold of 10.080 seconds.
a0f8c86097e55fbfa506d057,ee6b8dde-602e-4c14-b533-43bcfcba11ea,large_gap,2026-08-12T15:27:28.820000+00:00,14.801,warning,Interval exceeds the 5× normal-interval threshold of 10.080 seconds.
a0f8c86097e55fbfa506d057,ee6b8dde-602e-4c14-b533-43bcfcba11ea,large_gap,2026-08-12T15:27:42.109000+00:00,13.289,warning,Interval exceeds the 5× normal-interval threshold of 10.080 seconds.
a0f8c86097e55fbfa506d057,ee6b8dde-602e-4c14-b533-43bcfcba11ea,large_gap,2026-08-12T15:27:57.865000+00:00,15.756,warning,Interval exceeds the 5× normal-interval threshold of 10.080 seconds.
a0f8c86097e55fbfa506d057,ee6b8dde-602e-4c14-b533-43bcfcba11ea,large_gap,2026-08-12T15:28:12.267000+00:00,14.402,warning,Interval exceeds the 5× normal-interval threshold of 10.080 seconds.
a0f8c86097e55fbfa506d057,ee6b8dde-602e-4c14-b533-43bcfcba11ea,large_gap,2026-08-12T15:28:26.248000+00:00,13.981,warning,Interval exceeds the 5× normal-interval threshold of 10.080 seconds.
a0f8c86097e55fbfa506d057,ee6b8dde-602e-4c14-b533-43bcfcba11ea,large_gap,2026-08-12T15:28:40.500000+00:00,14.252,warning,Interval exceeds the 5× normal-interval threshold of 10.080 seconds.
a0f8c86097e55fbfa506d057,ee6b8dde-602e-4c14-b533-43bcfcba11ea,large_gap,2026-08-12T15:28:51.077000+00:00,10.577,warning,Interval exceeds the 5× normal-interval threshold of 10.080 seconds.
a0f8c86097e55fbfa506d057,ee6b8dde-602e-4c14-b533-43bcfcba11ea,large_gap,2026-08-12T15:29:03.575000+00:00,12.498,warning,Interval exceeds the 5× normal-interval threshold of 10.080 seconds.
a0f8c86097e55fbfa506d057,ee6b8dde-602e-4c14-b533-43bcfcba11ea,large_gap,2026-08-12T15:29:19.954000+00:00,16.379,warning,Interval exceeds the 5× normal-interval threshold of 10.080 seconds.
a0f8c86097e55fbfa506d057,ee6b8dde-602e-4c14-b533-43bcfcba11ea,large_gap,2026-08-12T15:29:32.322000+00:00,12.368,warning,Interval exceeds the 5× normal-interval threshold of 10.080 seconds.
a0f8c86097e55fbfa506d057,ee6b8dde-602e-4c14-b533-43bcfcba11ea,large_gap,2026-08-12T15:29:43.556000+00:00,11.234,warning,Interval exceeds the 5× normal-interval threshold of 10.080 seconds.
a0f8c86097e55fbfa506d057,ee6b8dde-602e-4c14-b533-43bcfcba11ea,large_gap,2026-08-12T15:29:53.804000+00:00,10.248,warning,Interval exceeds the 5× normal-interval threshold of 10.080 seconds.
a0f8c86097e55fbfa506d057,ee6b8dde-602e-4c14-b533-43bcfcba11ea,large_gap,2026-08-12T15:30:06.869000+00:00,13.065,warning,Interval exceeds the 5× normal-interval threshold of 10.080 seconds.
a0f8c86097e55fbfa506d057,ee6b8dde-602e-4c14-b533-43bcfcba11ea,large_gap,2026-08-12T15:30:27.510000+00:00,11.147,warning,Interval exceeds the 5× normal-interval threshold of 10.080 seconds.
a0f8c86097e55fbfa506d057,ee6b8dde-602e-4c14-b533-43bcfcba11ea,large_gap,2026-08-12T15:30:40.075000+00:00,12.565,warning,Interval exceeds the 5× normal-interval threshold of 10.080 seconds.
a0f8c86097e55fbfa506d057,ee6b8dde-602e-4c14-b533-43bcfcba11ea,large_gap,2026-08-12T15:30:54.761000+00:00,14.686,warning,Interval exceeds the 5× normal-interval threshold of 10.080 seconds.
a0f8c86097e55fbfa506d057,ee6b8dde-602e-4c14-b533-43bcfcba11ea,large_gap,2026-08-12T15:31:18.295000+00:00,13.654,warning,Interval exceeds the 5× normal-interval threshold of 10.080 seconds.
a0f8c86097e55fbfa506d057,ee6b8dde-602e-4c14-b533-43bcfcba11ea,large_gap,2026-08-12T15:31:29.145000+00:00,10.85,warning,Interval exceeds the 5× normal-interval threshold of 10.080 seconds.
a0f8c86097e55fbfa506d057,ee6b8dde-602e-4c14-b533-43bcfcba11ea,large_gap,2026-08-12T15:31:54.363000+00:00,16.287,warning,Interval exceeds the 5× normal-interval threshold of 10.080 seconds.
a0f8c86097e55fbfa506d057,ee6b8dde-602e-4c14-b533-43bcfcba11ea,large_gap,2026-08-12T15:33:33.710000+00:00,14.27,warning,Interval exceeds the 5× normal-interval threshold of 10.080 seconds.
d588df123ac0d0ce20b112ac,00f4a034-46ce-498e-b844-f1aa52fc6800,large_gap,2026-08-06T00:08:42.091000+00:00,10.459,warning,Interval exceeds the 5× normal-interval threshold of 10.080 seconds.
d588df123ac0d0ce20b112ac,03b262cc-46f0-4837-a184-1eea22fdfdd0,large_gap,2026-08-10T16:46:05.292000+00:00,415.578,warning,Interval exceeds the 5× normal-interval threshold of 10.080 seconds.
d588df123ac0d0ce20b112ac,03b262cc-46f0-4837-a184-1eea22fdfdd0,large_gap,2026-08-10T17:58:05.430000+00:00,42.065,warning,Interval exceeds the 5× normal-interval threshold of 10.080 seconds.
d588df123ac0d0ce20b112ac,22fc3390-8d4a-4b01-b11e-c10adffcab2d,large_gap,2026-08-04T21:39:28.705000+00:00,570.816,warning,Interval exceeds the 5× normal-interval threshold of 10.080 seconds.
d588df123ac0d0ce20b112ac,22fc3390-8d4a-4b01-b11e-c10adffcab2d,large_gap,2026-08-04T22:38:38.432000+00:00,3261.953,warning,Interval exceeds the 5× normal-interval threshold of 10.080 seconds.
d588df123ac0d0ce20b112ac,22fc3390-8d4a-4b01-b11e-c10adffcab2d,large_gap,2026-08-04T23:28:41.186000+00:00,2727.155,warning,Interval exceeds the 5× normal-interval threshold of 10.080 seconds.
d588df123ac0d0ce20b112ac,22fc3390-8d4a-4b01-b11e-c10adffcab2d,large_gap,2026-08-04T23:29:01.951000+00:00,20.765,warning,Interval exceeds the 5× normal-interval threshold of 10.080 seconds.
d588df123ac0d0ce20b112ac,2941b415-f1a0-477e-8e58-f2a565d8596e,overlapping_runs,2026-08-04T21:14:30.353000+00:00,,error,Run overlaps run_id 22fc3390-8d4a-4b01-b11e-c10adffcab2d on the same machine for 16.589 seconds.
d588df123ac0d0ce20b112ac,6035cb87-b9f3-4e5d-90f3-c7fea3d65d9c,large_gap,2026-08-07T19:52:33.867000+00:00,609.552,warning,Interval exceeds the 5× normal-interval threshold of 10.080 seconds.
d588df123ac0d0ce20b112ac,6035cb87-b9f3-4e5d-90f3-c7fea3d65d9c,large_gap,2026-08-07T21:02:22.286000+00:00,4185.347,warning,Interval exceeds the 5× normal-interval threshold of 10.080 seconds.
d588df123ac0d0ce20b112ac,6035cb87-b9f3-4e5d-90f3-c7fea3d65d9c,large_gap,2026-08-07T21:07:28.730000+00:00,72.825,warning,Interval exceeds the 5× normal-interval threshold of 10.080 seconds.
d588df123ac0d0ce20b112ac,6035cb87-b9f3-4e5d-90f3-c7fea3d65d9c,large_gap,2026-08-07T21:24:22.232000+00:00,24.952,warning,Interval exceeds the 5× normal-interval threshold of 10.080 seconds.
d588df123ac0d0ce20b112ac,6035cb87-b9f3-4e5d-90f3-c7fea3d65d9c,large_gap,2026-08-07T21:32:10.957000+00:00,468.725,warning,Interval exceeds the 5× normal-interval threshold of 10.080 seconds.
d588df123ac0d0ce20b112ac,6035cb87-b9f3-4e5d-90f3-c7fea3d65d9c,large_gap,2026-08-07T21:33:45.308000+00:00,84.239,warning,Interval exceeds the 5× normal-interval threshold of 10.080 seconds.
d588df123ac0d0ce20b112ac,6035cb87-b9f3-4e5d-90f3-c7fea3d65d9c,large_gap,2026-08-07T21:35:43.927000+00:00,118.619,warning,Interval exceeds the 5× normal-interval threshold of 10.080 seconds.
d588df123ac0d0ce20b112ac,6035cb87-b9f3-4e5d-90f3-c7fea3d65d9c,large_gap,2026-08-07T21:36:43.150000+00:00,59.223,warning,Interval exceeds the 5× normal-interval threshold of 10.080 seconds.
d588df123ac0d0ce20b112ac,6035cb87-b9f3-4e5d-90f3-c7fea3d65d9c,large_gap,2026-08-07T21:39:11.188000+00:00,148.038,warning,Interval exceeds the 5× normal-interval threshold of 10.080 seconds.
d588df123ac0d0ce20b112ac,6035cb87-b9f3-4e5d-90f3-c7fea3d65d9c,large_gap,2026-08-07T21:40:43.308000+00:00,92.12,warning,Interval exceeds the 5× normal-interval threshold of 10.080 seconds.
d588df123ac0d0ce20b112ac,6035cb87-b9f3-4e5d-90f3-c7fea3d65d9c,large_gap,2026-08-07T21:44:26.269000+00:00,29.546,warning,Interval exceeds the 5× normal-interval threshold of 10.080 seconds.
d588df123ac0d0ce20b112ac,6035cb87-b9f3-4e5d-90f3-c7fea3d65d9c,large_gap,2026-08-07T22:59:29.926000+00:00,4500.943,warning,Interval exceeds the 5× normal-interval threshold of 10.080 seconds.
d588df123ac0d0ce20b112ac,6035cb87-b9f3-4e5d-90f3-c7fea3d65d9c,large_gap,2026-08-07T23:06:46.889000+00:00,75.851,warning,Interval exceeds the 5× normal-interval threshold of 10.080 seconds.
d588df123ac0d0ce20b112ac,6035cb87-b9f3-4e5d-90f3-c7fea3d65d9c,large_gap,2026-08-07T23:40:06.100000+00:00,1429.618,warning,Interval exceeds the 5× normal-interval threshold of 10.080 seconds.
d588df123ac0d0ce20b112ac,6035cb87-b9f3-4e5d-90f3-c7fea3d65d9c,large_gap,2026-08-07T23:43:37.355000+00:00,211.255,warning,Interval exceeds the 5× normal-interval threshold of 10.080 seconds.
d588df123ac0d0ce20b112ac,6035cb87-b9f3-4e5d-90f3-c7fea3d65d9c,large_gap,2026-08-08T00:01:38.004000+00:00,873.586,warning,Interval exceeds the 5× normal-interval threshold of 10.080 seconds.
d588df123ac0d0ce20b112ac,6a1c86bc-1e52-4235-ac04-6d94cf1c3c5e,large_gap,2026-08-05T22:33:01.028000+00:00,16.081,warning,Interval exceeds the 5× normal-interval threshold of 10.080 seconds.
d588df123ac0d0ce20b112ac,6a1c86bc-1e52-4235-ac04-6d94cf1c3c5e,large_gap,2026-08-05T22:46:04.635000+00:00,28.386,warning,Interval exceeds the 5× normal-interval threshold of 10.080 seconds.
d588df123ac0d0ce20b112ac,6a1c86bc-1e52-4235-ac04-6d94cf1c3c5e,overlapping_runs,2026-08-05T22:46:11.553000+00:00,,error,Run overlaps run_id 4397f500-a189-4953-8876-5dc623c08fc6 on the same machine for 23.051 seconds.
d588df123ac0d0ce20b112ac,6a1c86bc-1e52-4235-ac04-6d94cf1c3c5e,large_gap,2026-08-05T22:57:24.267000+00:00,18.831,warning,Interval exceeds the 5× normal-interval threshold of 10.080 seconds.
d588df123ac0d0ce20b112ac,a364637b-ebf8-43fa-8bd3-e46987008b24,large_gap,2026-08-07T18:38:05.436000+00:00,24.04,warning,Interval exceeds the 5× normal-interval threshold of 10.080 seconds.
d588df123ac0d0ce20b112ac,a364637b-ebf8-43fa-8bd3-e46987008b24,large_gap,2026-08-07T19:30:37.240000+00:00,3149.478,warning,Interval exceeds the 5× normal-interval threshold of 10.080 seconds.
d588df123ac0d0ce20b112ac,a364637b-ebf8-43fa-8bd3-e46987008b24,large_gap,2026-08-07T19:31:32.627000+00:00,27.717,warning,Interval exceeds the 5× normal-interval threshold of 10.080 seconds.
d588df123ac0d0ce20b112ac,af502e6e-1657-4248-8b91-ce01c14277b9,large_gap,2026-08-03T16:44:23.557000+00:00,85.583,warning,Interval exceeds the 5× normal-interval threshold of 10.080 seconds.
d588df123ac0d0ce20b112ac,af502e6e-1657-4248-8b91-ce01c14277b9,large_gap,2026-08-03T16:50:57.488000+00:00,111.123,warning,Interval exceeds the 5× normal-interval threshold of 10.080 seconds.
d588df123ac0d0ce20b112ac,af502e6e-1657-4248-8b91-ce01c14277b9,large_gap,2026-08-03T17:01:45.910000+00:00,535.719,warning,Interval exceeds the 5× normal-interval threshold of 10.080 seconds.
d588df123ac0d0ce20b112ac,af502e6e-1657-4248-8b91-ce01c14277b9,large_gap,2026-08-03T17:38:20.073000+00:00,243.305,warning,Interval exceeds the 5× normal-interval threshold of 10.080 seconds.
d588df123ac0d0ce20b112ac,af502e6e-1657-4248-8b91-ce01c14277b9,large_gap,2026-08-03T18:07:34.435000+00:00,271.584,warning,Interval exceeds the 5× normal-interval threshold of 10.080 seconds.
d588df123ac0d0ce20b112ac,af502e6e-1657-4248-8b91-ce01c14277b9,large_gap,2026-08-03T18:37:23.188000+00:00,218.873,warning,Interval exceeds the 5× normal-interval threshold of 10.080 seconds.
d588df123ac0d0ce20b112ac,af502e6e-1657-4248-8b91-ce01c14277b9,large_gap,2026-08-03T19:03:18.472000+00:00,1362.175,warning,Interval exceeds the 5× normal-interval threshold of 10.080 seconds.
d588df123ac0d0ce20b112ac,af502e6e-1657-4248-8b91-ce01c14277b9,large_gap,2026-08-03T19:23:16.823000+00:00,16.454,warning,Interval exceeds the 5× normal-interval threshold of 10.080 seconds.
d588df123ac0d0ce20b112ac,af502e6e-1657-4248-8b91-ce01c14277b9,large_gap,2026-08-03T20:24:17.991000+00:00,3659.008,warning,Interval exceeds the 5× normal-interval threshold of 10.080 seconds.
d588df123ac0d0ce20b112ac,af502e6e-1657-4248-8b91-ce01c14277b9,large_gap,2026-08-03T20:30:25.577000+00:00,367.586,warning,Interval exceeds the 5× normal-interval threshold of 10.080 seconds.
d588df123ac0d0ce20b112ac,af502e6e-1657-4248-8b91-ce01c14277b9,large_gap,2026-08-03T21:05:49.315000+00:00,1920.47,warning,Interval exceeds the 5× normal-interval threshold of 10.080 seconds.
d588df123ac0d0ce20b112ac,af502e6e-1657-4248-8b91-ce01c14277b9,large_gap,2026-08-03T22:05:33.264000+00:00,3583.949,warning,Interval exceeds the 5× normal-interval threshold of 10.080 seconds.
d588df123ac0d0ce20b112ac,af502e6e-1657-4248-8b91-ce01c14277b9,large_gap,2026-08-03T22:32:59.681000+00:00,1411.449,warning,Interval exceeds the 5× normal-interval threshold of 10.080 seconds.
d588df123ac0d0ce20b112ac,bbe7c827-8a4d-4ba5-84f4-67c88a77fe20,large_gap,2026-08-09T12:51:51.222000+00:00,44.604,warning,Interval exceeds the 5× normal-interval threshold of 10.080 seconds.
d588df123ac0d0ce20b112ac,bbe7c827-8a4d-4ba5-84f4-67c88a77fe20,large_gap,2026-08-09T12:53:10.752000+00:00,79.53,warning,Interval exceeds the 5× normal-interval threshold of 10.080 seconds.
d588df123ac0d0ce20b112ac,bbe7c827-8a4d-4ba5-84f4-67c88a77fe20,large_gap,2026-08-09T12:54:51.818000+00:00,101.066,warning,Interval exceeds the 5× normal-interval threshold of 10.080 seconds.
d588df123ac0d0ce20b112ac,bbe7c827-8a4d-4ba5-84f4-67c88a77fe20,large_gap,2026-08-09T12:55:12.458000+00:00,20.64,warning,Interval exceeds the 5× normal-interval threshold of 10.080 seconds.
d588df123ac0d0ce20b112ac,bbe7c827-8a4d-4ba5-84f4-67c88a77fe20,large_gap,2026-08-09T12:57:29.632000+00:00,18.043,warning,Interval exceeds the 5× normal-interval threshold of 10.080 seconds.
d588df123ac0d0ce20b112ac,bbe7c827-8a4d-4ba5-84f4-67c88a77fe20,large_gap,2026-08-09T12:58:02.041000+00:00,16.303,warning,Interval exceeds the 5× normal-interval threshold of 10.080 seconds.
d588df123ac0d0ce20b112ac,bbe7c827-8a4d-4ba5-84f4-67c88a77fe20,large_gap,2026-08-09T13:23:41.175000+00:00,663.376,warning,Interval exceeds the 5× normal-interval threshold of 10.080 seconds.
d588df123ac0d0ce20b112ac,cb0385d1-3fc6-46f1-83c5-f7338a4e7bac,large_gap,2026-08-08T20:37:16.823000+00:00,13.206,warning,Interval exceeds the 5× normal-interval threshold of 10.080 seconds.
d588df123ac0d0ce20b112ac,cb0385d1-3fc6-46f1-83c5-f7338a4e7bac,large_gap,2026-08-08T20:53:44.163000+00:00,493.785,warning,Interval exceeds the 5× normal-interval threshold of 10.080 seconds.
d588df123ac0d0ce20b112ac,cc2a1e74-06e7-4cb1-92cd-6b21a91f240f,large_gap,2026-08-07T15:09:54.274000+00:00,14.282,warning,Interval exceeds the 5× normal-interval threshold of 10.080 seconds.
d588df123ac0d0ce20b112ac,cc2a1e74-06e7-4cb1-92cd-6b21a91f240f,large_gap,2026-08-07T15:33:27.635000+00:00,1411.606,warning,Interval exceeds the 5× normal-interval threshold of 10.080 seconds.
d588df123ac0d0ce20b112ac,cc2a1e74-06e7-4cb1-92cd-6b21a91f240f,large_gap,2026-08-07T15:37:28.213000+00:00,36.188,warning,Interval exceeds the 5× normal-interval threshold of 10.080 seconds.
d588df123ac0d0ce20b112ac,cc2a1e74-06e7-4cb1-92cd-6b21a91f240f,large_gap,2026-08-07T16:56:58.756000+00:00,4768.336,warning,Interval exceeds the 5× normal-interval threshold of 10.080 seconds.
d588df123ac0d0ce20b112ac,cc2a1e74-06e7-4cb1-92cd-6b21a91f240f,large_gap,2026-08-07T17:04:30.170000+00:00,242.058,warning,Interval exceeds the 5× normal-interval threshold of 10.080 seconds.
d588df123ac0d0ce20b112ac,d4a43abe-57cb-4513-b782-4b927879f358,large_gap,2026-08-03T23:34:00.553000+00:00,916.623,warning,Interval exceeds the 5× normal-interval threshold of 10.080 seconds.
d588df123ac0d0ce20b112ac,d4a43abe-57cb-4513-b782-4b927879f358,large_gap,2026-08-03T23:48:29.754000+00:00,182.428,warning,Interval exceeds the 5× normal-interval threshold of 10.080 seconds.
d588df123ac0d0ce20b112ac,d4a43abe-57cb-4513-b782-4b927879f358,large_gap,2026-08-04T00:43:01.714000+00:00,1334.96,warning,Interval exceeds the 5× normal-interval threshold of 10.080 seconds.
d588df123ac0d0ce20b112ac,d4a43abe-57cb-4513-b782-4b927879f358,large_gap,2026-08-04T00:49:58.665000+00:00,197.622,warning,Interval exceeds the 5× normal-interval threshold of 10.080 seconds.
d588df123ac0d0ce20b112ac,d4a43abe-57cb-4513-b782-4b927879f358,large_gap,2026-08-04T01:41:30.262000+00:00,2897.236,warning,Interval exceeds the 5× normal-interval threshold of 10.080 seconds.
d588df123ac0d0ce20b112ac,d4a43abe-57cb-4513-b782-4b927879f358,large_gap,2026-08-04T01:49:53.240000+00:00,502.978,warning,Interval exceeds the 5× normal-interval threshold of 10.080 seconds.
d588df123ac0d0ce20b112ac,e9728687-ec3e-4135-8582-5a86caa605eb,large_gap,2026-08-08T22:20:56.601000+00:00,43.471,warning,Interval exceeds the 5× normal-interval threshold of 10.080 seconds.
d588df123ac0d0ce20b112ac,e9728687-ec3e-4135-8582-5a86caa605eb,large_gap,2026-08-08T22:21:36.260000+00:00,39.659,warning,Interval exceeds the 5× normal-interval threshold of 10.080 seconds.
d588df123ac0d0ce20b112ac,e9728687-ec3e-4135-8582-5a86caa605eb,large_gap,2026-08-08T22:22:17.633000+00:00,41.373,warning,Interval exceeds the 5× normal-interval threshold of 10.080 seconds.
d588df123ac0d0ce20b112ac,e9728687-ec3e-4135-8582-5a86caa605eb,large_gap,2026-08-08T22:22:51.680000+00:00,34.047,warning,Interval exceeds the 5× normal-interval threshold of 10.080 seconds.
d588df123ac0d0ce20b112ac,e9728687-ec3e-4135-8582-5a86caa605eb,large_gap,2026-08-08T22:23:25.463000+00:00,33.783,warning,Interval exceeds the 5× normal-interval threshold of 10.080 seconds.
d588df123ac0d0ce20b112ac,e9728687-ec3e-4135-8582-5a86caa605eb,large_gap,2026-08-08T22:24:00.382000+00:00,34.919,warning,Interval exceeds the 5× normal-interval threshold of 10.080 seconds.
d588df123ac0d0ce20b112ac,e9728687-ec3e-4135-8582-5a86caa605eb,large_gap,2026-08-08T22:24:43.463000+00:00,43.081,warning,Interval exceeds the 5× normal-interval threshold of 10.080 seconds.
d588df123ac0d0ce20b112ac,e9728687-ec3e-4135-8582-5a86caa605eb,large_gap,2026-08-08T22:25:21.623000+00:00,38.16,warning,Interval exceeds the 5× normal-interval threshold of 10.080 seconds.
d588df123ac0d0ce20b112ac,e9728687-ec3e-4135-8582-5a86caa605eb,large_gap,2026-08-08T22:25:59.122000+00:00,37.499,warning,Interval exceeds the 5× normal-interval threshold of 10.080 seconds.
d588df123ac0d0ce20b112ac,e9728687-ec3e-4135-8582-5a86caa605eb,large_gap,2026-08-08T22:26:39.022000+00:00,39.9,warning,Interval exceeds the 5× normal-interval threshold of 10.080 seconds.
d588df123ac0d0ce20b112ac,e9728687-ec3e-4135-8582-5a86caa605eb,large_gap,2026-08-08T22:27:21.350000+00:00,42.328,warning,Interval exceeds the 5× normal-interval threshold of 10.080 seconds.
d588df123ac0d0ce20b112ac,e9728687-ec3e-4135-8582-5a86caa605eb,large_gap,2026-08-08T22:27:58.821000+00:00,37.471,warning,Interval exceeds the 5× normal-interval threshold of 10.080 seconds.
d588df123ac0d0ce20b112ac,e9728687-ec3e-4135-8582-5a86caa605eb,large_gap,2026-08-08T22:28:43.671000+00:00,44.85,warning,Interval exceeds the 5× normal-interval threshold of 10.080 seconds.
d588df123ac0d0ce20b112ac,e9728687-ec3e-4135-8582-5a86caa605eb,large_gap,2026-08-08T22:29:25.551000+00:00,41.88,warning,Interval exceeds the 5× normal-interval threshold of 10.080 seconds.
d588df123ac0d0ce20b112ac,e9728687-ec3e-4135-8582-5a86caa605eb,large_gap,2026-08-08T22:29:38.318000+00:00,12.767,warning,Interval exceeds the 5× normal-interval threshold of 10.080 seconds.
d588df123ac0d0ce20b112ac,e9728687-ec3e-4135-8582-5a86caa605eb,large_gap,2026-08-08T22:29:54.938000+00:00,16.62,warning,Interval exceeds the 5× normal-interval threshold of 10.080 seconds.
d588df123ac0d0ce20b112ac,ea135741-be28-4194-9093-62c736a22b9a,large_gap,2026-08-04T02:22:14.585000+00:00,1675.68,warning,Interval exceeds the 5× normal-interval threshold of 10.080 seconds.
d588df123ac0d0ce20b112ac,ea135741-be28-4194-9093-62c736a22b9a,large_gap,2026-08-04T02:23:25.045000+00:00,67.964,warning,Interval exceeds the 5× normal-interval threshold of 10.080 seconds.
d588df123ac0d0ce20b112ac,f630b56e-4353-401a-bf40-5ed332d157f9,large_gap,2026-08-05T23:42:55.482000+00:00,198.076,warning,Interval exceeds the 5× normal-interval threshold of 10.080 seconds.
d588df123ac0d0ce20b112ac,f630b56e-4353-401a-bf40-5ed332d157f9,large_gap,2026-08-05T23:46:03.087000+00:00,11.925,warning,Interval exceeds the 5× normal-interval threshold of 10.080 seconds.
d588df123ac0d0ce20b112ac,f630b56e-4353-401a-bf40-5ed332d157f9,large_gap,2026-08-05T23:46:46.827000+00:00,43.74,warning,Interval exceeds the 5× normal-interval threshold of 10.080 seconds.
d588df123ac0d0ce20b112ac,f7916592-eda5-4dcd-bc07-915466c4d513,large_gap,2026-08-07T17:12:34.302000+00:00,178.576,warning,Interval exceeds the 5× normal-interval threshold of 10.080 seconds.
d588df123ac0d0ce20b112ac,f7916592-eda5-4dcd-bc07-915466c4d513,large_gap,2026-08-07T17:19:28.105000+00:00,232.117,warning,Interval exceeds the 5× normal-interval threshold of 10.080 seconds.
d588df123ac0d0ce20b112ac,f7916592-eda5-4dcd-bc07-915466c4d513,large_gap,2026-08-07T17:49:44.774000+00:00,1608.733,warning,Interval exceeds the 5× normal-interval threshold of 10.080 seconds.
d588df123ac0d0ce20b112ac,f7916592-eda5-4dcd-bc07-915466c4d513,large_gap,2026-08-07T17:54:40.951000+00:00,108.995,warning,Interval exceeds the 5× normal-interval threshold of 10.080 seconds.
d588df123ac0d0ce20b112ac,f7916592-eda5-4dcd-bc07-915466c4d513,large_gap,2026-08-07T17:56:09.359000+00:00,88.408,warning,Interval exceeds the 5× normal-interval threshold of 10.080 seconds.
d588df123ac0d0ce20b112ac,f7916592-eda5-4dcd-bc07-915466c4d513,large_gap,2026-08-07T18:27:21.293000+00:00,1871.934,warning,Interval exceeds the 5× normal-interval threshold of 10.080 seconds.
d588df123ac0d0ce20b112ac,f7916592-eda5-4dcd-bc07-915466c4d513,large_gap,2026-08-07T18:27:40.597000+00:00,15.445,warning,Interval exceeds the 5× normal-interval threshold of 10.080 seconds.
d588df123ac0d0ce20b112ac,f7916592-eda5-4dcd-bc07-915466c4d513,large_gap,2026-08-07T18:28:03.451000+00:00,17.824,warning,Interval exceeds the 5× normal-interval threshold of 10.080 seconds.
